{
	"@metadata": {
		"authors": [
			"Абухба Андрей",
			"Андрей"
		]
	},
	"Games.name": "Blockly Ахәмаррақәа",
	"Games.puzzle": "Ахыҧҽыга",
	"Games.maze": "Алабиринт",
	"Games.bird": "Аҵыс",
	"Games.turtle": "Акәуа",
	"Games.movie": "Афильм",
	"Games.music": "Амузыка",
	"Games.pondTutor": "Аӡҭачы Tutor",
	"Games.pond": "Аӡҭачы",
	"Games.genetics": "Агенетика",
	"Games.nextLevel": "Шәара шәазыхиоума %1 аҩаӡара?",
	"Games.linkTooltip": "Еиқәырхатәуп иагьаарҧштәуп аблокқәа рахь азхьарҧш.",
	"Games.runTooltip": "Идәықәҵа еиқәуршәаз апрограмма",
	"Games.runProgram": "Идәықәҵатәуп апрограмма",
	"Games.resetProgram": "Иқәгатәуп",
	"Games.help": "Ацхыраара",
	"Games.dialogOk": "OK",
	"Games.dialogCancel": "Аҟәыхра",
	"Games.catLogic": "Алогика",
	"Games.catLoops": "Ациклқәа",
	"Games.catMath": "Аматематика",
	"Games.catText": "Атеқст",
	"Games.catLists": "Ахьӡынҵақәа",
	"Games.catColour": "Аҧштәы",
	"Games.catVariables": "Аҽеиҭакқәа",
	"Games.catProcedures": "Афункциақәа",
	"Games.listVariable": "ахьӡынҵа",
	"Games.textVariable": "Атеқст",
	"Games.blocks": "Аблокқәа",
	"Games.congratulations": "Ишәыдаҳныҳәалоит!",
	"Index.clear": "Иныхәтәума аҳасабрақәа зегьы?",
	"Index.startOver": "Ишәҭахәума ҿыц алагара?",
	"Index.clearData": "Ианыхтәуп адырқәа",
	"Puzzle.animal1": "Акәата",
	"Puzzle.animal1Trait2": "аҧсаатә аҧынҵа",
	"Puzzle.animal1HelpUrl": "https://ru.wikipedia.org/wiki/Акәата",
	"Puzzle.animal2": "Ацгәы",
	"Puzzle.animal2Trait1": "Аҧаҵақәа",
	"Puzzle.animal2HelpUrl": "https://ru.wikipedia.org/wiki/Ацгәы",
	"Puzzle.animal3": "Ашьхымӡа",
	"Puzzle.animal3Trait1": "Ацха",
	"Puzzle.animal3HelpUrl": "https://ru.wikipedia.org/wiki/Ашьхыц",
	"Puzzle.animal4": "Акамыршша",
	"Puzzle.animal4Trait1": "Аракушка",
	"Puzzle.animal4HelpUrl": "https://ru.wikipedia.org/wiki/Акамыршша",
	"Puzzle.picture": "асахьа:",
	"Puzzle.legs": "ашьапқәа:",
	"Puzzle.legsChoose": "иалышәх...",
	"Puzzle.traits": "аҷыдарақәа:",
	"Puzzle.error0": "Ибзиоуп!\nАблокқәа (%1) зегьы иахьрыхәҭоу иргылоуп.",
	"Puzzle.error1": "Хәыҷык агуп! Блокк ахьгыло аҭыҧ иашаӡам.",
	"Puzzle.error2": "Аблокқәа (%1) ҧыҭк иахьрыхәҭоу иргылам.",
	"Puzzle.tryAgain": "Иалкаау аблок иахьгыло аҭыҧ иашаӡам.",
	"Puzzle.checkAnswers": "Игәаҭатәуп Алҵшәа",
	"Maze.moveForward": "ицатәуп ҧхьаҟа",
	"Maze.turnLeft": "иргежьтәуп армарахь",
	"Maze.turnRight": "игьежьтәуп арӷьарахь",
	"Maze.doCode": "инагӡатәуп",
	"Maze.elseCode": "акәымзар",
	"Maze.pathAhead": "амҩа аҧхьаҟа иҟазар",
	"Maze.pathLeft": "амҩа армарахь иҟазар",
	"Maze.pathRight": "амҩа арӷьарахь иҟазар",
	"Maze.repeatUntil": "инагӡалатәуп акәымзар",
	"Maze.turnTooltip": "Дыргьежьтәуп аныҟәаҩ 90 градус рыла армарахь ма арӷьарахь.",
	"Maze.capacity0": "Шәара ишәзынхеит %0 блокк.",
	"Maze.capacity1": "Шәара ишәзынхеит аблокқәа %1.",
	"Maze.capacity2": "Шәара ишәзынхеит аблокқәа %2.",
	"Maze.runTooltip": "Аныҟәаҩ иҟаиҵоит аблокқәа иарҳәо зегьы",
	"Maze.resetTooltip": "Дырхынҳәтәуп аныҟәаҩ алибиринт алагамҭахь.",
	"Bird.noWorm": "ахәаҷа кӡам",
	"Bird.heading": "ахырхарҭа",
	"Bird.helpMutator": "Ииага аблок \"акәымзар\" аблок \"акәзар\" ахь.",
	"Turtle.turnRight": "игьежьтәуп арӷьарахь ала",
	"Turtle.turnLeft": "иргежьтәуп армарахь ала",
	"Turtle.colourTooltip": "Иаҧсахуеит акалам аҧштәы",
	"Turtle.setColour": "иқәыргылатәуп аҧштәы",
	"Turtle.penUp": "акалам иҩахатәуп",
	"Turtle.penDown": "акалам лашьҭтәуп",
	"Turtle.hideTurtle": "иҵәахтәуп акәуа",
	"Turtle.showTurtle": "иаарҧштәуп акәуа",
	"Turtle.print": "икьыҧхьтәуп",
	"Turtle.fontHelpUrl": "https://ru.wikipedia.org/wiki/Ашрифт",
	"Turtle.font": "Ашрифт",
	"Turtle.fontSize": "ашрифт ашәагаа",
	"Turtle.fontNormal": "иаабац",
	"Turtle.fontBold": "ижәпоу",
	"Turtle.fontItalic": "акурсив",
	"Turtle.galleryTooltip": "Иаанартуеит асахьақәа ргалереиа Reddit аҟны.",
	"Turtle.galleryMsg": "шәахәаҧш Агалереиа",
	"Turtle.submitTooltip": "Иҭагалатәуп асахьа Reddit аҟынтәи.",
	"Turtle.submitMsg": "Иҭагалатәуп Агалереиахь",
	"Turtle.helpText1": "Иаҧҵа апрограмма, аквадрат асахьа ҭызхуа.",
	"Turtle.helpText3b": "Иҭышәх аеҵәа ҩежь.",
	"Turtle.helpToolbox": "Иалышәх агәыҧ, аблокқәа шәбарцаз.",
	"Movie.x": "x",
	"Movie.y": "y",
	"Movie.x1": "алагамҭатә х",
	"Movie.y1": "алагамҭатә у",
	"Movie.x2": "аҵыхәтәантәи х",
	"Movie.y2": "аҵыхәтәантәи у",
	"Movie.radius": "Арадиус",
	"Movie.width": "аура",
	"Movie.height": "аҭбаара",
	"Movie.circleDraw": "агьежь",
	"Movie.rectDraw": "акәакьҭаиаша",
	"Movie.lineDraw": "аҵәаӷәа",
	"Movie.timeTooltip": "Иҳанаҭоит уажәтәи аамҭа афильм(0-100) аҟны.",
	"Movie.colourTooltip": "Иаҧсахуеит акалам аҧштәы",
	"Movie.setColour": "иқәыргылатәуп аҧштәы",
	"Movie.galleryMsg": "шәахәаҧш Агалереиа",
	"Movie.submitTooltip": "Иҭагалатәуп шәфильм Reddit ахь.",
	"Movie.submitMsg": "Иҭагалатәуп Агалереиахь",
	"Music.piano": "апианино",
	"Music.trumpet": "атруба",
	"Music.banjo": "банджо",
	"Music.violin": "аҧхьарца",
	"Music.guitar": "агитара",
	"Music.flute": "афлеита",
	"Music.drum": "адаул",
	"Music.choir": "ахор",
	"Pond.documentation": "Адокументация",
	"Pond.playerName": "Аплеер",
	"Pond.targetName": "Ахықәкы",
	"Pond.pendulumName": "Азаза",
	"Pond.scaredName": "Иршәоу",
	"Pond.rabbitName": "Ажьа",
	"Pond.counterName": "Аҧхьаӡага",
	"Pond.rookName": "Ашулер",
	"Pond.sniperName": "Аснаипер"
}
