{
	"@metadata": {
		"authors": [
			"Ayie7791"
		]
	},
	"Games.linkTooltip": "Keubah ngon neupawôt keu theun",
	"Games.runProgram": "Peujak program",
	"Games.resetProgram": "Atô keulayi",
	"Games.dialogOk": "Ka got",
	"Games.dialogCancel": "Peubateuë",
	"Games.catLogic": "Logis",
	"Games.catLoops": "Kuwien",
	"Games.catMath": "Matematik",
	"Games.catText": "Haraih",
	"Games.catLists": "Dapeuta",
	"Games.catColour": "Wareuna",
	"Games.catVariables": "Meumacam",
	"Games.catProcedures": "Prosedur",
	"Games.httpRequestError": "Na masalah lam neumeulakèe",
	"Games.linkAlert": "Neubagi seuneutheun droëneuh ngon peunawôt nyoë: %1",
	"Games.hashError": "Meu'ah, '%1' hana saban sakri ngon peuë mantong program nyang meukeubah",
	"Games.xmlError": "Beureukaih keuneubah droëneuh han jeuët geupasoë. Kadang na neupeugot ngon versi seuneutheun yang la'én",
	"Games.listVariable": "dapeuta",
	"Games.textVariable": "haraih",
	"Games.puzzle": "Hiëm",
	"Games.maze": "Pageuë peusisat",
	"Maze.moveForward": "ba ukeuë",
	"Maze.turnLeft": "Puta wië",
	"Maze.turnRight": "puta uneun",
	"Maze.doCode": "peubuët",
	"Maze.elseCode": "meunghan",
	"Maze.helpIfElse": "Meunyoë-la'én block ka neupeugot saboh hai atawa la'én",
	"Maze.pathAhead": "meunyoë na leupah ukeuë",
	"Maze.pathLeft": "meunyoë na leupah uwië",
	"Maze.pathRight": "meunyoë na leupah u uneun",
	"Maze.repeatUntil": "neuulang sampoë",
	"Maze.moveForwardTooltip": "Pinah ureuëng meu'èn saboh kutak ukeuë.",
	"Maze.turnTooltip": "Peulingka ureuëng meu'en 90 derjat u wië atawa uneun.",
	"Puzzle.legsChoose": "piléh",
	"Puzzle.error0": "samporeuna!\nBanmandum % 1 blok ka beutôi.",
	"Puzzle.error1": "Bacut teuk! Saboh blok hana beutôi",
	"Puzzle.error2": "% 1 blok hana beutôi.",
	"Puzzle.tryAgain": "Blok nyang geupeuleumah hana beutôi. Neucuba lom.",
	"Puzzle.checkAnswers": "Pareksa jeunaweueb",
	"Turtle.moveForward": "ba ukeuë",
	"Turtle.moveBackward": "ba u likot"
}
