{
	"@metadata": {
		"authors": [
			"Hileamlak",
			"Markos",
			"Andemta"
		]
	},
	"Games.name": "የብሎክሊ ጨዋታዎች",
	"Games.puzzle": "እንቆቅልሽ",
	"Games.maze": "የመንገድ ፍለጋ ጨዋታ",
	"Games.bird": "ወፍ",
	"Games.turtle": "ኤሊ",
	"Games.movie": "ፊልም",
	"Games.music": "ሙዚቃ",
	"Games.pondTutor": "የኩሬ መለማመጃ",
	"Games.pond": "የኩሬ ጨዋታ",
	"Games.linesOfCode1": "ይህን ደረጃ በ1 የጃቫስክሪፕት መስመር ፈትተዋል",
	"Games.linesOfCode2": "ይህን ደረጃ በ%1 የጃቫስክሪፕት መስመሮች ፈትተዋል",
	"Games.nextLevel": "ለደረጃ %1 ዝግጁ ነዎት?",
	"Games.finalLevel": "ለሚቀጥለው ፈተና ዝግጁ ነዎት?",
	"Games.submitTitle": "አርዕስት",
	"Games.linkTooltip": "ብሎኮች ያስቀምጡ እና መስፈንጠሪያ ያግኙ",
	"Games.runTooltip": "የጻፉትን ፕሮግራም ያሂዱ",
	"Games.runProgram": "ፕሮግራም ያሂዱ",
	"Games.resetTooltip": "ፕሮግራሙን ያቁሙና ደረጃውን እንደገና ያስጀምሩ",
	"Games.resetProgram": "ዳግም ይጀመር",
	"Games.help": "እርዳታ",
	"Games.dialogOk": "እሺ",
	"Games.dialogCancel": "ይቅር",
	"Games.catLogic": "የሁኔታዊ መገንቢያ ብሎኮች",
	"Games.catLoops": "የዙሮች መገንቢያ ብሎኮች",
	"Games.catMath": "የሂሳብ መገንቢያ ብሎኮች",
	"Games.catText": "የጽሕፈት መገንቢያ ብሎኮች",
	"Games.catLists": "የዝርዝር መገንቢያ ብሎኮች",
	"Games.catColour": "የቀለም መገንቢያ ብሎኮች",
	"Games.catVariables": "የተላውጠ ቃላት መገንቢያ ብሎኮች",
	"Games.catProcedures": "የመላዎች መገንቢያ ብሎኮች",
	"Games.httpRequestError": "ማግኘት አልተቻለም",
	"Games.linkAlert": "ብሎኮቹን በዚህ መስፈንጠርያ አጋሩ:\n\n%1",
	"Games.hashError": "ይቅርታ ፣ '%1' ከማንኛውም የተቀመጠ ፕሮግራም ጋር አይጣጣምም",
	"Games.xmlError": "የተቀመጠ ፋይልዎን መጫን አልተቻለም። ምናልባትም በልዩ የ ብሎኪ ስሪት ተፈጠረ ይሆን?",
	"Games.submitted": "ለዚህ ፕሮግራም እናመሰግናለን! የሰለጠኑ ጦጣዎች ሰራተኞቻችን ከወደዱት በጥቂት ቀናት ጊዜ ውስጥ ያትሙታል",
	"Games.listVariable": "ዝርዝር",
	"Games.textVariable": "ጽሕፈት",
	"Games.breakLink": "አንድ ጊዜ ጃቫስክሪፕትን ማስተካከል ከጀመሩ ፣ ወደ ብሎኮች መመለስ አይችሉም ፡፡ ይሁን?",
	"Games.blocks": "ብሎኮች",
	"Games.congratulations": "እንኳን ደስ አለዎት!",
	"Games.helpAbort": "ይህ ደረጃ እጅግ በጣም ከባድ ነው፡፡ ዘለው ወደሚቀጥለው ጨዋታ መሄድ ይፈልጋሉ? በኋላ በማንኛውም ጊዜ ተመልሰው መምጣት ይችላሉ።",
	"Index.clear": "ሁሉንም መፍትሔዎችዎን ይሰረዙ?",
	"Index.subTitle": "ለነገዎቹ ቀማሪዎች የተቀመሙ ጨዋታዎች",
	"Index.moreInfo": "ለአስተማሪዎች መረጃ ...",
	"Index.startOver": "እንደገና መጀመር ይፈልጋሉ?",
	"Index.clearData": "መረጃ ያፅዱ",
	"Puzzle.animal1": "ዳክዬ",
	"Puzzle.animal1Trait1": "ላባዎች ያሉት",
	"Puzzle.animal1Trait2": "ማንቁርት ያለው",
	"Puzzle.animal1HelpUrl": "https://en.wikipedia.org/wiki/Duck",
	"Puzzle.animal2": "ድመት",
	"Puzzle.animal2Trait1": "ጢም ያለው",
	"Puzzle.animal2Trait2": "ፀጉር ያላት",
	"Puzzle.animal2HelpUrl": "https://en.wikipedia.org/wiki/Cat",
	"Puzzle.animal3": "ንብ",
	"Puzzle.animal3Trait1": "ማር የምትሰጥ",
	"Puzzle.animal3Trait2": "መናደፊያ ያላት",
	"Puzzle.animal3HelpUrl": "https://en.wikipedia.org/wiki/Bee",
	"Puzzle.animal4": "ቀንድ አውጣ",
	"Puzzle.animal4Trait1": "ሼል ያለው",
	"Puzzle.animal4Trait2": "የሰውነት ፈሳሽ ያለው",
	"Puzzle.animal4HelpUrl": "https://en.wikipedia.org/wiki/Snail",
	"Puzzle.picture": "ስዕል:",
	"Puzzle.legs": "እግሮች:",
	"Puzzle.legsChoose": "ይምረጡ...",
	"Puzzle.traits": "ባህሪያት:",
	"Puzzle.error0": "ድንቅ ነው!\nሁሉም %1 ብሎኮች ትክክል ናቸው።",
	"Puzzle.error1": "ደርሰዋል! አንድ ብሎክ ብቻ የተሳሳተ ነው ፡፡",
	"Puzzle.error2": "%1 ብሎኮች ትክክል አይደሉም ፡፡",
	"Puzzle.tryAgain": "የደመቀው ብሎክ ትክክል አይደለም ፡፡\nመሞከርዎን አያቋርጡ！",
	"Puzzle.checkAnswers": "መልሶችን ይመልከቱ",
	"Puzzle.helpText": "ለእያንዳንዱ እንስሳ (አረንጓዴ) ስዕሉን ያያይዙ ፣ የእግሮቹን ብዛት ይምረጡ እና የባህሪያቱን አይነት መርጠው በመደርደር ያብጁት",
	"Maze.moveForward": "ወደፊት ሂድ",
	"Maze.turnLeft": "ታጠፍ ወደግራ",
	"Maze.turnRight": "ታጠፍ ወደቀኝ",
	"Maze.doCode": "አድርግ",
	"Maze.elseCode": "ካልሆነ",
	"Maze.helpIfElse": "የ ከሆነ-ካልሆነ ብሎኮች ተፈታኝ ብሎኩ ከሆነ የመጀመሪያውን ካልሆነ ደግሞ ሌላውን ለሚያሰናደር ይረዳሉ",
	"Maze.pathAhead": "መንገድ ካለ ወደፊት",
	"Maze.pathLeft": "መንገድ ካለ በስተግራ",
	"Maze.pathRight": "መንገድ ካለ በስተቀኝ",
	"Maze.repeatUntil": "እስከዚህ ድረስ ደጋግም",
	"Maze.moveForwardTooltip": "ይሄ ተጫዋቹን አንድ እርምጃ ወደ ፊት ይወስደዋል",
	"Maze.turnTooltip": "ይሄ ተጫዋቹን ወደ ግራ ወይንም ወደቀኝ በ 90 ዲግሪዋች ያሳጥፈዋል",
	"Maze.ifTooltip": "በተጠቀሰው አቅጣጫ መንገድ ካለ የሆነ እርምጃ ይውሰዱ",
	"Maze.ifelseTooltip": "በተጠቀሰው አቅጣጫ አንድ መንገድ ካለ ፣ የመጀመሪያዎቹን ብሎክ ድርጊቶች ያከናውን። ያለበለዚያ ፣ የሁለተኛውን ብሎክ ድርጊቶች ያከናውን።",
	"Maze.whileTooltip": "የመጨረሻው ነጥብ ላይ እስከሚደርስ ድረስ ድርጊቶችን ይደጋግሙ ፡፡",
	"Maze.capacity0": "የቀሩትዎት ብሎኮች %0 ናቸው፡፡",
	"Maze.capacity1": "የቀሩትዎት ብሎኮች %1 ናቸው፡፡",
	"Maze.capacity2": "የቀሩትዎት ብሎኮች %2 ናቸው፡፡",
	"Maze.runTooltip": "ይህን ቁልፍ መጫን የተፃፈውን የኮምፒተር ፕሮግራም ያሂዳል።",
	"Maze.resetTooltip": "ይህን ቁልፍ በመጫን ተጫዋቹን ወደ ጀመረበት ቦታ ይመልሱ።",
	"Maze.helpStack": "\"ወደፊት\" ብሎኮችን በአንድ ላይ በመቀጣጠል ወደ መጨረሻው ግብ አድርሰኝ",
	"Maze.helpOneTopBlock": "በዚህ ደረጃ ፣ ሁሉንም ብሎኮች በአንድ ላይ በነጭ የሥራ ቦታ ላይ ቀጣጥሎ መደርደር ያስፈልግዎታል ፡፡",
	"Maze.helpRun": "ምን እንደሚከሰት ለማየት ፕሮግራምዎን ያሂዱ።",
	"Maze.helpReset": "የገነቡት ፕሮግራም ከግብ የሚደርስ አልሆነም፡፡ ‹ዳግም አስጀምር› ን ተጭነው እንደገና ይሞክሩ፡፡",
	"Maze.helpRepeat": "ሁለት ብሎኮችን ብቻ በመጠቀም የዚህን መንገድ መጨረሻ ይድረሱ ፡፡ ከአንድ ጊዜ በላይ ብሎክን ለማሄድ 'ድገም' ን ይጠቀሙ ፡፡",
	"Maze.helpCapacity": "ለዚህ ደረጃ ሁሉንም ብሎኮች ተጠቅመዋል ፡፡ አዲስ ብሎክ ለመፍጠር በመጀመሪያ አንድ ብሎክ መሰረዝ ያስፈልግዎታል ፡፡",
	"Maze.helpRepeatMany": "ከአንድ በላይ ብሎኮችን በ'ድገም' ብሎክ ውስት ማገጣጠም ይችላሉ ፡፡",
	"Maze.helpSkins": "ከዚህ ምናሌ ውስጥ ተወዳጅ ተጫዋችዎን ይምረጡ።",
	"Maze.helpIf": "የ'ቢሆን' ብሎክ አንድ ነገር የሚያከናው ሁኔታው እውነት ከሆነ ብቻ ነው ፡፡ ወደ ግራ የሚወስደ መንገድ ካለ ወደ ግራ ለመሄድ ይሞክሩ ፡፡",
	"Maze.helpMenu": "ሁኔታውን ለመቀየር በ 'ቢሆን' ብሎኩ ላይ %1 ን ጠቅ ያድርጉ ፡፡",
	"Maze.helpWallFollow": "ይህንን የተወሳሰበ መንገድ አልፈው ግብ ላይ መድረስ ይችላሉ? የግራ ግድግዳውን ለመከተል ይሞክሩ። የላቀ ችሎታ ላላቸው ቀማሪዎች ብቻ!",
	"Bird.noWorm": "ትል የሌላት",
	"Bird.heading": "አቅጣጫ",
	"Bird.noWormTooltip": "ወፏ ትል ሳታገኝ ስትቀር ያለው ሁኔታ",
	"Bird.headingTooltip": "የተሰጠው አንግል አቅጣጫ ይጠቀሙ: 0 ወደ ቀኝ ነው፣ 90 ቀጥታ ነው ወዘተ",
	"Bird.positionTooltip": "x እና y የወፏን አቀማመጥ ያመለክታሉ፡፡ X = 0 ወፏ ከግራ ጠርዝ አጠገብ ስትሆን ሲሆን በቀኝ ጠርዝ አጠገብ ስትገኝ x = 100 ነው ፡፡ Y = 0 ወፏ ከስር ስትሆን ሲሆን ፣ y = 100 ወፏ ከአናት ላይ ስትደርስ ነው ፡፡",
	"Bird.helpHeading": "ወፏ ምግቧ የሆነውን ትል ይዛ ወደ ጎጆዋ ውስጥ እንድትገባ ለማድረግ አቅጣጫ ይለውጡ ፡፡",
	"Turtle.colourTooltip": "የብዕሩን ቀለም ይለውጣል።",
	"Turtle.setColour": "ቀለም ይለውጡ ወደ"
}
