{
	"@metadata": {
		"authors": [
			"Crucifunked"
		]
	},
	"Games.name": "Blockly games",
	"Games.puzzle": "Rompecabeces",
	"Games.maze": "Llaberintu",
	"Games.bird": "Páxaru",
	"Games.turtle": "Tortuga",
	"Games.movie": "Película",
	"Games.pondTutor": "Tutor del estanque",
	"Games.pond": "Estanque",
	"Games.linesOfCode1": "Resolvisti esti nivel con 1 llinia de JavaScript:",
	"Games.linesOfCode2": "Resollvisti esti nivel con %1 llinies de JavaScript",
	"Games.nextLevel": "¿Tas llistu/a pal nivel %1?",
	"Games.finalLevel": "¿Tas llistu/a pal viniente nivel?",
	"Games.linkTooltip": "Guardar y enllazar a los bloques.",
	"Games.runTooltip": "Executar el programa qu'escribisti.",
	"Games.runProgram": "Executar el programa",
	"Games.resetTooltip": "Detener el programa y restablecer el nivel.",
	"Games.resetProgram": "Reaniciar",
	"Games.help": "Ayuda",
	"Games.dialogOk": "Aceutar",
	"Games.dialogCancel": "Encaboxar",
	"Games.catLogic": "Lóxica",
	"Games.catLoops": "Bucles",
	"Games.catMath": "Matemátiques",
	"Games.catText": "Testu",
	"Games.catLists": "Llistes",
	"Games.catColour": "Color",
	"Games.catVariables": "Variables",
	"Games.catProcedures": "Funciones",
	"Games.httpRequestError": "Hubo un problema col pidimientu.",
	"Games.linkAlert": "Comparti los tos bloques con esti enllaz:\n\n%1",
	"Games.hashError": "Sentímoslo, '%1' nun correspuende con nengún programa guardáu.",
	"Games.xmlError": "Nun pudo cargase l'archivu guardáu.\n¿Quiciabes foi creáu con otra versión de Blockyl?",
	"Games.listVariable": "Llista",
	"Games.textVariable": "Testu",
	"Games.blocks": "Bloques",
	"Games.congratulations": "¡Norabona!",
	"Games.helpAbort": "Esti nivel ye desaxeradamente difícil. ¿Deseyes saltealu y dir al siguiente nivel? Siempres puedes tornar más palantre.",
	"Index.clear": "¿Borrar toles tos soluciones?",
	"Index.subTitle": "Xuegos pa los programadores del futuru.",
	"Index.moreInfo": "Más información...",
	"Index.startOver": "¿Quies entamar de nueves?",
	"Index.clearData": "Borrar datos",
	"Puzzle.animal1": "Coríu",
	"Puzzle.animal1Trait1": "Plumes",
	"Puzzle.animal1Trait2": "Picu",
	"Puzzle.animal1HelpUrl": "https://ast.wikipedia.org/wiki/Cor%C3%ADu",
	"Puzzle.animal2": "Gatu",
	"Puzzle.animal2Trait1": "Bigotes",
	"Puzzle.animal2Trait2": "Pelame",
	"Puzzle.animal2HelpUrl": "https://ast.wikipedia.org/wiki/Gatu",
	"Puzzle.animal3": "Abeya",
	"Puzzle.animal3Trait1": "Miel",
	"Puzzle.animal3Trait2": "Aguiyón",
	"Puzzle.animal3HelpUrl": "https://ast.wikipedia.org/wiki/Abeya",
	"Puzzle.animal4": "Cascoxu",
	"Puzzle.animal4Trait1": "Cascu",
	"Puzzle.animal4Trait2": "Baba",
	"Puzzle.animal4HelpUrl": "https://en.wikipedia.org/wiki/Snail",
	"Puzzle.picture": "semeya:",
	"Puzzle.legs": "pates:",
	"Puzzle.legsChoose": "escueye...",
	"Puzzle.traits": "traces:",
	"Puzzle.error0": "¡Perfeutu!\nLos %1 bloques tán bien asitiaos.",
	"Puzzle.error1": "¡Casi! Un bloque ta mal asitiáu.",
	"Puzzle.error2": "%1 bloques tán mal asitiaos.",
	"Puzzle.tryAgain": "El bloque destacáu ta mal asitiáu.\nSigui tentando.",
	"Puzzle.checkAnswers": "Comprobar les respuestes",
	"Puzzle.helpText": "Pa cada animal (verde), axunta la so semeya, escueye la cantidá de pates y llista les sos traces.",
	"Maze.moveForward": "avanzar",
	"Maze.turnLeft": "xirar a la esquierda",
	"Maze.turnRight": "xirar a la drecha",
	"Maze.doCode": "faer",
	"Maze.elseCode": "sinón",
	"Maze.helpIfElse": "Los bloques 'si-sinón' faen una cosa o la otra",
	"Maze.pathAhead": "si hai camín enfrente",
	"Maze.pathLeft": "si hai camín a la esquierda",
	"Maze.pathRight": "si hai camín a la drecha",
	"Maze.repeatUntil": "repitir fasta",
	"Maze.moveForwardTooltip": "Muevi al xugador un cuadru p'alantre.",
	"Maze.turnTooltip": "Xira al xugador a esquierda o drecha 90 graos.",
	"Maze.ifTooltip": "Si hai un camín na direición especificada, entós executa unes aiciones.",
	"Maze.ifelseTooltip": "Si hai un camín na direición especificada, entós executa'l primer bloque d'aiciones. Sinón, executa'l segundu bloque d'aiciones.",
	"Maze.whileTooltip": "Repiti les aiciones conteníes fasta algamar el puntu final.",
	"Maze.capacity0": "Quédente %0 bloques.",
	"Maze.capacity1": "Quédate %1 bloque.",
	"Maze.capacity2": "Quédente %2 bloques.",
	"Maze.runTooltip": "Fai que'l xugador faiga lo que dicen los bloques.",
	"Maze.resetTooltip": "Llevar al xugador al empiezu'l llaberintu.",
	"Maze.helpStack": "Xune un par de bloques 'avanzar' p'ayudame algamar la meta.",
	"Maze.helpOneTopBlock": "Nesti nivel precises xunir todos los bloques nel espaciu de trabay blancu.",
	"Maze.helpRun": "Executa'l to programa pa ver qué pasa.",
	"Maze.helpReset": "El to programa nun resolvió'l llaberintu. Prima 'Reaniciar' y tenta otra vegada.",
	"Maze.helpRepeat": "Algama'l final d'esti camín usando sólo dos bloques. Usa 'repitir' pa executar un bloque mas d'una vegada.",
	"Maze.helpCapacity": "Usasti tolos bloques pa esti nivel. Pa crear un bloque nuevu tienes de desaniciar un bloque esistente.",
	"Bird.heading": "Cabecera",
	"Bird.noWormTooltip": "La condición cuandu'l páxari nun consiguió'l vierme.",
	"Movie.x": "x",
	"Movie.y": "y",
	"Movie.x1": "entamu x",
	"Movie.y1": "entamu y",
	"Movie.x2": "final x",
	"Movie.y2": "final y",
	"Movie.radius": "radiu",
	"Movie.width": "anchor",
	"Movie.height": "altor",
	"Movie.circleDraw": "círculu",
	"Movie.rectDraw": "rectángulu",
	"Movie.lineDraw": "llinia",
	"Movie.setColour": "Establecer color a",
	"Movie.galleryMsg": "Ver galería",
	"Pond.documentation": "Documentación",
	"Pond.playerName": "Xugador",
	"Pond.targetName": "Oxetivu",
	"Pond.pendulumName": "Pendilexu",
	"Pond.scaredName": "Asustáu",
	"Pond.rabbitName": "Coneyu",
	"Pond.counterName": "Contador",
	"Pond.rookName": "Torre",
	"Pond.sniperName": "Francotirador"
}
