{
	"@metadata": {
		"authors": [
			"Cekli829",
			"Khan27",
			"Mushviq Abdulla",
			"Wertuose",
			"AZISS",
			"Adil"
		]
	},
	"Games.name": "Blockly Oyunu",
	"Games.puzzle": "Tapmaca",
	"Games.maze": "Labirint",
	"Games.bird": "Quş",
	"Games.turtle": "Tısbağa",
	"Games.movie": "Hərəkət",
	"Games.music": "Musiqi",
	"Games.pondTutor": "Tutor Gölməçəsi",
	"Games.pond": "Gölməçə",
	"Games.genetics": "Genetik",
	"Games.linesOfCode1": "Sən bu mərhələni  bir sətirlik JavaScript-də həll etdin:",
	"Games.linesOfCode2": "Sən bu mərhələni  %1 sətirlik JavaScript-də həll etdin:",
	"Games.nextLevel": "Sən  %1 mərhələyə hazırsan?",
	"Games.finalLevel": "Sən  növbəti sınağa hazırsan?",
	"Games.submitTitle": "Başlıq:",
	"Games.linkTooltip": "Bloklara istinadı göstərmək və yaddaşa saxlamaq.",
	"Games.runTooltip": "Sənin yaratdığın proqramı icrasına başla.",
	"Games.runProgram": "Proqramı İcra Et",
	"Games.resetTooltip": "Proqramı dayandır və mərhələni sıfırla.",
	"Games.resetProgram": "Sıfırla",
	"Games.help": "Kömək",
	"Games.dialogOk": "TAMAM",
	"Games.dialogCancel": "Ləğv et",
	"Games.catLogic": "Məntiq",
	"Games.catLoops": "Dövrə",
	"Games.catMath": "Riyazi",
	"Games.catText": "Mətn",
	"Games.catLists": "Siyahılar",
	"Games.catColour": "Rəng",
	"Games.catVariables": "Dəyişənlər",
	"Games.catProcedures": "Funksiyalar",
	"Games.httpRequestError": "Sorğu ilə əlaqəli problem var.",
	"Games.linkAlert": "Şəxsi bloklarını bu linklə bölüş:\n\n%1",
	"Games.listVariable": "siyahı",
	"Games.textVariable": "mətn",
	"Games.blocks": "Bloklar",
	"Games.congratulations": "Təbriklər!",
	"Index.clear": "Bütün həllər silinsin?",
	"Index.moreInfo": "Daha ətraflı",
	"Index.startOver": "Yenidən başlamaq istəyirsini?",
	"Index.clearData": "Məlumatları təmizlə",
	"Puzzle.animal1": "Ördək",
	"Puzzle.animal1Trait1": "Lələklər",
	"Puzzle.animal1Trait2": "Dimdik",
	"Puzzle.animal1HelpUrl": "https://en.wikipedia.org/wiki/Duck",
	"Puzzle.animal2": "Pişik",
	"Puzzle.animal2Trait1": "Bığcıq",
	"Puzzle.animal2Trait2": "Tük",
	"Puzzle.animal2HelpUrl": "https://en.wikipedia.org/wiki/Cat",
	"Puzzle.animal3": "Arı",
	"Puzzle.animal3Trait1": "Bal",
	"Puzzle.animal3Trait2": "İynə",
	"Puzzle.animal3HelpUrl": "https://en.wikipedia.org/wiki/Bee",
	"Puzzle.animal4": "İlbiz",
	"Puzzle.animal4Trait1": "Qabıq",
	"Puzzle.animal4Trait2": "Sümüksü",
	"Puzzle.animal4HelpUrl": "https://en.wikipedia.org/wiki/Snail",
	"Puzzle.picture": "şəkil:",
	"Puzzle.legs": "ayaqlar:",
	"Puzzle.legsChoose": "seç...",
	"Puzzle.traits": "xüsusiyyətlər:",
	"Puzzle.error0": "Mükəmməl!\n%1 blokun hamısı doğrudur.",
	"Puzzle.error1": "Demək olar ki! Bir blok səhvdir.",
	"Puzzle.error2": "%1 blokun yerləşməsi  səhfdir.",
	"Puzzle.tryAgain": "Vurğulanan blok səhvdir.\nÇalışmağa davam.",
	"Puzzle.checkAnswers": "Cavabları Yoxla",
	"Puzzle.helpText": "Hər bir heyvan (yaşıl blok) üçün, ona aid rəsmini seçərək, əyaqlarının sayı və fərqli xüsusiyyətlərini qed et.",
	"Maze.moveForward": "irəliyə keçid",
	"Maze.turnLeft": "sola dönün",
	"Maze.turnRight": "sağa dönün",
	"Maze.doCode": "icra et",
	"Maze.elseCode": "əks halda",
	"Maze.pathAhead": "əgər yol qarşıdadısa",
	"Maze.pathLeft": "əgər yol soldadısa",
	"Maze.pathRight": "əgər yol sağdadısa",
	"Maze.repeatUntil": "təkrarla, ta ki",
	"Maze.moveForwardTooltip": "Oyunçunu bir xana irəli aparır.",
	"Maze.turnTooltip": "Yolçunu 90 dərəcə sola və ya sağa döndər.",
	"Maze.ifTooltip": "Əgər göstərilən istiqamətə yol varsa, hər-hansı bir iş gör.",
	"Maze.ifelseTooltip": "Əgər göstərilən istiqamətə yol varsa, birinci blokda göstərilən hərəkətləri icra et. Əks halda, ikinci blokda göstərilən hərəkətlərin icrasına başla.",
	"Maze.capacity0": "Sizin istifadəsiz %0 blokunuz qalmayıq.",
	"Maze.capacity1": "Sizin istifadəsiz %1 blokunuz qalıb.",
	"Maze.capacity2": "Sizin istifadəsiz %2 blokunuz qalıb.",
	"Maze.runTooltip": "Yolçu, blokların bütün göstərişlərini icra edəcək.",
	"Maze.resetTooltip": "Yolçunu labirintin başlanğıcına qaytar.",
	"Maze.helpRun": "Nə baş verəcəyini görmək üçün proqramın içrasına başla.",
	"Bird.heading": "istiqamət",
	"Turtle.hideTurtle": "tısbağanı gizlət",
	"Turtle.showTurtle": "tısbağanı göstər",
	"Turtle.printHelpUrl": "https://en.wikipedia.org/wiki/Printing",
	"Turtle.print": "çap",
	"Turtle.fontHelpUrl": "https://az.wikipedia.org/wiki/Şrift",
	"Turtle.font": "şrift",
	"Turtle.fontSize": "şriftin ölçüsü",
	"Turtle.fontNormal": "normal",
	"Turtle.fontBold": "qalın",
	"Turtle.fontItalic": "kursiv",
	"Turtle.galleryMsg": "Qalereyaya bax",
	"Turtle.submitMsg": "Qalereyaya göndər",
	"Turtle.helpText3b": "Sarı ulduz çək.",
	"Movie.x": "x",
	"Movie.y": "y",
	"Movie.x1": "başlanğıc x",
	"Movie.y1": "başlanğıc y",
	"Movie.x2": "son x",
	"Movie.y2": "son y",
	"Movie.radius": "radius",
	"Movie.width": "uzunluq",
	"Movie.height": "en",
	"Movie.circleDraw": "dairə",
	"Movie.rectDraw": "düzbucaqlı",
	"Movie.lineDraw": "ciz",
	"Movie.galleryMsg": "Qalereyaya bax",
	"Music.piano": "pianino",
	"Music.violin": "skripka",
	"Music.guitar": "gitara",
	"Music.flute": "fleyta",
	"Music.drum": "baraban",
	"Music.choir": "xor",
	"Music.galleryMsg": "Qalereyaya bax",
	"Music.submitMsg": "Qalereyaya göndər",
	"Pond.docsTooltip": "Dil üzrə sənədləşməni göstərir.",
	"Pond.documentation": "Sənədləşdirmə",
	"Pond.playerName": "Oyunçu",
	"Pond.targetName": "Hədəf",
	"Pond.pendulumName": "Kəfkir",
	"Pond.scaredName": "Qorxmuş",
	"Pond.rabbitName": "Dovşan",
	"Pond.counterName": "Sayğac",
	"Pond.rookName": "Cığal",
	"Pond.sniperName": "Snayper",
	"Gallery": "Qalereya"
}
