{
	"@metadata": {
		"authors": [
			"Alvaro Vidal-Abarca",
			"Fitoschido",
			"Arnaugir",
			"Micobu"
		]
	},
	"Games.name": "Blockly Games",
	"Games.puzzle": "Trencaclosques",
	"Games.maze": "Laberint",
	"Games.bird": "Ocell",
	"Games.turtle": "Tortuga",
	"Games.movie": "Pel·lícula",
	"Games.music": "Música",
	"Games.linesOfCode1": "Has solucionat aquest nivell amb 1 línia de JavaScript:",
	"Games.linesOfCode2": "Has solucionat aquest nivell amb $1 línies de JavaScript",
	"Games.nextLevel": "Estàs preparat pel nivell %1?",
	"Games.finalLevel": "Estàs preparat pel següent repte?",
	"Games.submitTitle": "Títol:",
	"Games.linkTooltip": "Desa i enllaça als blocs.",
	"Games.runTooltip": "Executa el programa que has escrit",
	"Games.runProgram": "Executa el programa",
	"Games.resetProgram": "Reinicialitza",
	"Games.help": "Ajuda",
	"Games.dialogOk": "D'acord",
	"Games.dialogCancel": "Cancel·la",
	"Games.catLogic": "Lògica",
	"Games.catLoops": "Bucles",
	"Games.catMath": "Matemàtiques",
	"Games.catText": "Text",
	"Games.catLists": "Llistes",
	"Games.catColour": "Color",
	"Games.catVariables": "Variables",
	"Games.catProcedures": "Procediments",
	"Games.httpRequestError": "Hi ha hagut un problema amb la sol·licitud.",
	"Games.linkAlert": "Comparteix els teus blocs amb aquest enllaç: %1",
	"Games.hashError": "Ho sentim, '%1' no es correspon amb cap fitxer desat de Blockly.",
	"Games.xmlError": "No s'ha pogut carregar el teu fitxer desat.  Potser va ser creat amb una versió diferent de Blockly?",
	"Games.listVariable": "llista",
	"Games.textVariable": "text",
	"Games.blocks": "Blocs",
	"Games.congratulations": "Felicitats!",
	"Games.helpAbort": "Aquest nivell és extremadament difícil. El vols deixar i anar al següent joc? Sempre podràs tornar-hi més tard.",
	"Index.clear": "Eliminar totes les solucions?",
	"Index.subTitle": "Jocs pels programadors del futur.",
	"Index.moreInfo": "Més informació...",
	"Puzzle.animal1": "Ànec",
	"Puzzle.animal2": "Gat",
	"Puzzle.animal3": "Abella",
	"Puzzle.animal3Trait1": "mel",
	"Puzzle.animal4": "cargol",
	"Puzzle.animal4Trait1": "Closca",
	"Puzzle.legsChoose": "triar...",
	"Puzzle.error0": "Perfecte!\nTots els blocs de %1 són correctes.",
	"Puzzle.error1": "Gairebé! Una bloc és incorrecte.",
	"Puzzle.error2": "%1 blocs són errònies.",
	"Puzzle.tryAgain": "El bloc de subratllat no és correcta.\nContinuï provant.",
	"Puzzle.checkAnswers": "Comprovar les respostes",
	"Puzzle.helpText": "Per a cada país (verd), adjuntar la seva bandera, escollir la seva llengua i fer una pila de les seves ciutats.",
	"Maze.moveForward": "mou endavant",
	"Maze.turnLeft": "gira esquerra",
	"Maze.turnRight": "gira dreta",
	"Maze.doCode": "fes",
	"Maze.elseCode": "si no",
	"Maze.helpIfElse": "Les declaracions 'si-si no' faran fer una cosa o una altra.",
	"Maze.pathAhead": "al davant",
	"Maze.pathLeft": "si camí a l'esquerra",
	"Maze.pathRight": "si camí a la dreta",
	"Maze.repeatUntil": "repeteix fins al",
	"Maze.moveForwardTooltip": "Mou el Pegman endavant un espai.",
	"Maze.turnTooltip": "Gira el Pegman a l'esquerra o a la dreta 90 graus.",
	"Maze.ifTooltip": "Si hi ha un camí en la direcció especificada, llavors fes algunes accions.",
	"Maze.ifelseTooltip": "Si hi ha un camí en la direcció especificada, llavors fes el primer bloc d'accions. Si no, fes el segon bloc d'accions.",
	"Maze.whileTooltip": "Repeteix les accions de dins del bloc fins arribar al punt final.",
	"Maze.capacity0": "Et resten %0 blocs.",
	"Maze.capacity1": "Et resten %1 blocs.",
	"Maze.capacity2": "Et resten %2 blocs.",
	"Maze.runTooltip": "Fa que el jugador faci el que diuen els blocs.",
	"Maze.resetTooltip": "Col·loca el jugador a l'inici del laberint.",
	"Maze.helpStack": "Apila un parell de blocs 'mou endavant' junts per ajudar-me a arribar a la meta.",
	"Maze.helpOneTopBlock": "En aquest nivell, has d'apilar junts tots els blocs a l'espai de treball blanc.",
	"Maze.helpRun": "Executeu el vostre programa per veure què passa.",
	"Maze.helpReset": "El vostre programa no ha resolt el laberint. Cliqueu 'Reinicialitza' i torneu a intentar-ho.",
	"Maze.helpRepeat": "Els ordinadors tenen una memòria limitada. Arriba al final d'aquest camí utilitzant només dos blocs. Utilitza 'repeteix' per a executar un bloc més d'una vegada.",
	"Maze.helpCapacity": "Heu usat tots els blocs per aquest nivell. Per crear un nou bloc, primer heu d'esborrar un bloc existent.",
	"Maze.helpRepeatMany": "Podeu encabit més d'un bloc dins d'un bloc 'repeteix'.",
	"Maze.helpSkins": "Escolliu el vostre jugador favorit en aquest menú.",
	"Maze.helpIf": "Una condició 'si' farà fer alguna cosa només si la condició és certa. Prova de girar a l'esquerra si hi ha un camí a l'esquerra.",
	"Maze.helpMenu": "Feu clic a %1 en el bloc 'si' per canviar-ne la condició.",
	"Maze.helpWallFollow": "Pots resoldre aquest complicat laberint? Prova de seguir la paret de l'esquerra. Només programadors avançats!",
	"Turtle.moveTooltip": "Mou la tortuga endavant o enrere segons la quantitat especificada.",
	"Turtle.moveForward": "moure endavant",
	"Turtle.moveBackward": "moure enrere",
	"Turtle.turnTooltip": "Gira la tortuga cap a l'esquerra o cap a la dreta el nombre especificat de graus.",
	"Turtle.turnRight": "gira cap a la dreta",
	"Turtle.turnLeft": "gira cap a l'esquerra",
	"Turtle.widthTooltip": "Canvia el gruix de la ploma.",
	"Turtle.setWidth": "canvia el gruix a",
	"Turtle.colourTooltip": "Canvia el color de la ploma.",
	"Turtle.setColour": "canvia el color a",
	"Turtle.penTooltip": "Aixeca o abaixa la ploma, per acabar o començar a dibuixar.",
	"Turtle.penUp": "ploma amunt",
	"Turtle.penDown": "ploma avall",
	"Turtle.turtleVisibilityTooltip": "Fa que la tortuga (cercle i fletxa) sigui visible o invisible.",
	"Turtle.hideTurtle": "amaga tortuga",
	"Turtle.showTurtle": "mostra tortuga",
	"Turtle.printHelpUrl": "https://ca.wikipedia.org/wiki/Impressió",
	"Turtle.printTooltip": "Dibuixa text en la direcció de la tortuga a partir de la seva posició.",
	"Turtle.print": "imprimir",
	"Turtle.fontHelpUrl": "https://ca.wikipedia.org/wiki/Font_(tipografia)",
	"Turtle.fontTooltip": "Canvia la font usada pel bloc d'impressió.",
	"Turtle.font": "font",
	"Turtle.fontSize": "mida de lletra",
	"Turtle.fontNormal": "normal",
	"Turtle.fontBold": "negreta",
	"Turtle.fontItalic": "cursiva",
	"Movie.width": "amplada",
	"Movie.height": "alçada",
	"Movie.rectDraw": "rectangle",
	"Movie.lineDraw": "línia",
	"Music.piano": "piano",
	"Music.violin": "violí",
	"Music.guitar": "guitarra",
	"Music.flute": "flauta",
	"Music.choir": "cor",
	"Pond.documentation": "Documentació",
	"Gallery": "Galeria"
}
