{
	"@metadata": {
		"authors": [
			"Chmee2",
			"Michaelbrabec",
			"Vorkronor",
			"Macofe",
			"Clon",
			"DaBler",
			"Ilimanaq29",
			"Dvorapa"
		]
	},
	"Games.name": "Hry Blockly",
	"Games.puzzle": "Skládačka",
	"Games.maze": "Bludiště",
	"Games.bird": "Pták",
	"Games.turtle": "Želva",
	"Games.movie": "Film",
	"Games.pondTutor": "Rybník s instruktorem",
	"Games.pond": "Rybník",
	"Games.linesOfCode1": "Vyřešil jste úroveň jednou řádkou JavaScriptu:",
	"Games.linesOfCode2": "Vyřešil jste úroveň %1 řádkami JavaScriptu:",
	"Games.nextLevel": "Připraveni na úroveň %1?",
	"Games.finalLevel": "Připraveni na další výzvu?",
	"Games.linkTooltip": "Ulož a spoj bloky..",
	"Games.runTooltip": "Spustí program, který jste napsali.",
	"Games.runProgram": "Spusť program",
	"Games.resetTooltip": "Zastaví program a vrátí úroveň do výchozího stavu.",
	"Games.resetProgram": "Reset",
	"Games.help": "Nápověda",
	"Games.dialogOk": "OK",
	"Games.dialogCancel": "Zrušit",
	"Games.catLogic": "Logika",
	"Games.catLoops": "Smyčky",
	"Games.catMath": "Matika",
	"Games.catText": "Text",
	"Games.catLists": "Seznamy",
	"Games.catColour": "Barva",
	"Games.catVariables": "Proměnné",
	"Games.catProcedures": "Procedury",
	"Games.httpRequestError": "Došlo k potížím s požadavkem.",
	"Games.linkAlert": "Sdílej bloky tímto odkazem: \n\n%1",
	"Games.hashError": "Omlouváme se, '%1' nesouhlasí s žádným z uložených souborů.",
	"Games.xmlError": "Nepodařilo se uložit vás soubor.  Pravděpodobně byl vytvořen jinou verzí Blockly?",
	"Games.listVariable": "seznam",
	"Games.textVariable": "text",
	"Games.breakLink": "Jakmile začnete upravovat JavaScript, nemůžete se vrátit k editaci bloků. Je to v POŘÁDKU?",
	"Games.blocks": "Bloky",
	"Games.congratulations": "Gratulace!",
	"Games.helpAbort": "Tato úroveň je velmi obtížná. Chceš ji přeskočit a pokračovat na další hru? Kdykoli se můžeš vrátit zpět.",
	"Index.clear": "Smazat všechna řešení?",
	"Index.subTitle": "Hry budoucích programátorů.",
	"Index.moreInfo": "Informace pro vyučující...",
	"Index.startOver": "Chceš začít znovu?",
	"Index.clearData": "Vymazat data",
	"Puzzle.animal1": "Kachna",
	"Puzzle.animal1Trait1": "Peří",
	"Puzzle.animal1Trait2": "Zobák",
	"Puzzle.animal1HelpUrl": "https://cs.wikipedia.org/wiki/Kachna",
	"Puzzle.animal2": "Kočka",
	"Puzzle.animal2Trait1": "Vousy",
	"Puzzle.animal2Trait2": "Srst",
	"Puzzle.animal2HelpUrl": "https://cs.wikipedia.org/wiki/Ko%C4%8Dka_dom%C3%A1c%C3%AD",
	"Puzzle.animal3": "Včela",
	"Puzzle.animal3Trait1": "Med",
	"Puzzle.animal3Trait2": "Žihadlo",
	"Puzzle.animal3HelpUrl": "https://cs.wikipedia.org/wiki/V%C4%8Dela",
	"Puzzle.animal4": "Šnek",
	"Puzzle.animal4Trait1": "Ulita",
	"Puzzle.animal4Trait2": "Sliz",
	"Puzzle.animal4HelpUrl": "https://cs.wikipedia.org/wiki/Hlem%C3%BD%C5%BE%C4%8F_zahradn%C3%AD",
	"Puzzle.picture": "obrázek:",
	"Puzzle.legs": "nohy:",
	"Puzzle.legsChoose": "vyber...",
	"Puzzle.traits": "vlastnosti:",
	"Puzzle.error0": "Výborně!\nVšech %1 bloků je umístěno správně.",
	"Puzzle.error1": "Skoro! Jeden blok je špatně.",
	"Puzzle.error2": "%1 bloky jsou chybně.",
	"Puzzle.tryAgain": "Zvýrazněný blok není správně.\nZkoušej to dál.",
	"Puzzle.checkAnswers": "Zkontrolovat odpovědi",
	"Puzzle.helpText": "Ke každému zvířeti (zeleně) přiřaď obrázek, počet nohou a seznam vlastností.",
	"Maze.moveForward": "pohyb vpřed",
	"Maze.turnLeft": "otočit levá",
	"Maze.turnRight": "otočit pravá",
	"Maze.doCode": "udělej",
	"Maze.elseCode": "jinak",
	"Maze.helpIfElse": "Příkaz 'pokud-jinak' provede buď něco, nebo něco jiného.",
	"Maze.pathAhead": "pokud cesta vpřed",
	"Maze.pathLeft": "pokud cesta doleva",
	"Maze.pathRight": "pokud cesta doprava",
	"Maze.repeatUntil": "opakuj až do",
	"Maze.moveForwardTooltip": "Pohne Pegmanem vpřed o jedno pole.",
	"Maze.turnTooltip": "Otočí Pegmana vlevo nebo vpravo o 90 stupňů.",
	"Maze.ifTooltip": "Pokud je v daném směru cesta, pak proveď nějakou akci.",
	"Maze.ifelseTooltip": "Pokud je v danném směru cesta, pak proveď posloupnost akcí. V opačném případě proveď druhou posloupnost akcí.",
	"Maze.whileTooltip": "Opakuj obsažené akce do té doby, dokud není dosažen cílový bod.",
	"Maze.capacity0": "Počet zbývajících bloků %0.",
	"Maze.capacity1": "Počet zbývajících bloků %1.",
	"Maze.capacity2": "Počet zbývajících bloků %2.",
	"Maze.runTooltip": "Hráč dělá to, co bloky říkají.",
	"Maze.resetTooltip": "Postav hráče zpět na začátek bludiště.",
	"Maze.helpStack": "Poskládej několik pohybů vpřed dohromady a pomoc mi dosáhnout cíle.",
	"Maze.helpOneTopBlock": "V tomto levelu musíš posbírat všechny bloky na bílém pozadí.",
	"Maze.helpRun": "Spusťte váš program, abyste zjistili, co se stane.",
	"Maze.helpReset": "Váš program nevyřešil bludiště. Stiskněte \"Reset\" a opakujte akci.",
	"Maze.helpRepeat": "Počítače mají omezenou paměť. Dosáhni cíle s použitím pouze dvou bloků. Použij příkaz 'opakuj' pro zopakování příkazu.",
	"Maze.helpCapacity": "Použili jste všechny bloky povolené pro tuto úroveň. Chcete-li přidat další blok, musíte smazat nějaký stávající.",
	"Maze.helpRepeatMany": "Do bloku \"opakuj\" můžeš vložit více než jeden blok.",
	"Maze.helpSkins": "Vyberte si oblíbeného hráče z nabídky.",
	"Maze.helpIf": "Podmínka 'pokud' udělá něco pouze v případě, že je splněna její podmínka. Zkus se otočit vlevo, pokud je nalevo cesta.",
	"Maze.helpMenu": "Kliknutí na %1 dovolí v bloku \"když\" změnit podmínku.",
	"Maze.helpWallFollow": "Dokážeš vyřešit toto komplikované bludiště? Zkus se přidržovat zdi po levé ruce.",
	"Bird.noWorm": "nemá červa",
	"Bird.heading": "směr",
	"Bird.noWormTooltip": "Podmínka, když pták nedostal červa.",
	"Bird.headingTooltip": "Jdi ve směru, který udává úhel ve stupních: 0 je vodorovně doprava, 90 je nahoru apod.",
	"Bird.positionTooltip": "x a y označují pozici ptáka. Pokud x = 0, pták je na levém okraji, pokud x = 100, je na pravém okraji. Když y = 100, je na horním.",
	"Bird.helpHeading": "Změň směr letu ptáka tak aby ulovil červa a přistál do hnízda.",
	"Bird.helpHasWorm": "Použij tento blok pro pohyb jedním směrem když máš červa a jiným pokud ho nemáš,",
	"Bird.helpX": "'x' je tvoje současná vodorovná poloha, Použij tento blok pro pohyb určeným směrem pokud je 'x' menší než dané číslo, nebo pro jiný pohyb v opačné případě.",
	"Bird.helpElse": "Pro úpravu bloku „if“ klikněte na ikonu",
	"Bird.helpElseIf": "V této úrovni jsou třeba bloky 'nebo pokud' i 'jinak'.",
	"Bird.helpAnd": "Blok 'a také' je pravdivý jen pokud jsou oba vstupy pravdivé.",
	"Bird.helpMutator": "Přetáhni blok 'jinak' do bloku 'pokud'.",
	"Turtle.moveTooltip": "Posune želvu vpřed nebo vzad o udaný počet kroků.",
	"Turtle.moveForward": "Přesunout vpřed",
	"Turtle.moveBackward": "přesunout zpět",
	"Turtle.turnTooltip": "Otočí želvu doleva nebo doprava o zadaný počet stupňů.",
	"Turtle.turnRight": "otočit doprava o",
	"Turtle.turnLeft": "otočit doleva o",
	"Turtle.widthTooltip": "Změní tloušťku pera.",
	"Turtle.setWidth": "nastavit šířku na",
	"Turtle.colourTooltip": "Změní barvu pera.",
	"Turtle.setColour": "nastavit barvu na",
	"Turtle.penTooltip": "Zvedne nebo položí pero, aby začalo nebo přestalo kreslit.",
	"Turtle.penUp": "zvednout pero",
	"Turtle.penDown": "položit pero",
	"Turtle.turtleVisibilityTooltip": "Udělejte želvu (kruh a šipka) viditelnou nebo neviditelnou.",
	"Turtle.hideTurtle": "skrýt želvu",
	"Turtle.showTurtle": "zobrazit želvu",
	"Turtle.printHelpUrl": "https://cs.wikipedia.org/wiki/Tiska%C5%99stv%C3%AD",
	"Turtle.printTooltip": "Vypíše text na místě želvy v jejím směru.",
	"Turtle.print": "vytisknout",
	"Turtle.fontHelpUrl": "https://cs.wikipedia.org/wiki/Font",
	"Turtle.fontTooltip": "Nastaví písmo používané tiskovým blokem.",
	"Turtle.font": "písmo",
	"Turtle.fontSize": "velikost písma",
	"Turtle.fontNormal": "normální",
	"Turtle.fontBold": "tučné",
	"Turtle.fontItalic": "kurzíva",
	"Turtle.submitDisabled": "Spustit program dokud nezastaví. Potom můžeš svůj výtvor poslat do galerie.",
	"Turtle.galleryTooltip": "Otevřít galerii kreseb na Reddit.",
	"Turtle.galleryMsg": "Prohlédnout galerii",
	"Turtle.submitTooltip": "Zašlete svůj výkres na Reddit.",
	"Turtle.submitMsg": "Odeslat do Galerie",
	"Turtle.helpUseLoop": "Vaše řešení funguje, ale můžete to udělat lépe.",
	"Turtle.helpUseLoop3": "Nakreslete tvar jen se třemi bloky.",
	"Turtle.helpUseLoop4": "Kresli hvězdy jen pomocí čtyř bloků.",
	"Turtle.helpText1": "Vytvořte program, který nakreslí čtverec.",
	"Turtle.helpText2": "Změnňte program tak aby kreslil pětiúhelník místo čtverce.",
	"Turtle.helpText3a": "Je tu nový blok, který vám umožní změnit barvu:",
	"Turtle.helpText3b": "Nakreslete žlutou hvězdu.",
	"Turtle.helpText4a": "Je tu nový blok, který vám umožní zvednout pero z papíru, když se budete pohybovat:",
	"Turtle.helpText4b": "Nakreslete malou žlutou hvězdu, a pak nakreslete čáru nad ní.",
	"Turtle.helpText5": "Místo jedné hvězdy, nakreslete čtyři hvězdy uspořádáné do čtverce?",
	"Turtle.helpText6": "Nakreslete tři žluté hvězdy, a jednu bílou linku.",
	"Turtle.helpText7": "Nakreslete hvězdy, a pak čtyři bílé čáry.",
	"Turtle.helpText8": "Nakreslení 360 bílých čar bude vypadat jako měsíc v úplňku.",
	"Turtle.helpText9": "Přidejte černý kruh tak, že z úplňku zbude srpek?",
	"Turtle.helpText10": "Kreslete, co chcete. Máte obrovské množství nových bloků které si můžete prohlédnout. Bavte se!",
	"Turtle.helpText10Reddit": "Použijte tlačítko \"Viz Galerie\", aby jste viděli, co vytvořili ostatní lidé. Nakreslit-li něco zajímavého, použijte tlačítko \"Odeslat do Galerie\" pro publikování.",
	"Turtle.helpToolbox": "Vyberte kategorii pro zobrazení bloků.",
	"Movie.x": "x",
	"Movie.y": "y",
	"Movie.x1": "počátek x",
	"Movie.y1": "počátek y",
	"Movie.x2": "konec x",
	"Movie.y2": "konec y",
	"Movie.radius": "poloměr",
	"Movie.width": "šířka",
	"Movie.height": "výška",
	"Movie.circleTooltip": "Na zadané pozici nakreslí kruh o vybraném poloměru.",
	"Movie.circleDraw": "kruh",
	"Movie.rectTooltip": "Na zadané pozici nakreslí obdélník s vybranou šířkou a výškou.",
	"Movie.rectDraw": "obdélník",
	"Movie.lineTooltip": "Nakreslí čáru z jednoho bodu do druhého se zvolenou šířkou.",
	"Movie.lineDraw": "čára",
	"Movie.timeTooltip": "Vrátí aktuální čas v animaci (0-100).",
	"Movie.colourTooltip": "Změní barvu pera.",
	"Movie.setColour": "nastavit barvu na",
	"Movie.submitDisabled": "Tvůj film se nehýbá. Použij bloky a vytvoř něco zajímavého. Pak můžeš své dílo vložit do galerie.",
	"Movie.galleryTooltip": "Otevře galerii filmů na webu Reddit.",
	"Movie.galleryMsg": "Prohlédnout galerii",
	"Movie.submitTooltip": "Odešle film do galerie na web Reddit.",
	"Movie.submitMsg": "Odeslat do galerie",
	"Movie.helpText1": "Použijte jednoduché tvary na nakreslení této postavy.",
	"Movie.helpText2a": "Tato úroveň je film. Chcete aby se červený míč kutálel přes obrazovku. Stiskněte tlačítko přehrát pro zobrazení náhledu.",
	"Movie.helpText2b": "Během přehrávání filmu se hodnota bloku 'čas' mění od 0 do 100. Protože chceš měnit vodorovnou polohu od 0 do 100, mělo to by byť snadné.",
	"Movie.helpText3": "Blok 'čas' počítá od 0 do 100. Tentokrát chceš, aby vodorovná poloha červeného míče šla od 100 k 0. Najdi matematický vzorec, který otočí směr pohybu.",
	"Movie.helpText4": "Použij znalosti z předešlé úrovně a rozpohybuj čtyři zelené míče ve čtyřech různých směrech.",
	"Movie.helpText5": "Rozpohybovat myší hlavu je snadné. Dokáže sestavit vzorec také pro pohyb uší.",
	"Movie.helpText6": "Dvě jednoduché čáry. Jen zjistit co dělají jejich konce.",
	"Movie.helpText7": "Vzorec pro tento padající míč je složitý. Zde je odpověď:",
	"Movie.helpText8": "Použij 'pokud' blok a nakresli červené a modré míče pro první polovinu filmu. Pak nakresli zelený míč pro druhou polovinu filmu.",
	"Movie.helpText9": "Dokážeš vytvořit míč který sleduje drát? Drát je již nakreslen. Pokud zvládneš tohle, můžeš udělat cokoli.",
	"Movie.helpText10": "Vytvoř si vlastní film. Máš mnoho nových bloků které může prozkoumat. Bav se!",
	"Movie.helpText10Reddit": "Použijte tlačítko \"Viz Galerie\", aby jste viděli, co vytvořili ostatní lidé. Nakreslíte-li něco zajímavého, použijte tlačítko \"Odeslat do Galerie\" pro publikování.",
	"Pond.scanTooltip": "Hledá nepřítele. Zadej směr (0-360). Vráti vzdálenost od najbližšího nepřítele v daném směru. Vráti nekonečno pokud v daném směru není žádný nepřítel.",
	"Pond.cannonTooltip": "Vypálí z děla. Zadej směr (0-360) a sílu (0-70).",
	"Pond.swimTooltip": "Plavat vpřed. Určit směr (0-360).",
	"Pond.stopTooltip": "Přestat plavat. Hráč se postupně zastaví.",
	"Pond.healthTooltip": "Vrací hráčův současný zdravotní stav (0 je mrtvý, 100 je zcela zdravý).",
	"Pond.speedTooltip": "Vráti aktuální rychlost hráče (0 stojí, 100 plná rychlost).",
	"Pond.locXTooltip": "Vrátí hráčovu souřadnici X (0 je levý okraj, 100 je pravý okraj).",
	"Pond.locYTooltip": "Vrátí hráčovu souřadnici Y (0 je spodní okraj, 100 je horní okraj).",
	"Pond.docsTooltip": "Zobrazí dokumentaci jazyka.",
	"Pond.documentation": "Dokumentace",
	"Pond.playerName": "Hráč",
	"Pond.targetName": "Cíl",
	"Pond.pendulumName": "Kyvadlo",
	"Pond.scaredName": "Strašpytel",
	"Pond.helpUseScan": "Vaše řešení funguje, ale můžete to udělat lépe. Použijte 'scan', abyste řekl, jak daleko střílet.",
	"Pond.helpText1": "Na zasáhnutí cíle použij příkaz 'cannon'. První parametr je úhel, druhý je síla. Najdi správnou kombinaci obou čísel.",
	"Pond.helpText2": "Tento cíl je třeba zasáhnout mnohokrát. Použij smyčku 'while (true)' pokud chceš něco opakovat donekonečna.",
	"Pond.helpText3a": "Tento soupeř se pohybuje sem a tam, takže je těžké se trefit. Výraz 'scan' vrací přesnou vzdálenost od soupeře v zadaném směru.",
	"Pond.helpText3b": "Tato vzdálenost je přesně to, co příkaz 'cannon' potřebuje aby střílel přesně.",
	"Pond.helpText4": "Tento soupeř je pro dělo příliš daleko (které má limit 70 metrů). Místo toho použij příkaz 'swim' aby jste začali plavat směrem k oponentovi, a narazil do něj.",
	"Pond.helpText5": "Tento protivník je též mimo dosahu děla. Jste příliš slabý a náraz nepřežijete. Plavte tedy směrem k soupeři, dokud je vaše vodorovná souřadnice menší než 50. Potom použijte 'stop' a dělo.",
	"Pond.helpText6": "Tento soupeř bude po zásahu utíkat. Plavej směrem k  němu, pokud je mimo dosah (70 metrů).",
	"Pond.rabbitName": "Králík",
	"Pond.counterName": "Počtář",
	"Pond.rookName": "Věž",
	"Pond.sniperName": "Odstřelovač"
}
