{
	"@metadata": {
		"authors": [
			"Christian List",
			"Hein0170",
			"Peter Alberti",
			"Simeondahl",
			"RickiRunge",
			"Tjernobyl",
			"SimmeD",
			"Joedalton",
			"Jon Harald Søby",
			"Siegumfeldt"
		]
	},
	"Games.name": "Blockly-spil",
	"Games.puzzle": "Puslespil",
	"Games.maze": "Labyrint",
	"Games.bird": "Fugl",
	"Games.turtle": "Skildpadde",
	"Games.movie": "Film",
	"Games.music": "Musik",
	"Games.pondTutor": "Damlærer",
	"Games.pond": "Dam",
	"Games.genetics": "Genetik",
	"Games.linesOfCode1": "Du har løst dette niveau med 1 linje JavaScript:",
	"Games.linesOfCode2": "Du har løst dette niveau med %1 linjer JavaScript:",
	"Games.nextLevel": "Er du klar til niveau %1?",
	"Games.finalLevel": "Er du klar til den næste udfordring?",
	"Games.submitTitle": "Titel:",
	"Games.linkTooltip": "Gem og link til blokkene.",
	"Games.runTooltip": "Kør det program, du skrev.",
	"Games.runProgram": "Kør program",
	"Games.resetTooltip": "Stop programmet og nulstil niveauet.",
	"Games.resetProgram": "Nulstil",
	"Games.help": "Hjælp",
	"Games.dialogOk": "OK",
	"Games.dialogCancel": "Afbryd",
	"Games.catLogic": "Logik",
	"Games.catLoops": "Løkker",
	"Games.catMath": "Matematik",
	"Games.catText": "Tekst",
	"Games.catLists": "Lister",
	"Games.catColour": "Farve",
	"Games.catVariables": "Variabler",
	"Games.catProcedures": "Funktioner",
	"Games.httpRequestError": "Der var et problem med forespørgslen.",
	"Games.linkAlert": "Del dine blokke med dette link:\n\n%1",
	"Games.hashError": "Beklager, '%1' passer ikke med nogen gemte programmer.",
	"Games.xmlError": "Kunne ikke hente din gemte fil.  Måske er den lavet med en anden version af Blockly?",
	"Games.submitted": "Tak for dette program! Hvis vores personale af dresserede aber kan lide det, så vil de udgive det i galleriet indenfor et par dage.",
	"Games.listVariable": "liste",
	"Games.textVariable": "tekst",
	"Games.breakLink": "Når du begynder at redigere JavaScript kan du ikke gå tilbage til redigeringblokke. Er det o.k.?",
	"Games.blocks": "Blokke",
	"Games.congratulations": "Tillykke!",
	"Games.helpAbort": "Dette niveau er yderst vanskeligt. Vil du springe det over og gå videre til det næste spil? Du kan altid komme tilbage senere.",
	"Index.clear": "Slette alle dine løsninger?",
	"Index.subTitle": "Spil for fremtidens programmører.",
	"Index.moreInfo": "Mere information...",
	"Index.startOver": "Vil du starte forfra?",
	"Index.clearData": "Ryd data",
	"Puzzle.animal1": "And",
	"Puzzle.animal1Trait1": "Fjer",
	"Puzzle.animal1Trait2": "Næb",
	"Puzzle.animal1HelpUrl": "https://da.wikipedia.org/wiki/And",
	"Puzzle.animal2": "Kat",
	"Puzzle.animal2Trait1": "Knurhår",
	"Puzzle.animal2Trait2": "Pels",
	"Puzzle.animal2HelpUrl": "https://da.wikipedia.org/wiki/Kat",
	"Puzzle.animal3": "Bi",
	"Puzzle.animal3Trait1": "Honning",
	"Puzzle.animal3Trait2": "Brod",
	"Puzzle.animal3HelpUrl": "https://da.wikipedia.org/wiki/Bi",
	"Puzzle.animal4": "Snegl",
	"Puzzle.animal4Trait1": "Skal",
	"Puzzle.animal4Trait2": "Slim",
	"Puzzle.animal4HelpUrl": "https://da.wikipedia.org/wiki/Snegl",
	"Puzzle.picture": "billede:",
	"Puzzle.legs": "ben:",
	"Puzzle.legsChoose": "vælg...",
	"Puzzle.traits": "træk:",
	"Puzzle.error0": "Perfekt!\nAlle %1 blokke er rigtige.",
	"Puzzle.error1": "Næsten! Én blok er forkert.",
	"Puzzle.error2": "%1 blokke er forkerte.",
	"Puzzle.tryAgain": "Den fremhævede blok er ikke rigtig.\nBliv ved med at prøve.",
	"Puzzle.checkAnswers": "Kontroller svarene",
	"Puzzle.helpText": "For hvert dyr (grøn), tilknyt dets billede, vælg dets antal ben, og lav en stak af dens træk.",
	"Maze.moveForward": "flyt fremad",
	"Maze.turnLeft": "drej til venstre",
	"Maze.turnRight": "drej til højre",
	"Maze.doCode": "udfør",
	"Maze.elseCode": "ellers",
	"Maze.helpIfElse": "Hvis-ellers blokke vil gøre den ene eller den anden ting.",
	"Maze.pathAhead": "hvis sti foran",
	"Maze.pathLeft": "hvis sti til venstre",
	"Maze.pathRight": "hvis sti til højre",
	"Maze.repeatUntil": "gentag indtil",
	"Maze.moveForwardTooltip": "Flytter spilleren et felt frem.",
	"Maze.turnTooltip": "Drejer spilleren 90 grader til højre eller venstre.",
	"Maze.ifTooltip": "Hvis der er en sti i den angivne retning, så udfør nogle handlinger.",
	"Maze.ifelseTooltip": "Hvis der er en sti i den angivne retning, så udfør den første handlingsblok. Hvis ikke, så udfør den anden handlingsblok.",
	"Maze.whileTooltip": "Gentag gruppen af handlinger indtil slutpunktet er nået.",
	"Maze.capacity0": "Du har %0 blokke tilbage.",
	"Maze.capacity1": "Du har %1 blok tilbage.",
	"Maze.capacity2": "Du har %2 blokke tilbage.",
	"Maze.runTooltip": "Får spilleren til at gøre det blokkene siger.",
	"Maze.resetTooltip": "Sætter spilleren tilbage til starten af labyrinten.",
	"Maze.helpStack": "Sæt et par 'flyt fremad' blokke sammen for at hjælpe mig til at nå målet,",
	"Maze.helpOneTopBlock": "På denne bane skal du sætte alle blokkene sammen i det hvide arbejdsfelt.",
	"Maze.helpRun": "Kør dit program for at se, hvad der sker.",
	"Maze.helpReset": "Dit program løste ikke labyrinten. Tryk på 'Nulstil', og prøv igen.",
	"Maze.helpRepeat": "Prøv at nå enden af denne sti ved kun at bruge to blokke. Brug 'gentag indtil' til at køre en blok mere end én gang.",
	"Maze.helpCapacity": "Du har opbrugt alle blokkene for dette niveau. Hvis du vil oprette en ny blok, skal du først slette en eksisterende blok.",
	"Maze.helpRepeatMany": "Der er plads til mere end én blok inde i en 'gentag indtil' blok.",
	"Maze.helpSkins": "Vælg din favoritspiller fra denne menu.",
	"Maze.helpIf": "En 'hvis'-blok vil kun gøre noget hvis betingelsen er sand. Prøv at dreje til venstre hvis der er en sti til venstre.",
	"Maze.helpMenu": "Klik på %1 i 'hvis' blokken for at ændre dens tilstand.",
	"Maze.helpWallFollow": "Kan du løse denne komplicerede labyrint? Prøv at følge væggen på venstre hånd. Kun for avancerede programmører!",
	"Bird.noWorm": "har ikke ormen",
	"Bird.heading": "retning",
	"Bird.noWormTooltip": "Den betingelse, når fuglen ikke har fået ormen.",
	"Bird.headingTooltip": "Bevæg i retning af den givne vinkel: 0 er til højre, 90 er lige op, osv.",
	"Bird.positionTooltip": "x og y markerer fuglens position. Når x = 0 er fuglen i nærheden af den venstre kant, når x = 100, er den tæt på den højre kant. Når y = 0 er fuglen på bunden, når y = 100, er den på toppen.",
	"Bird.helpHeading": "Skift vinklens retning så fuglen kan få ormen og lande i sin rede.",
	"Bird.helpHasWorm": "Brug denne blok for at gå i en retning hvis du har ormen, eller en anden retning, hvis du ikke har ormen.",
	"Bird.helpX": "'x' er din nuværende vandrette position. Brug denne blok til at gå i en retning, hvis 'x' er mindre end et tal, ellers en anden retning.",
	"Bird.helpElse": "Klik på ikonet for at ændre 'hvis'-blokken.",
	"Bird.helpElseIf": "Dette niveau har behov for både en 'ellers hvis'-blok og en 'ellers'-blok.",
	"Bird.helpAnd": "'og'-blokken er kun sand, hvis begge dens parametre er sande.",
	"Bird.helpMutator": "Træk en 'ellers'-blok ind i 'hvis'-blokken.",
	"Turtle.moveTooltip": "Bevæger skildpadden frem eller tilbage med den angivne værdi.",
	"Turtle.moveForward": "flyt fremad med",
	"Turtle.moveBackward": "flyt bagud med",
	"Turtle.turnTooltip": "Drejer skildpadden til venstre eller højre med det angivne antal grader.",
	"Turtle.turnRight": "drej til højre med",
	"Turtle.turnLeft": "drej til venstre med",
	"Turtle.widthTooltip": "Ændrer bredden på pennen.",
	"Turtle.setWidth": "sæt bredden til",
	"Turtle.colourTooltip": "Ændrer farven på pennen.",
	"Turtle.setColour": "sæt farve til",
	"Turtle.penTooltip": "Løfter eller sænker pennen, for at stoppe eller starte tegning.",
	"Turtle.penUp": "pennen op",
	"Turtle.penDown": "pennen ned",
	"Turtle.turtleVisibilityTooltip": "Gør skildpadden (cirkel og pil) synlig eller usynlig.",
	"Turtle.hideTurtle": "skjul skildpadde",
	"Turtle.showTurtle": "vis skildpadde",
	"Turtle.printHelpUrl": "https://da.wikipedia.org/wiki/Bogtryk",
	"Turtle.printTooltip": "Skriver tekst i skildpaddens retning på dens placering.",
	"Turtle.print": "skriv",
	"Turtle.fontHelpUrl": "https://da.wikipedia.org/wiki/Skrifttype",
	"Turtle.fontTooltip": "Angiver den skrifttype, der bruges af skriveblokken.",
	"Turtle.font": "skrifttype",
	"Turtle.fontSize": "skriftstørrelse",
	"Turtle.fontNormal": "normal",
	"Turtle.fontBold": "fed",
	"Turtle.fontItalic": "kursiv",
	"Turtle.submitDisabled": "Kør dit program, indtil det stopper. Derefter kan du føje din tegning til galleriet.",
	"Turtle.galleryTooltip": "Åbn galleriet med tegninger.",
	"Turtle.galleryMsg": "Se galleri",
	"Turtle.submitTooltip": "Del din tegning i galleriet.",
	"Turtle.submitMsg": "Føj til galleri",
	"Turtle.helpUseLoop": "Din løsning virker, men du kan gøre det bedre.",
	"Turtle.helpUseLoop3": "Tegn figuren med kun tre blokke.",
	"Turtle.helpUseLoop4": "Tegn stjernen med kun fire blokke.",
	"Turtle.helpText1": "Lav et program, der tegner en firkant.",
	"Turtle.helpText2": "Ændre dit program til at tegne en femkant i stedet for en firkant.",
	"Turtle.helpText3a": "Der er en ny blok, der giver dig mulighed for at ændre farve:",
	"Turtle.helpText3b": "Tegn en gul stjerne.",
	"Turtle.helpText4a": "Der er en ny blok, der giver dig mulighed for at løfte pennen fra papiret, når du flytter:",
	"Turtle.helpText4b": "Tegn en lille gul stjerne, og tegn derefter en linje over den.",
	"Turtle.helpText5": "Kan du i stedet for en stjerne, tegne fire stjerner, i en firkant?",
	"Turtle.helpText6": "Tegn tre gule stjerner, og en hvid linje.",
	"Turtle.helpText7": "Tegn stjernerne, og tegn derefter fire hvide linjer.",
	"Turtle.helpText8": "Hvis man tegner 360 hvide linjer, vil det ligne en fuldmåne.",
	"Turtle.helpText9": "Kan du tilføje en sort cirkel, så månen bliver en halvmåne?",
	"Turtle.helpText10": "Tegn lige hvad du vil. Du har et stort antal nye blokke, du kan udforske. Hav det sjovt!",
	"Turtle.helpText10Reddit": "Brug \"Se galleri\" knappen for at se, hvad andre mennesker har tegnet. Hvis du tegner noget interessant, så brug \"Føj til galleri\" knappen for at udgive det.",
	"Turtle.helpToolbox": "Vælge en kategori for at se blokke.",
	"Movie.x": "x",
	"Movie.y": "y",
	"Movie.x1": "start-x",
	"Movie.y1": "start-y",
	"Movie.x2": "slut-x",
	"Movie.y2": "slut-y",
	"Movie.radius": "radius",
	"Movie.width": "bredde",
	"Movie.height": "højde",
	"Movie.circleTooltip": "Tegner en cirkel på den angivne placering, og med den angivne radius.",
	"Movie.circleDraw": "cirkel",
	"Movie.rectTooltip": "Tegner en rektangel på den angivne placering, og med den angivne bredde og højde.",
	"Movie.rectDraw": "rektangel",
	"Movie.lineTooltip": "Tegner en linje fra et punkt til et andet med den angivne bredde.",
	"Movie.lineDraw": "linje",
	"Movie.timeTooltip": "Returnerer den aktuelle tid i animationen (0-100).",
	"Movie.colourTooltip": "Skift farven på pennen.",
	"Movie.setColour": "sæt farven til",
	"Movie.submitDisabled": "Din film bevæger sig ikke. Brug blokke til at lave noget interessant. Derefter kan du indsende din film til galleriet.",
	"Movie.galleryTooltip": "Åbn filmgalleriet.",
	"Movie.galleryMsg": "Se galleri",
	"Movie.submitTooltip": "Del din film med galleriet.",
	"Movie.submitMsg": "Føj til galleri",
	"Movie.helpLayer": "Flyt baggrundscirklen øverst i dit program. Så vil den fremstå bag personen.",
	"Movie.helpText1": "Brug enkle former til at tegne denne person.",
	"Movie.helpText2a": "Dette niveau er en film. Du skal få personens arm til at bevæge sig på tværs af skærmen. Tryk på afspil for at se en forhåndsvisning.",
	"Movie.helpText2b": "Mens filmen spiller, vil værdien af »time«-blokken tælle fra 0 til 100. Da du vil have den vandrette position af armen til at starte ved 0 og gå til 100 bør dette være let.",
	"Movie.helpText3": "»time«-blokken tæller fra 0 til 100. Men nu ønsker du at »y«-positionen for den anden arm starter ved 100 og tæller til 0. Kan du finde ud af en simpel matematisk formel, som vender retningen?",
	"Movie.helpText4": "Brug hvad du har lært i det forrige niveau for at få krydsende ben.",
	"Movie.helpText5": "Den matematiske formel for armen er kompliceret. Her er svaret:",
	"Movie.helpText6": "Giv personen to hænder.",
	"Movie.helpText7": "Brug blokken »if« til at tegne et lille hoved for den første halvdel af filmen. Tegn så et stort hoved for den anden halvdel af filmen.",
	"Movie.helpText8": "Vend retningen for benene om halvvejs igennem filmen.",
	"Movie.helpText9": "Tegn en udadgående cirkel bag personen.",
	"Movie.helpText10": "Lav en film om lige hvad du vil. Du har et stort antal nye blokke, du kan udforske. Hav det sjovt!",
	"Movie.helpText10Reddit": "Brug \"Se galleri\" knappen for at se film andre mennesker har lavet. Hvis du laver en interessant film, så brug \"Føj til galleri\" knappen for at udgive den.",
	"Music.playNoteTooltip": "Afspiller en musikalsk node med den angivne varighed og tonehøjde.",
	"Music.playNote": "afspil %1 node %2",
	"Music.restTooltip": "Venter i den angivne varighed.",
	"Music.restWholeTooltip": "Venter på en helnode.",
	"Music.rest": "pause %1",
	"Music.setInstrumentTooltip": "Skifter til det angivne instrument når der spilles efterfølgende musikalske noder.",
	"Music.setInstrument": "sæt instrument til %1",
	"Music.startTooltip": "Kører blokkene inden i når knappen »Kør program« aktiveres.",
	"Music.start": "når %1 aktiveres",
	"Music.pitchTooltip": "En node (C4 er 7).",
	"Music.firstPart": "første del",
	"Music.piano": "piano",
	"Music.trumpet": "trompet",
	"Music.banjo": "banjo",
	"Music.violin": "violin",
	"Music.guitar": "guitar",
	"Music.flute": "fløjte",
	"Music.drum": "tromme",
	"Music.choir": "kor",
	"Music.submitDisabled": "Afvikler dit program indtil det stopper. Så kan du indsende din musik til galleriet.",
	"Music.galleryTooltip": "Åbn musikgalleriet.",
	"Music.galleryMsg": "Se galleri",
	"Music.submitTooltip": "Send din musik til galleriet.",
	"Music.submitMsg": "Send til galleriet",
	"Music.helpUseFunctions": "Din løsning fungerer, men du kan gøre det bedre. Brug funktioner til at reducere mængden af gentaget kode.",
	"Music.helpUseInstruments": "Musikken vil lyde bedre, hvis du bruger et andet instrument i hver startblok.",
	"Music.helpText1": "Komponer de første fire noder af »Mester Jakob«.",
	"Music.helpText2a": "En »funktion« gør at du kan gruppere blokke sammen og så køre dem mere end en gang.",
	"Music.helpText2b": "Opret en funktion at afspille de første fire noder af »Mester Jakob«. Kør den funktion to gange. Tilføj ikke nye nodeblokke.",
	"Music.helpText3": "Opret en anden funktion for den næste del af »Mester Jakob«. Den sidste node er længere.",
	"Music.helpText4": "Opret en tredje funktion for den næste del af »Mester Jakob«. De første fire oder er kortere.",
	"Music.helpText5": "Fuldfør den fulde melodi for »Mester Jakob«.",
	"Music.helpText6a": "Denne nye blok lader dig ændre til et andet instrument.",
	"Music.helpText6b": "Spil din melodi med en violin.",
	"Music.helpText7a": "Denne nye blok tilføjer en stille forsinkelse.",
	"Music.helpText7b": "Opret endnu en startblok som har to forsinkelsesblokke, og som så også afspiller »Mester Jakob«.",
	"Music.helpText8": "Hver startblok skal afspille »Mester Jakob« to gange.",
	"Music.helpText9": "Opret fire startblokke som hver afspiller »Mester Jakob« to gange. Tilføj det korrekte antal forsinkelsesblokke.",
	"Music.helpText10": "Komponer lige hvad du vil. Du har et stort antal nye blokke du kan undersøge. Gør det sjovt!",
	"Music.helpText10Reddit": "Brug knappen \"Se galleri\" for at se hvad andre har komponeret. Hvis du komponerer noget interessant, så brug knappen \"Send til galleri\" for at udgive det.",
	"Pond.scanTooltip": "Søg efter fjender. Angiv en retning (0-360). Returnerer afstanden til den nærmeste fjende i den retning. Returnerer 'Infinity' (uendeligt), hvis den ikke fandt nogen fjender.",
	"Pond.cannonTooltip": "Affyrer kanonen. Angiv retning (0-360) og afstand (0-70).",
	"Pond.swimTooltip": "Svøm fremad. Angiv en retning (0-360).",
	"Pond.stopTooltip": "Stop med at svømme. Spilleren vil nedsætte hastigheden til den stopper.",
	"Pond.healthTooltip": "Returnerer spillerens nuværende helbred (0 er død, 100 er sundt).",
	"Pond.speedTooltip": "Returnerer spillerens aktuelle hastighed (0 er stoppet, 100 er fuld fart).",
	"Pond.locXTooltip": "Returnerer spillerens X-koordinat (0 er den venstre kant, 100 er den højre kant).",
	"Pond.locYTooltip": "Returnerer spillerens Y-koordinat (0 er den nederste kant, 100 er den øverste kant).",
	"Pond.docsTooltip": "Vis sprogdokumentationen.",
	"Pond.documentation": "Dokumentation",
	"Pond.playerName": "Spiller",
	"Pond.targetName": "Mål",
	"Pond.pendulumName": "Pendul",
	"Pond.scaredName": "Bange",
	"Pond.helpUseScan": "Din løsning virker, men du kan gøre det bedre. Brug 'scan'-kommandoen til at fortælle kanonen, hvor langt den skal skyde.",
	"Pond.helpText1": "Brug 'cannon'-kommandoen til at ramme målet. Den første parameter er vinklen, den anden parameter er afstanden. Find den rette kombination.",
	"Pond.helpText2": "Dette mål skal rammes mange gange. Brug en 'while (true)' løkke for at gøre noget uendeligt.",
	"Pond.helpText3a": "Denne modstander bevæger sig frem og tilbage, hvilket gør det svært at ramme. 'scan'-kommandoen returnerer den nøjagtige afstand til modstanderen i den angivne retning.",
	"Pond.helpText3b": "Denne afstand er præcis hvad 'cannon'-kommandoen skal bruge for at skyde præcist.",
	"Pond.helpText4": "Denne modstander er for langt væk til at bruge kanonen (som har en grænse på 70 meter). Brug i stedet 'swim'-kommandoen til at svømme i modstanderens retning og ramme den.",
	"Pond.helpText5": "Denne modstander er også for langt væk til at bruge kanonen. Men du er for svag til at overleve et sammenstød. Svøm mod din modstander, indtil din afstanden til modstanderen er mindre end 50. Brug så 'stop'-kommandoen og bruge kanonen.",
	"Pond.helpText6": "Denne modstander vil flytte sig væk, når den er blevet ramt. Svøm nærmere, hvis den er udenfor rækkevidde (70 meter).",
	"Pond.rabbitName": "Kanin",
	"Pond.counterName": "Tæller",
	"Pond.rookName": "Tårn",
	"Pond.sniperName": "Snigskytte",
	"Gallery": "Galleri"
}
