{
	"@metadata": {
		"authors": [
			"Gorizon",
			"Marmase",
			"Mirzali",
			"Kumkumuk",
			"1917 Ekim Devrimi"
		]
	},
	"Games.name": "Kayê Blockly",
	"Games.puzzle": "Puzzle",
	"Games.maze": "Labirent",
	"Games.bird": "Mirçıke",
	"Games.turtle": "Kesa",
	"Games.movie": "Bere",
	"Games.music": "Muzik",
	"Games.pondTutor": "Doleka musayışi",
	"Games.pond": "Golık",
	"Games.genetics": "Genetiki",
	"Games.linesOfCode1": "Şıma ena sewiya be JavaScript ra 1 xete hal kerde:",
	"Games.nextLevel": "Seba sewiya %1 rê şıma hazırê?",
	"Games.finalLevel": "Mısabeqaya bahdoyêne rê şıma hazırê?",
	"Games.submitTitle": "Sername:",
	"Games.linkTooltip": "Qeyd ke û be blokan ra gıre de.",
	"Games.runTooltip": "Proğramo ke to nusnayo bıxebetne",
	"Games.runProgram": "Programi Akar fi",
	"Games.resetTooltip": "Proğrami vındarnı u sewiyay reset ke",
	"Games.resetProgram": "Raçarne",
	"Games.help": "Peşti",
	"Games.dialogOk": "TEMAM",
	"Games.dialogCancel": "Bıtexelne",
	"Games.catLogic": "Mentıq",
	"Games.catLoops": "Dingeki",
	"Games.catMath": "Matematik",
	"Games.catText": "Metın",
	"Games.catLists": "Listi",
	"Games.catColour": "Reng",
	"Games.catVariables": "Vırneyeni",
	"Games.catProcedures": "Fonksiyoni",
	"Games.httpRequestError": "waştışi deyne zew problem esto",
	"Games.linkAlert": "Blokan na linkera bıhesrne\n\n%1",
	"Games.hashError": "Melûlime, '%1' be qet yew programi ra yewbini nêgêno.",
	"Games.xmlError": "Dosyaya şımaya qeydbiyayiye bar nêbena. Beno ke be versiyonê Blocklyê bini ra vıraziya?",
	"Games.listVariable": "liste",
	"Games.textVariable": "nuşte",
	"Games.blocks": "Kılitkerdışi",
	"Games.congratulations": "Tebrik kem!",
	"Index.clear": "Agozi pêro wa bıesteri yê?",
	"Index.subTitle": "Programwananê mesti rê kayi",
	"Index.moreInfo": "Mısnayoğan rê melumat...",
	"Index.startOver": "Qayılê ke fına suru bıkerê?",
	"Index.clearData": "Melumati bestere",
	"Puzzle.animal1": "Ordege",
	"Puzzle.animal1Trait1": "Pûrti",
	"Puzzle.animal1Trait2": "Nıkıle",
	"Puzzle.animal1HelpUrl": "https://diq.wikipedia.org/wiki/Ordege",
	"Puzzle.animal2": "Pısınge",
	"Puzzle.animal2Trait1": "Zımbêli",
	"Puzzle.animal2Trait2": "Çerme",
	"Puzzle.animal2HelpUrl": "https://diq.wikipedia.org/wiki/Pısınge",
	"Puzzle.animal3": "Mêsa hemgêni",
	"Puzzle.animal3Trait1": "Hemgêni",
	"Puzzle.animal3Trait2": "Tire",
	"Puzzle.animal3HelpUrl": "https://diq.wikipedia.org/wiki/Mêsa hemgêni",
	"Puzzle.animal4": "Qarvelık",
	"Puzzle.animal4Trait1": "Qafık",
	"Puzzle.animal4Trait2": "Çılm",
	"Puzzle.animal4HelpUrl": "https://diq.wikipedia.org/wiki/Qarvelık",
	"Puzzle.picture": "resım:",
	"Puzzle.legs": "şeqi:",
	"Puzzle.legsChoose": "weçine...",
	"Puzzle.traits": "xısusiyeti:",
	"Puzzle.checkAnswers": "Netican kontrol ke",
	"Maze.moveForward": "raver şo",
	"Maze.turnLeft": "şo hetê çepi",
	"Maze.turnRight": "şo hetê raşti",
	"Maze.doCode": "bıke",
	"Maze.elseCode": "eke çıniyo",
	"Maze.pathAhead": "Eger ke verdı ray esta se",
	"Maze.pathLeft": "Eger ke çepdı ray esta se",
	"Maze.pathRight": "Eger taşt dı ray esta se",
	"Maze.repeatUntil": "hend tekrar ke",
	"Maze.moveForwardTooltip": "Kaykeri yu vengeg beno revey.",
	"Maze.turnTooltip": "Kaykeri çerğê raşti yana çepi keno",
	"Bird.noWorm": "Lolıki çıniyo",
	"Bird.heading": "sername",
	"Turtle.moveForward": "honde raver şo",
	"Turtle.moveBackward": "honde peyser şo",
	"Turtle.turnRight": "hende şo hetê raşti",
	"Turtle.turnLeft": "hende şo hetê çepi",
	"Turtle.widthTooltip": "Herayiya qeleme vurneno.",
	"Turtle.setWidth": "herayiye eyar kerê",
	"Turtle.colourTooltip": "Rengê qeleme vurneno.",
	"Turtle.setColour": "rengi eyar kerê",
	"Turtle.penUp": "qeleme berz ke",
	"Turtle.penDown": "qeleme rone",
	"Turtle.hideTurtle": "kesa bınımne",
	"Turtle.showTurtle": "kesa bımocne",
	"Turtle.printHelpUrl": "https://en.wikipedia.org/wiki/Printing",
	"Turtle.print": "çap ke",
	"Turtle.fontHelpUrl": "https://en.wikipedia.org/wiki/Font",
	"Turtle.font": "font",
	"Turtle.fontSize": "çapa fonti",
	"Turtle.fontNormal": "normal",
	"Turtle.fontBold": "qalınd",
	"Turtle.fontItalic": "İtalik",
	"Turtle.galleryMsg": "Galeriye bıvêne",
	"Turtle.submitMsg": "Galeriye rê bırışe",
	"Turtle.helpText3b": "Yew astareyo zerd vıraze.",
	"Movie.x": "x",
	"Movie.y": "y",
	"Movie.x1": "verêniye x",
	"Movie.y1": "verêniye y",
	"Movie.x2": "peyniye x",
	"Movie.y2": "peyniye y",
	"Movie.radius": "çapane",
	"Movie.width": "herayiye",
	"Movie.height": "berziye",
	"Movie.circleDraw": "çembere",
	"Movie.rectDraw": "çargoşeyo tikın",
	"Movie.lineDraw": "xete",
	"Movie.galleryMsg": "Galeriye bıvêne",
	"Movie.submitMsg": "Galeriye rê bırışe",
	"Music.rest": "wexto mende %1",
	"Music.firstPart": "pareyo verên",
	"Music.piano": "piyano",
	"Music.trumpet": "trompet",
	"Music.banjo": "banco",
	"Music.violin": "kemane",
	"Music.guitar": "gitar",
	"Music.flute": "flute",
	"Music.drum": "dawul",
	"Music.choir": "koro",
	"Music.galleryMsg": "Galeriye bıvêne",
	"Music.submitMsg": "Galeriye rê bırışe",
	"Pond.documentation": "Dokumentasyon",
	"Pond.playerName": "Kayker",
	"Pond.targetName": "Hedef",
	"Pond.pendulumName": "Pandul",
	"Pond.scaredName": "Tersayo",
	"Pond.rabbitName": "Arwêş",
	"Pond.counterName": "Amardoğ",
	"Pond.rookName": "Kela",
	"Pond.sniperName": "Çekdar",
	"Gallery": "Galeriye"
}
