{
	"@metadata": {
		"authors": [
			"Etrapani",
			"Robin van der Vliet",
			"Mirin"
		]
	},
	"Games.name": "Ludoj de Blockly",
	"Games.puzzle": "Puzlo",
	"Games.maze": "Labirinto",
	"Games.bird": "Birdo",
	"Games.turtle": "Testudo",
	"Games.movie": "Filmo",
	"Games.music": "Muziko",
	"Games.pondTutor": "Gvidanto de lageto",
	"Games.pond": "Lageto",
	"Games.genetics": "Genetiko",
	"Games.linesOfCode1": "Vi solvis tiun ĉi nivelon per 1 linio de JavaScript:",
	"Games.linesOfCode2": "Vi solvis tiun ĉi nivelon per %1 linioj de JavaScript:",
	"Games.nextLevel": "Ĉu vi pretas por nivelo %1?",
	"Games.finalLevel": "Ĉu vi pretas por la venonta defio?",
	"Games.submitTitle": "Titolo:",
	"Games.linkTooltip": "Konservi kaj ligi al blokoj.",
	"Games.runTooltip": "Ruli la programon, kiun vi skribis.",
	"Games.runProgram": "Ruli programon",
	"Games.resetTooltip": "Haltigi la programon kaj rekomenci la nivelon.",
	"Games.resetProgram": "Remeti",
	"Games.help": "Helpo",
	"Games.dialogOk": "Bone",
	"Games.dialogCancel": "Nuligi",
	"Games.catLogic": "Logika",
	"Games.catLoops": "Cikloj",
	"Games.catMath": "Matematika",
	"Games.catText": "Teksto",
	"Games.catLists": "Listoj",
	"Games.catColour": "Koloro",
	"Games.catVariables": "Variabloj",
	"Games.catProcedures": "Funkcioj",
	"Games.httpRequestError": "Problemo okazis pri la peto.",
	"Games.linkAlert": "Disponigu viajn blokojn per la jena ligilo:\n\n%1",
	"Games.hashError": "Domaĝe, '%1' ne respondas al ajna konservita programo.",
	"Games.xmlError": "Ne povis ŝarĝi vian konservitan dosieron. Eble ĝi estis kreita per alia versio de Blockly?",
	"Games.submitted": "Dankon pro jena programo! Se ĝi plaĉas al nia stabo de trejnitaj simioj, ili publikigos ĝin ĉe la galerio en kelkaj tagoj.",
	"Games.listVariable": "listo",
	"Games.textVariable": "teksto",
	"Games.breakLink": "Se vi ekredaktas la JavaScript-kodon, vi ne povas rekomenci redaktadon de blokoj. Ĉu ekredakti?",
	"Games.blocks": "Blokoj",
	"Games.congratulations": "Gratulon!",
	"Games.helpAbort": "Tiu nivelo estas malfacilega. Ĉu vi volas preterpasi ĝin al la sekva nivelo? Vi povas reveni poste.",
	"Index.clear": "Ĉu forigi ĉiujn viajn solvojn?",
	"Index.subTitle": "Ludoj por la programistoj de la morgaŭo.",
	"Index.moreInfo": "Pliaj informoj...",
	"Index.startOver": "Ĉu vi volas rekomenci?",
	"Index.clearData": "Viŝi datumojn",
	"Puzzle.animal1": "Anaso",
	"Puzzle.animal1Trait1": "Plumoj",
	"Puzzle.animal1Trait2": "Beko",
	"Puzzle.animal1HelpUrl": "https://eo.wikipedia.org/wiki/Anaso",
	"Puzzle.animal2": "Kato",
	"Puzzle.animal2Trait1": "Vangoharoj",
	"Puzzle.animal2Trait2": "Pelto",
	"Puzzle.animal2HelpUrl": "https://eo.wikipedia.org/wiki/Hejma_kato",
	"Puzzle.animal3": "Abelo",
	"Puzzle.animal3Trait1": "Mielo",
	"Puzzle.animal3Trait2": "Pikilo",
	"Puzzle.animal3HelpUrl": "https://eo.wikipedia.org/wiki/Abelo",
	"Puzzle.animal4": "Heliko",
	"Puzzle.animal4Trait1": "Konko",
	"Puzzle.animal4Trait2": "Ŝlimo",
	"Puzzle.animal4HelpUrl": "https://eo.wikipedia.org/wiki/Heliko",
	"Puzzle.picture": "bildo:",
	"Puzzle.legs": "kruroj:",
	"Puzzle.legsChoose": "elektu...",
	"Puzzle.traits": "trajtoj:",
	"Puzzle.error0": "Perfekta! \nĈiuj %1 blokoj estas korektaj.",
	"Puzzle.error1": "Preskaŭ! Unu bloko estas malĝusta.",
	"Puzzle.error2": "%1 blokoj estas malĝustaj.",
	"Puzzle.tryAgain": "La elstarigita bloko estas malĝusta.\nPlu klopodu.",
	"Puzzle.checkAnswers": "Kontroli respondojn",
	"Puzzle.helpText": "Por ĉiu besto (verda) aneksu ĝian bildon, elektu la nombron de kruroj kaj staku ĝiajn trajtojn.",
	"Maze.moveForward": "moviĝi antaŭen",
	"Maze.turnLeft": "turniĝi maldekstren",
	"Maze.turnRight": "turniĝi dekstren",
	"Maze.doCode": "fari",
	"Maze.elseCode": "alie",
	"Maze.helpIfElse": "Blokoj 'se / alie' faros ĉu unu aferon ĉu la alian.",
	"Maze.pathAhead": "se estas vojo antaŭen",
	"Maze.pathLeft": "se estas vojo maldekstren",
	"Maze.pathRight": "se estas vojo dekstren",
	"Maze.repeatUntil": "ripeti ĝis",
	"Maze.moveForwardTooltip": "Movi la ludanton antaŭen, unu spaco.",
	"Maze.turnTooltip": "Turni la ludanton dekstren aŭ maldekstren, 90 gradoj.",
	"Maze.ifTooltip": "Se vojo ekzistas en la specifita direkto, do fari iujn agojn.",
	"Maze.ifelseTooltip": "Se vojo ekzistas en la specifita direkto, do rulu la unuan blokon de agojn. Alie, rulu la duan blokon de agoj.",
	"Maze.whileTooltip": "Ripeti la enhavatajn agojn ĝis la fino atingiĝas.",
	"Maze.capacity0": "Neniu bloko restas al vi.",
	"Maze.capacity1": "%1 bloko restas al vi.",
	"Maze.capacity2": "Restas al vi %2 blokoj.",
	"Maze.runTooltip": "Movi la ludanton laŭ la blokaj instrukcioj",
	"Maze.resetTooltip": "Remeti la ludanto ĉe la komenco de la labirinto.",
	"Maze.helpStack": "Kunstaku du 'movi antaŭen'-blokojn por helpi min celen.",
	"Maze.helpOneTopBlock": "Dum ĉi tiu nivelo, vi devas stakigi ĉiujn blokojn en la blanka laborspaco.",
	"Maze.helpRun": "Rulu vian programon por vidi kio okazas.",
	"Maze.helpReset": "Via programo ne solvis la labirinton. Premu 'Rekomenci' kaj klopodu denove.",
	"Maze.helpRepeat": "Atingu la finon de la vojo per nur du blokoj. Uzu 'ripeti'-blokon por ruli blokon plurfoje.",
	"Maze.helpCapacity": "Vi jam uzis ĉiujn da blokoj por ĉi tiu nivelo. Por krei novan blokon, vi devas unue forigi ekzistantan blokon.",
	"Maze.helpRepeatMany": "Pluraj blokoj povas ĉeesti en 'ripeti'-bloko.",
	"Maze.helpSkins": "Elekti vian preferatan ludanton el jena menuo.",
	"Maze.helpIf": "La 'se'-bloko faras ion nur se la kondiĉo estas vera. Provu maldekstran turnon se ekzistas vojo al la maldekstro.",
	"Maze.helpMenu": "Alklaku la menuon %1 en la 'se'-bloko por ŝanĝi ĝian kondiĉon.",
	"Maze.helpWallFollow": "Jen komplikan labirinton. Ĉu vi povas solvi ĝin? Provu sekvi la maldekstran muron. Nur por altnivelaj programistoj!",
	"Bird.noWorm": "ne havas vermon",
	"Bird.heading": "direktata al",
	"Bird.noWormTooltip": "La kondiĉo, kiam la birdo ne jam havas la vermon.",
	"Bird.headingTooltip": "Moviĝi al la direkto de la specifita angulo: 0 estas dekstren, 90 supren, ktp.",
	"Bird.positionTooltip": "x kaj y markas la pozicion de la birdo. Kiam x = 0, la birdo estas apud la maldekstra rando; kiam x = 100, la birdo estas apud la dekstr rando. Kiam y = 0, la birdo estas apud la malsupra rando; kiam y = 100, la birdo estas apud la supra rando.",
	"Bird.helpHeading": "Ŝanĝu la direktan angulon por helpi la birdon kapti la vermon kaj iri nesten.",
	"Bird.helpHasWorm": "Uzu ĉi tiun blokon por iri unu direkon se vi havas la vermon, aŭ alian direkton se vi ne havas la vermon.",
	"Bird.helpX": "'x' estas via aktuala horizonta pozicio. Uzu ĉi tiun blokon por iri unu direkon se 'x' estas malpli granda ol iu nombro, aŭ alian direkton se 'x' estas ne malpli granda.",
	"Bird.helpElse": "Alklaku la ikonon por modifi la 'se'-blokon.",
	"Bird.helpElseIf": "Tiu ĉi nivelo bezonas kaj blokon 'alie se' kaj blokon 'alie'.",
	"Bird.helpAnd": "La 'kaj'-bloko estas vera nur se ambaŭ eniroj estas veraj.",
	"Bird.helpMutator": "Trenu blokon 'alie' al la bloko 'se'.",
	"Turtle.moveTooltip": "Movi la testudon antaŭen aŭ malantaŭen je la specifita kiomo.",
	"Turtle.moveForward": "moviĝi antaŭen de distanco",
	"Turtle.moveBackward": "moviĝi malantaŭen de distanco",
	"Turtle.turnTooltip": "Turni la testudon dekstren aŭ maldekstren je la specifita kiomo da gradoj.",
	"Turtle.turnRight": "turniĝi dekstren je angulo",
	"Turtle.turnLeft": "turniĝi maldekstren je angulo",
	"Turtle.widthTooltip": "Ŝanĝi la larĝon de la plumo.",
	"Turtle.setWidth": "difini larĝon kiel",
	"Turtle.colourTooltip": "Ŝanĝi la koloron de la plumo.",
	"Turtle.setColour": "kolorigi kiel",
	"Turtle.penTooltip": "La plumo estos mallevita por komenci desegni aŭ mallevita por ne plu desegni.",
	"Turtle.penUp": "plumo supren",
	"Turtle.penDown": "plumo malsupren",
	"Turtle.turtleVisibilityTooltip": "Tio Igas la testudon (cirklon kaj sageton) ĉu videbla ĉu nevidebla.",
	"Turtle.hideTurtle": "kaŝi testudon",
	"Turtle.showTurtle": "montri testudon",
	"Turtle.printHelpUrl": "https://eo.wikipedia.org/wiki/Presarto",
	"Turtle.printTooltip": "Ekde la pozicio de la testudo, kaj en ĝia direkto, teksto estos desegnita.",
	"Turtle.print": "presi",
	"Turtle.fontHelpUrl": "https://eo.wikipedia.org/wiki/Tiparo",
	"Turtle.fontTooltip": "Elekti la tiparon uzatan de la 'presi'-blokon.",
	"Turtle.font": "tiparo",
	"Turtle.fontSize": "tipara grando",
	"Turtle.fontNormal": "normala",
	"Turtle.fontBold": "grasa",
	"Turtle.fontItalic": "kursiva",
	"Turtle.submitDisabled": "Rulu vian programon ĝis kiam ĝi haltas. Poste vi povas sendi vian desegnon al la galerio.",
	"Turtle.galleryTooltip": "Malfermi la galerion de desegnaĵoj.",
	"Turtle.galleryMsg": "Vidi galerion",
	"Turtle.submitTooltip": "Sendi vian desegnaĵon al la galerio.",
	"Turtle.submitMsg": "Sendi al la galerio",
	"Turtle.helpUseLoop": "Via solvo funkcias, sed vi povas plibonigi ĝin.",
	"Turtle.helpUseLoop3": "Desegni la formon per nur tri blokoj.",
	"Turtle.helpUseLoop4": "Desegni la stelon per nur kvar blokoj.",
	"Turtle.helpText1": "Krei programon, kiu desegnas kvadraton.",
	"Turtle.helpText2": "Ŝanĝi vian programon por desegni kvinangulon kaj ne kvadraton.",
	"Turtle.helpText3a": "Jen nova bloko kiu ŝanĝas la koloron:",
	"Turtle.helpText3b": "Desegni flavan stelon.",
	"Turtle.helpText4a": "Jen nova bloko kiu forlevas la plumon for de la papero kiam vi moviĝas:",
	"Turtle.helpText4b": "Desegnu malgrandan flavan stelon, kaj desegnu linion super ĝi.",
	"Turtle.helpText5": "Anstataŭ unu stelo, ĉu vi povas desegni kvar stelojn aranĝitajn kiel kvadrato?",
	"Turtle.helpText6": "Desegnu tri flavajn stelojn kaj unu blankan linion.",
	"Turtle.helpText7": "Desegnu la stelojn, kaj desegnu kvar blankajn liniojn.",
	"Turtle.helpText8": "Desegnaĵo de 360 blankaj linioj ŝajnos plenluno.",
	"Turtle.helpText9": "Ĉu vi povas aldoni nigran cirklon, por ke la luno estiĝas lunarko?",
	"Turtle.helpText10": "Desegnu ajnon deziratan. Jen variegon da novaj blokoj esploreblaj. Amuzu vin!",
	"Turtle.helpText10Reddit": "Uzu la butonon 'Vidi Galerion' por vidi desegnaĵojn far aliuloj. Se vi desegnas ion interesan, uzu la butonon 'Sendi al Galerio' por publikigi ĝin.",
	"Turtle.helpToolbox": "Elektu kategorion por vidi la blokojn.",
	"Movie.x": "x",
	"Movie.y": "y",
	"Movie.x1": "komenca x",
	"Movie.y1": "komenca y",
	"Movie.x2": "fina x",
	"Movie.y2": "fina y",
	"Movie.radius": "radiuso",
	"Movie.width": "larĝo",
	"Movie.height": "alto",
	"Movie.circleTooltip": "Desegni cirklon ĉe specifita lokon kun la specifita radiuso.",
	"Movie.circleDraw": "cirklo",
	"Movie.rectTooltip": "Desegni ortangulon ĉe la specifita loko kun specifita larĝo kaj alto.",
	"Movie.rectDraw": "ortangulo",
	"Movie.lineTooltip": "Desegni linion de unu punkto al alia kun specifitan larĝon.",
	"Movie.lineDraw": "linio",
	"Movie.timeTooltip": "Liveras la aktualan tempon en la movbildo (0-100).",
	"Movie.colourTooltip": "Ŝanĝi la koloron de la plumo.",
	"Movie.setColour": "kolorigi kiel",
	"Movie.submitDisabled": "Via filmo ne moviĝas. Uzu blokojn por fari ion interesan. Tiam vi povas sendi vian filmon al la galerio.",
	"Movie.galleryTooltip": "Malfermi la galerion de filmoj.",
	"Movie.galleryMsg": "Vidi Galerion",
	"Movie.submitTooltip": "Sendi vian filmon al la galerio.",
	"Movie.submitMsg": "Sendi al la galerio",
	"Movie.helpLayer": "Movu la fonan cirklon al la supro de via programo. Tiam ĝi aperos antaŭ la homo.",
	"Movie.helpText1": "Uzu simplajn formojn por desegni ĉi tiun homon.",
	"Movie.helpText2a": "Jen filma nivelo. Vi volas movi la brakon de la homo tra la ekrano. Alklaku la 'ludi'-butonon por antaŭrigardi.",
	"Movie.helpText2b": "Dum la filmo ludiĝas, la valoro de la bloko 'time' kalkulas ekde 0 ĝis 100. Ĉar la 'y'-koordinato de la brako estu 0 komence kaj 100 fine, tio estas facila.",
	"Movie.helpText3": "La 'time'-bloko kalkulas ekde 0 ĝis 100. Sed nun vi volas ke la 'y'-koordinato de la alia brako komencu ĉe 100 kaj iru ĝis 10. Ĉu vi povas trovi simplan matematikan formulon por inversigi la direkton?",
	"Movie.helpText4": "Uzu tion kion vi lernis en la antaŭa nivelo por fari kruciĝantajn krurojn.",
	"Movie.helpText5": "La matematika formulo pri la brako estas komplika. Jen la solvo:",
	"Movie.helpText6": "Donu paron da manoj al la homo.",
	"Movie.helpText7": "Uzu la 'se'-blokon por desegni malgranda kapon dum la unua duono de la filmo. Poste desegnu grandan kapon dum la dua duono de la filmo.",
	"Movie.helpText8": "Inversigu la direkton de la kruroj je la mezo de la filmo.",
	"Movie.helpText9": "Desegnu pligrandiĝantan cirklon antaŭ la homo.",
	"Movie.helpText10": "Faru ajnan filmon deziratan. Jen variegon da novaj blokoj esploreblaj. Amuzu vin!",
	"Movie.helpText10Reddit": "Uzu la butonon 'Vidi Galerion' por vidi filmojn far aliuloj. Se vi faras interesan filmon, uzu la butonon 'Sendi al Galerio' por publikigi ĝin.",
	"Music.playNoteTooltip": "Ludi unu noton de specifitaj daŭro kaj tono.",
	"Music.playNote": "ludi noton de daŭro %1 kaj tono %2",
	"Music.restTooltip": "Atendi dum specifita daŭro.",
	"Music.restWholeTooltip": "Silentas unu noton.",
	"Music.rest": "silenti dum %1",
	"Music.setInstrumentTooltip": "Ŝanĝi la instrumenton por sekvaj muzikaj notoj.",
	"Music.setInstrument": "ŝanĝi instrumenton al %1",
	"Music.startTooltip": "Ruli la enajn blokojn kiam oni alklakas la butonon 'Ruli Programon'",
	"Music.start": "kiam %1 alklakiĝas",
	"Music.pitchTooltip": "Unu noto (C4 estas 7).",
	"Music.firstPart": "unua parto",
	"Music.piano": "piano",
	"Music.trumpet": "trumpeto",
	"Music.banjo": "banĝo",
	"Music.violin": "violono",
	"Music.guitar": "gitaro",
	"Music.flute": "fluto",
	"Music.drum": "tamburo",
	"Music.choir": "ĥoro",
	"Music.submitDisabled": "Rulu vian programon ĝis kiam ĝi haltas. Poste vi povas sendi vian muzikon al la galerio.",
	"Music.galleryTooltip": "Malfermi la galerion de muziko.",
	"Music.galleryMsg": "Vidi Galerion",
	"Music.submitTooltip": "Sendi vian muzikon al la galerio.",
	"Music.submitMsg": "Sendi al Galerio",
	"Music.helpUseFunctions": "Via solvo funkcias, sed vi povas plibonigi ĝin. Uzu funkciojn por redukti la kvanton de ripetita kodo.",
	"Music.helpUseInstruments": "La muziko estus pli bona se vi uzus malsamajn instrumentojn en ĉiuj komencaj blokoj.",
	"Music.helpText1": "Komponu la unuajn kvar notojn de 'Frato Jakobo'.",
	"Music.helpText2a": "'Funkcio' grupigas blokojn kune, kaj vi povas ruli ĝin plurfoje.",
	"Music.helpText2b": "Kreu funkcion por ludi la unuajn kvar notojn de 'Frato Jakobo'. Rulu tiun funkcioj dufoje. Ne aldonu novajn notoblokojn.",
	"Music.helpText3": "Kreu duan funkcion por la sekva parto de 'Frato Jakobo'. La lasta noto estas pli longa.",
	"Music.helpText4": "Kreu trian funkcion por la sekva parto de 'Frato Jakobo'. La unuaj kvar notoj estas pli mallongaj.",
	"Music.helpText5": "Kompletigi la melodion de 'Frato Jakobo'.",
	"Music.helpText6a": "Ĉi tiu nova bloko ŝanĝas la instrumenton.",
	"Music.helpText6b": "Ludi vian melodion per violono.",
	"Music.helpText7a": "Ĉi tiu nova bloko aldonas iom da silento.",
	"Music.helpText7b": "Kreu duan komencan blokon, kiu enhavantas du silento-blokojn kaj poste ludas 'Fraton Jakobon'.",
	"Music.helpText8": "Ĉiu komenca bloko ludu 'Fraton Jakobon' dufoje.",
	"Music.helpText9": "Kreu kvar blokojn kiuj ludas 'Fraton Jakobon' po du fojoj. Aldonu la ĝustan nombron de silento-blokojn.",
	"Music.helpText10": "Komponu ajnon deziratan. Jen variegon da novaj blokoj esploreblaj. Amuzu vin!",
	"Music.helpText10Reddit": "Uzu la butonon 'Vidi Galerion' por aŭdi muzikojn far aliuloj. Se vi komponas ion interesan, uzu la butonon 'Sendi al Galerio' por publikigi ĝin.",
	"Pond.scanTooltip": "Skani por malamikoj. Specifu direkton (0-360). Liveri la distancon al la plej proksima malamiko en tiu direkto, aŭ Nefinion se neniu malamiko troviĝas.",
	"Pond.cannonTooltip": "Pafi la kanonon al specifitaj direkto (0-360) kaj distanco (0-70).",
	"Pond.swimTooltip": "Naĝi antaŭen. Specifu direkton (0-360).",
	"Pond.stopTooltip": "Ĉesi naĝadon. La ludanto haltos.",
	"Pond.healthTooltip": "Liveri la aktualan sanon de la ludanto (0 estas mortinteco, 100 estas plena sano)",
	"Pond.speedTooltip": "Liveri la aktualan rapidon de la ludanto (0 estas haltinteco, 100 estas maksimuma rapido)",
	"Pond.locXTooltip": "Liveri la X-koordinaton de la ludanto (0 estas la maldekstra rando, 100 estas la dekstra rando)",
	"Pond.locYTooltip": "Liveri la Y-koordinaton de la ludanto (0 estas la malsupra rando, 100 estas la supra rando)",
	"Pond.docsTooltip": "Montri la dokumentaron pri la lingvo.",
	"Pond.documentation": "Dokumentado",
	"Pond.playerName": "Ludanto",
	"Pond.targetName": "Celo",
	"Pond.pendulumName": "Pendolo",
	"Pond.scaredName": "Timigita",
	"Pond.helpUseScan": "Via solvo funkcias, sed estas pliboniegbla. Uzu 'scan' por agordi la pafan distancon de la kanono.",
	"Pond.helpText1": "Uzu la komandon 'cannon' por pafi celen. La unua parametro estas la angulo; la dua, la distancon. Trovu la ĝustan kombinaĵon.",
	"Pond.helpText2": "La celo frapendas multfoje. Uzi la iteracion 'while (true)' por fari ion senfine.",
	"Pond.helpText3a": "Ĉi tiu oponanto movas tien kaj reen, kaj tial trafi ĝin estas malfacile. La esprimo 'scan' liveras la ekzaktan distancon al la oponanto en la specifita direkto.",
	"Pond.helpText3b": "Ĉi tiu distanco estas ekzakte tio kion la komando 'cannon' necesas por pafi precize.",
	"Pond.helpText4": "Ĉi tiu oponanto estas tro malproksima por la kanono (kiu nur povas pafi 70 metrojn). Anstataŭe. uzu la komandon 'swim' por naĝi al la oponanto kaj frakasi ĝin.",
	"Pond.helpText5": "Ĉi tiu oponanto estas ankaŭ tro malproksima por la kanono. Sed vi estas tro malfortika por supervivi kolizion. Naĝu al oponanto dum via horizonta pozicio estas malpli ol 50. Kaj uzu la komandon 'stop' kaj uzu la kanonon.",
	"Pond.helpText6": "Ĉi tiu oponanto foriras se ĝi estas trafita. Naĝu al ĝi se ĝi estas ne trafebla (pli malproksima ol 70 metroj).",
	"Pond.rabbitName": "Kuniklo",
	"Pond.counterName": "Kalkulisto",
	"Pond.rookName": "Turo",
	"Pond.sniperName": "Pafisto",
	"Gallery": "Galerio"
}
