{
	"@metadata": {
		"authors": [
			"Villuvilkur",
			"Puik"
		]
	},
	"Games.name": "Blockly mängud",
	"Games.puzzle": "pusle",
	"Games.maze": "Labürint",
	"Games.bird": "Lind",
	"Games.turtle": "Kilpkonn",
	"Games.movie": "Film",
	"Games.pondTutor": "Tiigi lahing",
	"Games.pond": "Tiik",
	"Games.linesOfCode1": "Lahendasid selle taseme kasutades ühe rea JavaScript koodi",
	"Games.linesOfCode2": "Lahendasid selle taseme kasutades %1 rida JavaScript koodi",
	"Games.nextLevel": "Oled sa valmis tasemeks %1 ?",
	"Games.finalLevel": "Kas oled järgmiseks väljakutseks valmis?",
	"Games.runTooltip": "Käivita koostatud programm",
	"Games.runProgram": "Käivita programm",
	"Games.resetTooltip": "Peata programm ja mine algusesse.",
	"Games.resetProgram": "Tühjenda",
	"Games.help": "Abi",
	"Games.dialogOk": "Sobib",
	"Games.dialogCancel": "Loobu",
	"Games.catLogic": "Loogika",
	"Games.catLoops": "Silmad",
	"Games.catMath": "Matemaatika",
	"Games.catText": "Tekst",
	"Games.catLists": "Loendid",
	"Games.catColour": "Värv",
	"Games.catVariables": "Muutujad",
	"Games.catProcedures": "Funktsioonid",
	"Games.httpRequestError": "Väike tehniline probleem",
	"Games.linkAlert": "Jaga oma plokke selle lingiga: %1",
	"Games.hashError": "Kahjuks '%1' ei vasta ühelegi salvestatud programmile.",
	"Games.xmlError": "Ei saa laadida salvestatud faili. Võib-olla see on loodud erineva Blokli versiooniga?",
	"Games.listVariable": "loend",
	"Games.textVariable": "tekst",
	"Games.congratulations": "Palju õnne!",
	"Games.helpAbort": "See tase on väga raske. Kas soovid selle vahele jätta ja alustada järgmist mängu? Sa võid alati hiljem tagasi tulla.",
	"Index.clear": "Kustutan kõik sinu lahendused?",
	"Index.subTitle": "Mängud tulevastele programmeerijatele.",
	"Index.moreInfo": "Lisateave...",
	"Index.startOver": "Kas soovid uuesti alustada?",
	"Index.clearData": "Kustuta andmed",
	"Puzzle.animal1": "Part",
	"Puzzle.animal1Trait2": "Nokk",
	"Puzzle.animal1HelpUrl": "https://et.wikipedia.org/wiki/Part",
	"Puzzle.animal2": "Kass",
	"Puzzle.animal2Trait1": "Vurrud",
	"Puzzle.animal2Trait2": "Karvkate",
	"Puzzle.animal2HelpUrl": "https://et.wikipedia.org/wiki/Kass",
	"Puzzle.animal3": "Mesilane",
	"Puzzle.animal3Trait1": "Mesi",
	"Puzzle.animal3Trait2": "Mürgiastel",
	"Puzzle.animal3HelpUrl": "https://et.wikipedia.org/wiki/Mesilane",
	"Puzzle.animal4": "Tigu",
	"Puzzle.animal4Trait1": "Koda",
	"Puzzle.animal4Trait2": "Lima",
	"Puzzle.animal4HelpUrl": "https://et.wikipedia.org/wiki/Teod",
	"Puzzle.picture": "pilt:",
	"Puzzle.legs": "jalad:",
	"Puzzle.legsChoose": "vali...",
	"Puzzle.traits": "tunnused:",
	"Puzzle.error0": "Täiuslik!\nKõik %1 plokid on õiged.",
	"Puzzle.error1": "Peaaegu! Üks plokk on valesti.",
	"Puzzle.error2": "%1 plokki on valesti.",
	"Puzzle.tryAgain": "Märgistatud plokk on valesti.\nProovi uuesti.",
	"Puzzle.checkAnswers": "Vaata vastuseid",
	"Puzzle.helpText": "Lisa igale (rohelisele) loomale õige pilt, vali õige jalgade arv ja lisa õiged tunnused.",
	"Maze.moveForward": "liigu edasi",
	"Maze.turnLeft": "pööra vasakule",
	"Maze.turnRight": "pööra paremale",
	"Maze.doCode": "käivita",
	"Maze.elseCode": "vastasel juhul",
	"Maze.helpIfElse": "If-else plokid lubavad valida kahe erineva tegevuse vahel.",
	"Maze.pathAhead": "kui rada on otse ees",
	"Maze.pathLeft": "kui rada läheb vasemale",
	"Maze.pathRight": "kui rada läheb paremale",
	"Maze.repeatUntil": "korda, kuni",
	"Maze.moveForwardTooltip": "Mängija liigub sammu võrra edasi.",
	"Maze.turnTooltip": "Mängija pöörab vasemale või paremale.",
	"Maze.ifTooltip": "Kui on olemas rada vajalikus suunas, siis tee järmised toimingud.",
	"Maze.ifelseTooltip": "Kui rada läheb vajalikus suunas, täida esimese rühma käsud. Vastasel juhul täida teise rühma käsud.",
	"Maze.whileTooltip": "Korda lisatud käskusid kuni jõuad raja lõppu.",
	"Maze.capacity0": "Sul on %0 plokki järele jäänud.",
	"Maze.capacity1": "Sul on %1 plokk järel.",
	"Maze.capacity2": "Sul on %2 plokki järel.",
	"Maze.runTooltip": "Mängija täidab plokkides sisalduvaid käske.",
	"Maze.resetTooltip": "Pane mängija tagasi labürindi algusesse.",
	"Maze.helpStack": "Eesmärgile jõudmiseks lisa mitu \"liigu edasi\" plokki.",
	"Maze.helpOneTopBlock": "Sel tasandil pead valgele alale kokku laduma kõik plokid.",
	"Maze.helpRun": "Käivita oma programm ja vaata, mis juhtub.",
	"Maze.helpReset": "Sinu programm ei leidnud teed läbi labürindi. Vajuta nuppu \"Reset\" ja proovi teisiti.",
	"Maze.helpRepeat": "Raja lõpuni jõudmiseks saad kasutada kahte plokki. Kasuta \"kordus\" plokki, et anda sama käsku mitu korda.",
	"Maze.helpCapacity": "Sul on ära kasutatud kõik selle taseme plokid. Uue ploki loomiseks pead sa kõigepealt mõne olemasoleva ära kustutama.",
	"Maze.helpRepeatMany": "\"korda\" ploki sisse saab panna ka rohkem, kui ühe ploki.",
	"Maze.helpSkins": "Vali menüüst oma lemmikmängija.",
	"Maze.helpIf": "\"If\" plokk täidab käsu ainult siis, kui seatud tingimus on tõene. Proovi keerata vasemale, kui rada läheb vasemale.",
	"Maze.helpMenu": "Klõpsa %1, et muuta ploki olekut.",
	"Bird.heading": "Suund",
	"Turtle.turnRight": "pööra paremale",
	"Turtle.setColour": "sea värviks",
	"Turtle.penUp": "pliiats üles",
	"Turtle.penDown": "pliiats maha"
}
