{
	"@metadata": {
		"authors": [
			"Xabier Armendaritz",
			"Subi",
			"Asieriko",
			"An13sa",
			"Mikel Ibaiba",
			"EukeneFL"
		]
	},
	"Games.name": "Blocky Jokoak",
	"Games.puzzle": "Puzzle",
	"Games.maze": "Labirintoa",
	"Games.bird": "Txoria",
	"Games.turtle": "Dortoka",
	"Games.movie": "Filma",
	"Games.music": "Musika",
	"Games.pondTutor": "Putzu Tutorea",
	"Games.pond": "Urmaela",
	"Games.genetics": "Genetika",
	"Games.linesOfCode1": "Maila hau gainditu duzu JavaScript lerro bat erabiliz:",
	"Games.linesOfCode2": "Maila hau gainditu duzu %1 JavaScript lerro erabiliz:",
	"Games.nextLevel": "Prest zaude %1. mailarako?",
	"Games.finalLevel": "Prest zaude hurrengo erronkarako?",
	"Games.submitTitle": "Izenburua:",
	"Games.linkTooltip": "Gorde eta lotura sortu.",
	"Games.runTooltip": "Zuk idatzitako programa exekutatu",
	"Games.runProgram": "Programa exekutatu",
	"Games.resetTooltip": "Gelditu programa eta berrezarri maila.",
	"Games.resetProgram": "Berriz hasi",
	"Games.help": "Laguntza",
	"Games.dialogOk": "Ados",
	"Games.dialogCancel": "Utzi",
	"Games.catLogic": "Logika",
	"Games.catLoops": "Begiztak",
	"Games.catMath": "Matematika",
	"Games.catText": "Testua",
	"Games.catLists": "Zerrendak",
	"Games.catColour": "Kolorea",
	"Games.catVariables": "Aldagaiak",
	"Games.catProcedures": "Prozedurak",
	"Games.httpRequestError": "Eskaerarekin arazo bat egon da.",
	"Games.linkAlert": "Elkarbanatu blokeak lotura honekin:\n\n%1",
	"Games.hashError": "Barkatu, «%1» ez dator bat gordetako ezein programarekin.",
	"Games.xmlError": "Ezin izan da zure fitxategia kargatu. Agian Blockly-ren beste bertsio batekin sortua izan zen?",
	"Games.submitted": "Eskerrik asko programa honengatik! Gure tximino langile talde prestatuak gustoko badu, argitaratuko dute galerian egun batzuren buruan.",
	"Games.listVariable": "zerrenda",
	"Games.textVariable": "testua",
	"Games.breakLink": "Behin Java Script aldatzen hasi, ezingo duzu atzera egin aldatze blokeetara. Ados zaude honekin?",
	"Games.blocks": "Blokeak",
	"Games.congratulations": "Zorionak!",
	"Games.helpAbort": "Maila hau izugarri zaila da. Nahiko zenuke salto egin hurrengo jokora? Nahi izanez gero, itzul zaitezke geroago.",
	"Index.clear": "Emaitza guztiak ezabatu?",
	"Index.subTitle": "Biharko programatzaileentzako jokoak.",
	"Index.moreInfo": "Informazio gehiago...",
	"Index.startOver": "Berriz hasi nahi duzu?",
	"Index.clearData": "Datuak ezabatu",
	"Puzzle.animal1": "Ahatea",
	"Puzzle.animal1Trait1": "Lumak",
	"Puzzle.animal1Trait2": "Mokoa",
	"Puzzle.animal1HelpUrl": "https://eu.wikipedia.org/wiki/Ahate",
	"Puzzle.animal2": "Katua",
	"Puzzle.animal2Trait1": "Biboteak",
	"Puzzle.animal2Trait2": "Ilajea",
	"Puzzle.animal2HelpUrl": "https://eu.wikipedia.org/wiki/Katu",
	"Puzzle.animal3": "Erlea",
	"Puzzle.animal3Trait1": "Eztia",
	"Puzzle.animal3Trait2": "Eztena",
	"Puzzle.animal3HelpUrl": "https://eu.wikipedia.org/wiki/Erle",
	"Puzzle.animal4": "Barraskiloa",
	"Puzzle.animal4Trait1": "Oskola",
	"Puzzle.animal4Trait2": "Lirdinga",
	"Puzzle.animal4HelpUrl": "https://eu.wikipedia.org/wiki/Barraskilo",
	"Puzzle.picture": "irudia:",
	"Puzzle.legs": "hankak:",
	"Puzzle.legsChoose": "aukeratu...",
	"Puzzle.traits": "ezaugarriak:",
	"Puzzle.error0": "Bikain!\n%1 blokeak zuzen daude.",
	"Puzzle.error1": "Ia-ia! Bloke bat ez dago ondo.",
	"Puzzle.error2": "%1 bloke ez dira zuzenak.",
	"Puzzle.tryAgain": "Markatuta agertzen den blokea ez da zuzena.\nSaiatu berriro.",
	"Puzzle.checkAnswers": "Erantzunak egiaztatu",
	"Puzzle.helpText": "Animalia bakoitzari (berdea), argazkia jarri, bere hanka kopurua aukeratu, eta bere berezitasunak ere.",
	"Maze.moveForward": "mugi aurrera",
	"Maze.turnLeft": "biratu ezker",
	"Maze.turnRight": "biratu eskuin",
	"Maze.doCode": "egin",
	"Maze.elseCode": "bestela",
	"Maze.helpIfElse": "If-else blokeek gauza bat edo bestea egingo dute.",
	"Maze.pathAhead": "bidea badago aurrera",
	"Maze.pathLeft": "bidea badago ezkerrera",
	"Maze.pathRight": "bidea badago eskuinera",
	"Maze.repeatUntil": "arte errepikatu",
	"Maze.moveForwardTooltip": "Pegman aurreruntz tarte bat mugitzen du.",
	"Maze.turnTooltip": "Pegman ezkerrerantz edo eskuinerantz 90 gradu biratzen du.",
	"Maze.ifTooltip": "Esandako norantzan bidea badago, ekintza batzu burutu.",
	"Maze.ifelseTooltip": "Esandako norantzan bidea badago, ekintzen lehenengo blokea burutu. Bestela, ekintzen bigarren blokea burutu.",
	"Maze.whileTooltip": "Errepikatu barruko ekintzak bukaera punturaino iritsi arte.",
	"Maze.capacity0": "%0 bloke geratzen dira.",
	"Maze.capacity1": "Bloke %1 geratzen da.",
	"Maze.capacity2": "%2 bloke geratzen dira.",
	"Maze.runTooltip": "Jokalariari eginaraziko dio blokeek diotena.",
	"Maze.resetTooltip": "Jarri berriz jokalaria labirintoaren hasieran.",
	"Maze.helpStack": "Elkartu 'mugi aurrera' bloke pare bat helmugara iritsi ahal izateko.",
	"Maze.helpOneTopBlock": "Maila honetan, bloke guztiak lan-eremu txurian pilatu behar dituzu.",
	"Maze.helpRun": "Zure programa exekutatu ikusteko zer gertatzen den.",
	"Maze.helpReset": "Zure programak ez du labirintoa ebatzi. Sakatu 'Reset' eta saiatu berriz.",
	"Maze.helpRepeat": "Ordenagailuek memoria-kantitate mugatua dute. Saia zaitez bide honen bukaerara iristen soilik bi bloke erabiliz. Bloke bat behin baino gehiagotan erabiltzeko, erabili 'errepikatu'.",
	"Maze.helpCapacity": "Maila honetarako existitzen diren bloke guztiak erabili dituzu. Bloke berria eratzeko, lehenengo existitzen den blokea ezabatu beharko duzu.",
	"Maze.helpRepeatMany": "'errepikatu' bloke baten barruan bloke bat baino gehiago erabili dezakezu.",
	"Maze.helpSkins": "Hauta ezazu zure jokalaririk gogokoena menu honetatik.",
	"Maze.helpIf": "'if' bloke batek zeozer egingo du bakarrik baldintza betetzen bada. Saiatu ezkerrera biratzen ezkerrera bidea baldin badago.",
	"Maze.helpWallFollow": "Labirinto zail honi irtenbidea aurkitu diezaiokezu? Saia zaitez ezker-pareta jarraitzen.",
	"Bird.noWorm": "Ez dauka zizarerik",
	"Bird.heading": "goiburua",
	"Bird.noWormTooltip": "Txoriak zizarea lortu ez dueneko baldintza.",
	"Bird.helpElse": "Klikatu ikonoan 'ba' blokean aldaketak egiteko.",
	"Turtle.setWidth": "Aldatu pisua hurrengora",
	"Turtle.colourTooltip": "Boligrafoaren kolorea aldatzen du.",
	"Turtle.setColour": "hurrengo kolorera aldatu",
	"Turtle.penTooltip": "Boligrafoa igotzen ala jaisten du, marrazten hasteko ala marrazteari uzteko.",
	"Turtle.penUp": "Boligrafoa gora",
	"Turtle.penDown": "Boligrafoa behera",
	"Turtle.turtleVisibilityTooltip": "Dordoka (borobila eta gezia) ikusgarri ala ikustezin egin du.",
	"Turtle.hideTurtle": "ezkutatu dortoka",
	"Turtle.showTurtle": "erakutsi dortoka",
	"Turtle.printHelpUrl": "https://eu.wikipedia.org/wiki/Inprimatze",
	"Turtle.printTooltip": "Testua irudikatzen du dordokaren norabidean eta haren kokapena.",
	"Turtle.print": "inprimatu",
	"Turtle.fontHelpUrl": "https://en.wikipedia.org/wiki/Iturri",
	"Turtle.font": "letra mota",
	"Turtle.fontSize": "letraren tamaina",
	"Turtle.fontNormal": "normala",
	"Turtle.fontBold": "Lodia",
	"Turtle.fontItalic": "italikoa",
	"Turtle.submitDisabled": "Exekutatu zure programa gelditu arte. Ondoren, zure marrazkia galeriara bidal dezakezu.",
	"Turtle.galleryTooltip": "Marrazkien galeria ireki.",
	"Turtle.galleryMsg": "Ikusi galeria",
	"Turtle.submitTooltip": "Bidali zure marrazkia galeriara.",
	"Turtle.submitMsg": "Bidali galeriara",
	"Turtle.helpUseLoop": "Zure soluzioak funtzionatzen du, baina hobeto egin dezakezu.",
	"Turtle.helpUseLoop3": "Marraz ezazu forma hiru blokerekin besterik ez.",
	"Turtle.helpUseLoop4": "Marraz ezazu izarra lau blokerekin besterik ez.",
	"Turtle.helpText1": "Sortu karratua marrazten duen programa.",
	"Turtle.helpText2": "Alda ezazu zure programa pentagonoa marrazteko karratuaren ordez.",
	"Turtle.helpText3a": "Bloke berri bat dago kolorea aldatzen ahalbidetzen dizuna:",
	"Turtle.helpText3b": "Marrazt ezazu izar hori bat.",
	"Turtle.helpText4a": "Bloke berri bat dago mugitzean boligrafoa paperetik altxatzea ahalbidetzen dizuna:",
	"Turtle.helpText4b": "Marraz ezazu izar hori bat, gero marraztu marra bat haren gain.",
	"Turtle.helpText5": "Izar baten ordez, lau izar karratu batean kokatuta marraz ditzakezu?",
	"Turtle.helpText6": "Marraz itzazu hiru izar hori eta marra zuri bat.",
	"Turtle.helpText7": "Marraz itzazu izarrak, gero marraztu lau marra zuri.",
	"Turtle.helpText8": "360 marra zuri marrazterakoan ilbetearen antza izango du.",
	"Turtle.helpText9": "Gehi dezakezu borobil beltza ilargia ilgora bilaka dadin?",
	"Turtle.helpText10": "Marraz ezazu nahi duzuna. Milaka bloke dauzkazu exploratzeko. Ondo pasa!",
	"Turtle.helpToolbox": "Hautatu kategoria blokeak ikusteko.",
	"Movie.x": "x",
	"Movie.y": "y",
	"Movie.x1": "hasiera x",
	"Movie.y1": "hasiera y",
	"Movie.x2": "amaiera x",
	"Movie.y2": "amaiera y",
	"Movie.radius": "erradioa",
	"Movie.width": "zabalera",
	"Movie.height": "garaiera",
	"Movie.circleTooltip": "Borobil bat marraztu du zehaztutako kokapenean eta zehaztutako erradioarekin.",
	"Movie.circleDraw": "zirkulua",
	"Movie.rectTooltip": "Laukizuzen bat marraztu du zehaztutako kokapenean eta zehaztutako zabalera eta altuerarekin.",
	"Movie.rectDraw": "laukizuzena",
	"Movie.lineTooltip": "Puntu batetik bestera marra bat marraztu du zehaztutako zabalerarekin.",
	"Movie.lineDraw": "lerroa",
	"Movie.timeTooltip": "Animazioko oraingo denborara bueltatzen da(0-100).",
	"Movie.colourTooltip": "Boligrafoaren kolorea aldatzen du.",
	"Movie.setColour": "hurrengo kolorera aldatu",
	"Movie.submitDisabled": "Zure pelikula ez da mugitzen. Erabil itzazu blokeak zerbait interesgarria sortzeko. Orduan pelikula bidali ahalko duzu galeriara.",
	"Movie.galleryTooltip": "Ireki filmen galeria.",
	"Movie.galleryMsg": "Ikusi galeria",
	"Movie.submitTooltip": "Bidali zure filma galeriara.",
	"Movie.submitMsg": "Bidali galeriara",
	"Movie.helpLayer": "Mugitu atzealdeko borobila zure programako goialdera. Orduan pertsonaren atzean agertuko da.",
	"Movie.helpText1": "Erabil itzazu forma sinpleak pertsona hau marrazteko.",
	"Movie.helpText2a": "Maila hau film bat da. Pertsonaren besoa pantailatik zehar mugi dadin nahi duzu. Sakatu play botoia aurreikuspena ikusteko.",
	"Movie.helpText2b": "Filma martxan dagoen bitartean, 'denbora' balioak zenbatzen du 0tik 100era. Besoaren 'y' posizioa 0tik hastea eta 100era joatea nahi zenuenez gero hau erraza izan beharko litzateke.",
	"Movie.helpText3": "'denbora' blokeak 0tik 100era zenbatzen du. Baina orain besoaren 'y' posizioa 100ean hasi eta 0ra joan dadin nahiko zenuke. Norabide honetara iraul dadin formula matematiko sinplea irudika dezakezu?",
	"Movie.helpText4": "Erabili aurreko mailan ikasi zenuena hankak gurutzarazteko.",
	"Movie.helpText5": "Besorako formula matematikoa zaila da. Hona hemen erantzuna:",
	"Movie.helpText6": "Pertsonari esku pare bat ematen dio.",
	"Movie.helpText8": "Egin hankak alderantzikatzeko norabidea har dezaten filmaren erditik zehar.",
	"Movie.helpText9": "Marraztu zabaltzen den borobila pertsonaren atzean.",
	"Movie.helpText10": "Marraz ezazu nahi duzunari buruzko filma. Milaka bloke berri dauzkazu exploratzeko. Ondo pasa!",
	"Music.playNoteTooltip": "Zehaztutako iraupena eta tonua duen nota musikala jotzen du.",
	"Music.playNote": "jo %1 %2 ohar",
	"Music.restTooltip": "Zehaztutako iraupenaren zain dago.",
	"Music.restWholeTooltip": "Ohar oso baten zain dago.",
	"Music.rest": "%1 falta da",
	"Music.setInstrumentTooltip": "Zehaztutako instrumentura aldatzen da ondorengo musika notak jotzen direnean.",
	"Music.setInstrument": "Aldatu tresna %1(e)ra",
	"Music.startTooltip": "Barruko blokeak exekutatzen ditu 'Programa exekutatu' botoia sakatzen duenean",
	"Music.start": "%1 sakatzen duenean",
	"Music.pitchTooltip": "Ohar bat (C4 7 da).",
	"Music.firstPart": "lehenengo atala",
	"Music.piano": "pianoa",
	"Music.trumpet": "tronpeta",
	"Music.banjo": "banjoa",
	"Music.violin": "bibolina",
	"Music.guitar": "gitarra",
	"Music.flute": "txirula",
	"Music.drum": "danborra",
	"Music.choir": "abesbatza",
	"Music.submitDisabled": "Exekutatu programa gelditu arte. Ondoren, zure musika galeriara bidal dezakezu.",
	"Music.galleryTooltip": "Ireki musika galeria.",
	"Music.galleryMsg": "Ikusi Galeria",
	"Music.submitTooltip": "Bidali zure musika galeriara.",
	"Music.submitMsg": "Bidali Galeriara",
	"Music.helpUseFunctions": "Zure soluzioak funtzionatzen du, baina hobe egin dezakezu. Erabili kudeaketa funtzioak errepikatutako kode kopurua txikitzeko.",
	"Music.helpUseInstruments": "Musika hobeto entzungo da hasiera bloke bakoitzean instrumentu ezberdina erabiltzen baduzu.",
	"Music.helpText1": "Konposa itzatzu 'Frère Jacques' abestirako lehenengo lau notak.",
	"Music.helpText2a": "'funtzio' batek blokeak batera pilatzea eta gero behin baino gehiagotan exekutatzea ahalbidetzen dizu.",
	"Music.helpText2b": "Sortu funtzio bat 'Frère Jacques' abestiaren lehenengo lau notak jotzeko. Exekutatu funtzio hori birritan. Ez gehitu ohar bloke berririk.",
	"Music.helpText3": "Sortu bigarren funtzio bat 'Frère Jacques' abestiaren hurrengo atalerako. Azken nota luzeagoa da.",
	"Music.helpText4": "Sortu hirugarren funtzio bat 'Frère Jacques' abestiaren hurrengo atalerako. Lehenengo lau notak laburragoak dira.",
	"Music.helpText5": "Osatu 'Frère Jacques' melodia osoa.",
	"Music.helpText6a": "Bloke berri honek beste instrumentu batera aldatzea ahalbidetzen dizu.",
	"Music.helpText6b": "Jo ezazu zure melodia bibolinarekin.",
	"Music.helpText7a": "Bloke berri honek isiltasun atzerapena gehitzen du.",
	"Music.helpText7b": "Bigarren hasiera blokea sortu bi atzerapen bloke dituena, gero ere 'Frère Jacques' jotzen duena.",
	"Music.helpText8": "Hasiera bloke bakoitzak 'Frère Jacques' jo beharko luke birritan.",
	"Music.helpText9": "Sortu lau hasiera blokeak bakoitzak 'Frère Jacques' birritan jotzen duena. Gehitu atzerapen bloke kantitate zuzena.",
	"Music.helpText10": "Konposa ezazu nahi duzuna. Milaka bloke berri dauzkazu exploratzeko. Ondo pasa!",
	"Pond.swimTooltip": "Igeri egin aurrera. Zehaztu norabidea (0-360).",
	"Pond.stopTooltip": "Gelditu igeriketa. Jokalaria gelditu egingo da stopean.",
	"Pond.healthTooltip": "Jokalariari uneko osasuna bueltatzen zaio (0 hilda da, 100 osasuntsu da).",
	"Pond.speedTooltip": "Jokalaria uneko abiadurara bueltatzen da (0 geldi da, 100 guztizko abiadura da).",
	"Pond.locXTooltip": "Jokalariaren X koordenada bueltatzen da (0 ezkerreko muturra da, 100 eskumako muturra da).",
	"Pond.locYTooltip": "Jokalariaren Y koordenada bueltatzen da (0 beheko muturra da, 100 goiko muturra da).",
	"Pond.docsTooltip": "Hizkuntza dokumentazioa erakutsi.",
	"Pond.documentation": "Dokumentazioa",
	"Pond.playerName": "Jokalaria",
	"Pond.targetName": "Jomuga",
	"Pond.pendulumName": "Pendulua",
	"Pond.scaredName": "Beldurtuta",
	"Pond.helpUseScan": "Zure soluzioak funtzionatzen du, baina hobeto egin dezakezu. Erabili 'scan' cannonari zein urrun joan behar den adierazteko.",
	"Pond.rabbitName": "Untxia",
	"Pond.counterName": "Zenbatzailea",
	"Pond.rookName": "Dorrea",
	"Pond.sniperName": "Frankotiratzailea",
	"Gallery": "Galeria"
}
