{
	"@metadata": {
		"authors": [
			"Samoasambia",
			"Silvonen",
			"Nike",
			"Pettevi",
			"McSalama",
			"Espeox",
			"Mikahama",
			"PStudios",
			"Pyscowicz",
			"KK"
		]
	},
	"Games.name": "Blockly-pelit",
	"Games.puzzle": "Palapeli",
	"Games.maze": "Sokkelo",
	"Games.bird": "Lintu",
	"Games.turtle": "Kilpikonna",
	"Games.movie": "Elokuva",
	"Games.music": "Musiikki",
	"Games.pondTutor": "Lampi Tutor",
	"Games.pond": "Lampi",
	"Games.genetics": "Genetiikka",
	"Games.linesOfCode1": "Ratkaisit tämän tason yhdellä rivillä JavaScriptiä:",
	"Games.linesOfCode2": "Ratkaisit tämän tason %1 rivillä JavaScriptiä:",
	"Games.nextLevel": "Oletko valmis tasoon %1?",
	"Games.finalLevel": "Oletko valmis seuraavaan haasteeseen?",
	"Games.submitTitle": "Otsikko:",
	"Games.linkTooltip": "Tallenna ja linkitä lohkoihin.",
	"Games.runTooltip": "Suorita kirjoittamasi ohjelma.",
	"Games.runProgram": "Suorita ohjelma",
	"Games.resetTooltip": "Lopeta ohjelma ja nollaa taso.",
	"Games.resetProgram": "Nollaa",
	"Games.help": "Ohje",
	"Games.dialogOk": "OK",
	"Games.dialogCancel": "Peru",
	"Games.catLogic": "Logiikka",
	"Games.catLoops": "Silmukat",
	"Games.catMath": "Matematiikka",
	"Games.catText": "Teksti",
	"Games.catLists": "Listat",
	"Games.catColour": "Väri",
	"Games.catVariables": "Muuttujat",
	"Games.catProcedures": "Funktiot",
	"Games.httpRequestError": "Pyyntö epäonnistui.",
	"Games.linkAlert": "Jaa lohkosi tällä linkillä:",
	"Games.hashError": "Valitettavasti '%1' ei vastaa mitään tallennettua ohjelmaa.",
	"Games.xmlError": "Tallennuksen lataaminen epäonnistui. Ehkä se on tehty Blocklyn eri versiolla?",
	"Games.submitted": "Kiitos ohjelmastasi! Jos meidän koulutetuista apinoista koostuva henkilöstömme pitää ohjelmasta, niin he julkaisevat sen galleriassa muutaman päivän sisällä.",
	"Games.listVariable": "lista",
	"Games.textVariable": "teksti",
	"Games.breakLink": "Kun alat muokkaamaan JavaScriptiä, et voi enää palata muokkaamaan lohkoja. Haluatko jatkaa?",
	"Games.blocks": "Lohkot",
	"Games.congratulations": "Onnittelut!",
	"Games.helpAbort": "Tämä taso on erittäin haastava. Haluatko ohittaa sen ja siirtyä seuraavaan peliin? Voit palata takaisin myöhemmin.",
	"Index.clear": "Haluatko varmasti poistaa kaikki ratkaisut?",
	"Index.subTitle": "Pelejä tuleville ohjelmoijille.",
	"Index.moreInfo": "Lisätietoja…",
	"Index.startOver": "Haluat aloittaa alusta?",
	"Index.clearData": "Tyhjennä tiedot",
	"Puzzle.animal1": "Ankka",
	"Puzzle.animal1Trait1": "Höyhenet",
	"Puzzle.animal1Trait2": "Nokka",
	"Puzzle.animal1HelpUrl": "https://fi.wikipedia.org/wiki/Ankka",
	"Puzzle.animal2": "Kissa",
	"Puzzle.animal2Trait1": "Viikset",
	"Puzzle.animal2Trait2": "Turkki",
	"Puzzle.animal2HelpUrl": "https://fi.wikipedia.org/wiki/Kissa",
	"Puzzle.animal3": "Mehiläinen",
	"Puzzle.animal3Trait1": "Hunaja",
	"Puzzle.animal3Trait2": "Pistin",
	"Puzzle.animal3HelpUrl": "https://fi.wikipedia.org/wiki/Mehiläiset",
	"Puzzle.animal4": "Etana",
	"Puzzle.animal4Trait1": "Kuori",
	"Puzzle.animal4Trait2": "Lima",
	"Puzzle.animal4HelpUrl": "https://fi.wikipedia.org/wiki/Käärme",
	"Puzzle.picture": "kuva:",
	"Puzzle.legs": "jalkoja:",
	"Puzzle.legsChoose": "valitse...",
	"Puzzle.traits": "piirteet:",
	"Puzzle.error0": "Hienoa!\nKaikki %1 lohkoa ovat oikein.",
	"Puzzle.error1": "Lähes oikein! Vain yksi lohko on väärin.",
	"Puzzle.error2": "%1 lohkoa ovat virheellisiä.",
	"Puzzle.tryAgain": "Korostettu lohko ei ole oikein.\nYritä uudelleen.",
	"Puzzle.checkAnswers": "Tarkista vastaukset",
	"Puzzle.helpText": "Kullekin eläimelle (vihreä), liitä oikea kuva, valitse jalkojen lukumäärä ja tee pino piirteistä.",
	"Maze.moveForward": "liiku eteenpäin",
	"Maze.turnLeft": "käänny vasemmalle",
	"Maze.turnRight": "käänny oikealle",
	"Maze.doCode": "tee",
	"Maze.elseCode": "muutoin",
	"Maze.helpIfElse": "If-else (joko-tai) -lohko tekee joko yhden tai toisen asian.",
	"Maze.pathAhead": "jos edessä on polku",
	"Maze.pathLeft": "jos polku kääntyy vasemmalle",
	"Maze.pathRight": "jos polku kääntyy oikealle",
	"Maze.repeatUntil": "toista kunnes",
	"Maze.moveForwardTooltip": "Liikuta pelaajaa eteenpäin yksi askel.",
	"Maze.turnTooltip": "Kääntää pelaajaa vasemmalle tai oikealle 90 astetta.",
	"Maze.ifTooltip": "Jos on olemassa polku määritettyyn suuntaan, tee joitain toimintoja.",
	"Maze.ifelseTooltip": "Jos polku vie annettuun suuntaan, ensimmäisen osan palikat suoritetaan. Muuten suoritetaan toisen osan palikat.",
	"Maze.whileTooltip": "Toistaa sulkujen sisällä olevaa koodia siihen saakka, että sulkuja edeltävä ehto täyttyy.",
	"Maze.capacity0": "Sinulla on %0 lohkoa jäljellä.",
	"Maze.capacity1": "Sinulla on %1 lohko jäljellä.",
	"Maze.capacity2": "Sinulla on %2 lohkoa jäljellä.",
	"Maze.runTooltip": "Saa pelaajan tekemään asioita, joita koodilohkot kuvailevat.",
	"Maze.resetTooltip": "Aseta pelaaja sokkelon alkuun.",
	"Maze.helpStack": "Pinoa muutama \"liiku eteenpäin\" -lohko yhteen, jotta pääsisin maaliin asti.",
	"Maze.helpOneTopBlock": "Tässä tehtävässä sinun pitää pinota kaikki lohkot päällekkäin valkoisella työalueella.",
	"Maze.helpRun": "Suorita ohjelmasi nähdäksesi, mitä tapahtuu.",
	"Maze.helpReset": "Ohjelmasi ei ratkaise sokkeloa. Paina \"Nollaa\" ja yritä uudelleen.",
	"Maze.helpRepeat": "Koita saavuttaa polun pää käyttäen vain kahta lohkoa. Käytä 'toista' lohkoa suorittaaksesi lohkoja useamman kerran.",
	"Maze.helpCapacity": "Olet käyttäny tämän tason kaikki käytettävissä olevat lohkot. Sinun pitää ensin poistaa olemassa oleva lohko, ennen kuin voit luoda uuden lohkon.",
	"Maze.helpRepeatMany": "Voit laittaa useita lohkoja 'toista' lohkon sisään.",
	"Maze.helpSkins": "Valitse suosikkihahmosi tästä valikosta.",
	"Maze.helpIf": "'jos' lohko toimii vain jos jokin ehto on tosi. Kokeile kääntyä vasemmalle kun polku kääntyy vasemmalle.",
	"Maze.helpMenu": "Napsauta %1 'jos' lohkossa vaihtaaksesi ehtoa.",
	"Maze.helpWallFollow": "Pystytkö ratkaisemaan tämän monimutkaisen sokkelon? Kokeile seurata vasenta seinää. Vain kokeneille ohjelmoijille.",
	"Bird.noWorm": "linnulla ei ole matoa",
	"Bird.heading": "kurssi",
	"Bird.noWormTooltip": "Tila jossa lintu ei ole saanut matoa.",
	"Bird.headingTooltip": "Siirry annetun kulman suuntaan: 0 tarkoittaa oikealle, 90 suoraan ylös jne.",
	"Bird.positionTooltip": "x ja y ilmaisevat linnun sijainnin. Kun x = 0, lintu on vasemmassa laidassa; kun taas x = 100, lintu on oikeassa laidassa. Kun y = 0, lintu on alareunassa; kun taas y = 100, lintu on ylälaidassa.",
	"Bird.helpHeading": "Vaihda menokulmaa niin, että lintu saa madon ja laskeutuu pesäänsä.",
	"Bird.helpHasWorm": "Käytä tätä lohkoa siirtyäksesi tiettyyn kohtaan jos sinulla on mato, tai toiseen kohtaan jos sinulla ei ole matoa.",
	"Bird.helpX": "'x' on vaakasuora sijaintisi. Käytä tätä lohkoa siirtyäksesi sivuttain jos 'x' on pienempi kuin jokin numero tai käytä jotain toista lohkoa.",
	"Bird.helpElse": "Napsauttamalla kuvaketta voit muokata 'jos'-lohkoa.",
	"Bird.helpElseIf": "Tässä tehtävässä tarvitaan sekä 'muuten tai' sekä 'muuten' lohkoja.",
	"Bird.helpAnd": "'ja' lohko on totta vain jos molemmat sen ehdot ovat totta.",
	"Bird.helpMutator": "Vedä 'muuten' lohko 'jos' lohkon sisään.",
	"Turtle.moveTooltip": "Liikuttaa kilpikonnaa eteenpäin tai taaksepäin antamasi luvun verran.",
	"Turtle.moveForward": "siirrä eteenpäin",
	"Turtle.moveBackward": "siirry taaksepäin",
	"Turtle.turnTooltip": "Kääntää kilpikonnaa vasta- tai myötäpäivään tietyn verran astetta.",
	"Turtle.turnRight": "käänny oikealle",
	"Turtle.turnLeft": "käänny vasemmalle",
	"Turtle.widthTooltip": "Vaihtaa kynän leveyden.",
	"Turtle.setWidth": "asettaa leveyden arvoon",
	"Turtle.colourTooltip": "Vaihtaa kynän väriä.",
	"Turtle.setColour": "aseta väriksi",
	"Turtle.penTooltip": "Nostaa tai laskee kynän, jotta piirtäminen loppuu tai alkaa.",
	"Turtle.penUp": "kynä ylös",
	"Turtle.penDown": "kynä alas",
	"Turtle.turtleVisibilityTooltip": "Tekee kilpikonnasta (ympyrä ja nuoli) näkyvän tai näkymättömän.",
	"Turtle.hideTurtle": "piilota kilpikonna",
	"Turtle.showTurtle": "näytä kilpikonna",
	"Turtle.printHelpUrl": "https://fi.wikipedia.org/wiki/Painaminen",
	"Turtle.printTooltip": "Tuottaa tekstiä kilpikonnan osoittamaan suuntaan.",
	"Turtle.print": "tulosta",
	"Turtle.fontHelpUrl": "https://fi.wikipedia.org/wiki/Fontti",
	"Turtle.fontTooltip": "Asettaa käytettävän fontin tekstin näyttämiseen.",
	"Turtle.font": "kirjasin",
	"Turtle.fontSize": "Fonttikoko",
	"Turtle.fontNormal": "normaali",
	"Turtle.fontBold": "lihavoitu",
	"Turtle.fontItalic": "kursivoitu",
	"Turtle.submitDisabled": "Aja ohjelmasi kunnes se päättyy. Sitten voit lähettää piirroksesi galleriaan.",
	"Turtle.galleryTooltip": "Avaa piirrosgalleria.",
	"Turtle.galleryMsg": "Näytä galleria",
	"Turtle.submitTooltip": "Lähetä piirroksesi galleriaan.",
	"Turtle.submitMsg": "Lähetä galleriaan",
	"Turtle.helpUseLoop": "Ratkaisusi toimii, mutta pystyt parempaan.",
	"Turtle.helpUseLoop3": "Piirrä kuvio vain kolmella lohkolla.",
	"Turtle.helpUseLoop4": "Piirrä tähti vain neljällä lohkolla.",
	"Turtle.helpText1": "Luo ohjelma, joka piirtää neliön.",
	"Turtle.helpText2": "Muuta ohjelmaa niin, että se piirtääkin viisikulmion nelikulmion asemesta.",
	"Turtle.helpText3a": "Nyt käytössäsi on uusi lohko, jonka avulla voit muuttaa väriä.",
	"Turtle.helpText3b": "Piirrä keltainen tähti.",
	"Turtle.helpText4a": "Nyt käytössäsi on uusi lohko, jonka avulla voit nostaa kynän ylös paperista, kun liikut.",
	"Turtle.helpText4b": "Piirrä pieni keltainen tähti ja sitten piirrä viiva sen yläpuolelle.",
	"Turtle.helpText5": "Yhden tähden sijaan voitko tällä kertaa piirtää neljä tähteä neliön muotoon?",
	"Turtle.helpText6": "Piirrä kolme keltaista tähteä ja yksi valkoinen viiva.",
	"Turtle.helpText7": "Piirrä tähdet ja sitten piirrä neljä valkoista viivaa.",
	"Turtle.helpText8": "360 valkoisen viivan piirtäminen saa aikaan täyden kuun.",
	"Turtle.helpText9": "Saatko kuusta sirpin muotoisen lisäämällä mustan ympyrän?",
	"Turtle.helpText10": "Piirrä mitä tahansa haluat. Sinulla on suuri määrä uusia lohkoja tutustuttavana. Pidä hauskaa!",
	"Turtle.helpText10Reddit": "Käytä \"Katso Galleria\" - painiketta nähdäksesi mitä muut ovat piirtäneet. Jos piirrät jotain mielenkiintoista, käytä \"Lähetä Galleriaan\" - painiketta julkaistaksesi sen.",
	"Turtle.helpToolbox": "Valitse luokka, niin näet lohkot.",
	"Movie.x": "x",
	"Movie.y": "y",
	"Movie.x1": "alku-x",
	"Movie.y1": "alku-y",
	"Movie.x2": "loppu-x",
	"Movie.y2": "loppu-y",
	"Movie.radius": "säde",
	"Movie.width": "leveys",
	"Movie.height": "korkeus",
	"Movie.circleTooltip": "Piirtää ympyrän määritettyyn sijantiin annetulla säteellä.",
	"Movie.circleDraw": "ympyrä",
	"Movie.rectTooltip": "Piirtää suorakulmion määritettyyn sijantiin annetulla korkeudella ja leveydellä.",
	"Movie.rectDraw": "suorakulmio",
	"Movie.lineTooltip": "Piirtää viivan yhdestä pisteestä toiseen annetulla leveydellä.",
	"Movie.lineDraw": "viiva",
	"Movie.timeTooltip": "Palauttaa animaation nykyisen ajan (0–100).",
	"Movie.colourTooltip": "Vaihtaa kynän värin.",
	"Movie.setColour": "aseta väriksi",
	"Movie.submitDisabled": "Elokuva ei liiku. Käytä lohkoja tehdäksesi jotain mielenkiintoista. Sitten voit lähettää elokuvasi galleriaan.",
	"Movie.galleryTooltip": "Avaa elokuvagalleria.",
	"Movie.galleryMsg": "Näytä galleria",
	"Movie.submitTooltip": "Lähetä elokuvasi galleriaan.",
	"Movie.submitMsg": "Lähetä galleriaan",
	"Movie.helpLayer": "Siirrä taustalla oleva ympyrä ohjelman yläreunaan, niin se ilmestyy henkilön takana.",
	"Movie.helpText1": "Käytä yksinkertaisia muotoja tämän henkilön piirtämiseen.",
	"Movie.helpText2a": "Tämä tehtävä on elokuva. Siirrä henkilön käsi näytön poikki. Paina toista-painiketta esikatsellaksesi.",
	"Movie.helpText2b": "Kun elokuva on käynnissä, aika etenee 'aika'-lohkossa nollasta sataan. Koska tarkoitus on saada käden 'y'-sijainti alkamaan nollasta ja loppumaan sataan, pitäisi sen onnistua helposti.",
	"Movie.helpText3": "Aika juoksee 'time' lohkossa nollasta sataan mutta tällä kertaa punaisen pallon vaakasuora sijainti alkaa sadasta ja siirtyy nollaan. Osaatko ratkaista tämän yksinkertaisen matemaattisen yhtälön jossa käytät hyväksesi ajan arvoa.",
	"Movie.helpText4": "Käytä edellisessä tasossa oppimaasi neljän vihreän pallo luomiseen, jotka liikkuvat jokaiseen neljään suuntaan.",
	"Movie.helpText5": "Käden matemaattinen laskentakaava on monimutkainen. Tässä vastaus:",
	"Movie.helpText6": "Anna henkilölle kädet.",
	"Movie.helpText7": "Matemaattinen yhtälö putoavan pallon ratkaisuksi on vaikea. Tässä se on:",
	"Movie.helpText8": "Käytä 'jos' lohkoa piirtääksesi punaisen ja sinisen pallon elokuvan ensipuoliskolla. Piirrä sitten vihreä pallo toisella puoliskolla.",
	"Movie.helpText9": "Piirrä laajentuva ympyrä henkilön taakse.",
	"Movie.helpText10": "Nyt voit tehdä minkälaisen elokuvan vain haluat. Pidä hauskaa!",
	"Movie.helpText10Reddit": "Käytä \"Katso Galleriaa\" - painiketta nähdäksesi muiden tekemiä elokuvia. Jos teet mielenkiintoisen elokuvan, käytä \"Lähetä Galleriaan\" - painiketta julkaistaksesi sen.",
	"Music.playNoteTooltip": "Soittaa yhden nuotin tietyllä kestolla ja sävelkorkeudella.",
	"Music.playNote": "Toista %1 nuotti %2",
	"Music.restTooltip": "Odottaa tietyn ajan.",
	"Music.restWholeTooltip": "Odottaa yhtä kokonaista nuottia.",
	"Music.rest": "lepää %1",
	"Music.setInstrument": "aseta instrumentiksi %1",
	"Music.startTooltip": "Suorittaa lohkot sisällä, kun 'Aja ohjelma' painiketta napsautetaan.",
	"Music.start": "kun %1 napsautetaan",
	"Music.pitchTooltip": "Yksi sävel (C4 on 7).",
	"Music.firstPart": "ensimmäinen osa",
	"Music.piano": "piano",
	"Music.trumpet": "trumpetti",
	"Music.banjo": "banjo",
	"Music.violin": "viulu",
	"Music.guitar": "kitara",
	"Music.flute": "huilu",
	"Music.drum": "rumpu",
	"Music.choir": "kuoro",
	"Music.submitDisabled": "Aja ohjelmasi kunnes se päättyy. Sitten voit lähettää musiikkisi galleriaan.",
	"Music.galleryTooltip": "Avaa musiikkigalleria.",
	"Music.galleryMsg": "Näytä galleria",
	"Music.submitTooltip": "Lähetä musiikkisi galleriaan.",
	"Music.submitMsg": "Lähetä galleriaan",
	"Music.helpUseFunctions": "Ratkaisusi toimii, mutta voit tehdä paremmin. Käytä toimintoja vähentääksesi toistetun koodin määrää.",
	"Music.helpText1": "Sävellä 'Jaakko kulta'n ensimmäiset neljä nuottia",
	"Music.helpText3": "Tee toinen funktio Jaakko kullan toista osiota varten. Viimeinen nuotti on pidempi.",
	"Music.helpText5": "Suorita täydellinen sävelmä 'Jaakko kulta'lle",
	"Music.helpText6a": "Tämä uusi lohko antaa sinun vaihtaa toiseen soittimeen.",
	"Music.helpText6b": "Toista melodiasi viululla.",
	"Music.helpText7a": "Tämä uusi lohko lisää hiljaisen viiveen.",
	"Music.helpText8": "Kunkin aloituslohkon pitäisi soittaa 'Jaakko kulta' kahdesti.",
	"Music.helpText9": "Luo neljä aloituspalikkaa, jotka kukin soittavat 'Jaakko kulta' kahdesti. Lisää oikeat numerot viivekoodeihin",
	"Music.helpText10": "Sävellä mitä tahansa haluat. Sinulla on valtava määrä uusia palikoita, joita voit tutkia. Pidä hauskaa!",
	"Music.helpText10Reddit": "Käytä \"Näytä galleria\" painiketta nähdäksesi, mitä muut ihmiset ovat säveltäneet. Jos sävellät jotain mielenkiintoista, käytä \"Lähetä galleriaan\" painiketta julkaistaksesi sen.",
	"Pond.scanTooltip": "Etsi vihollisia. Määritä suunta (0-360). Palauttaa kyseisessä suunnassa lähimpänä olevan vihollisen etäisyyden. Palauttaa äärettömän arvon, jos vihollista ei löydy.",
	"Pond.cannonTooltip": "Ammu tykillä. Määritä suunta (0-360) ja kantama (0-70).",
	"Pond.swimTooltip": "Ui eteenpäin. Määrittele suunta (0-360).",
	"Pond.stopTooltip": "Lopeta uiminen. Pelaaja hidastaa vauhtia ja pysähtyy.",
	"Pond.healthTooltip": "Palauttaa pelaajan terveyden (0 on kuollut, 100 terve)",
	"Pond.speedTooltip": "Palauttaa pelajaan nopeuden (0 tarkoittaa pysähtynyttä, 100 täyttä nopeutta).",
	"Pond.locXTooltip": "Palauttaa pelaajan X-koordinaatin (0 on vasen reuna, 100 on oikea reuna)",
	"Pond.locYTooltip": "Palauttaa pelaajan Y-koordinaatin (0 on alareuna, 100 on yläreuna)",
	"Pond.docsTooltip": "Näytä kieliohje",
	"Pond.documentation": "Ohjeet",
	"Pond.playerName": "Pelaaja",
	"Pond.targetName": "Kohde",
	"Pond.pendulumName": "Heiluri",
	"Pond.scaredName": "Peloissaan",
	"Pond.helpUseScan": "Ratkaisusi toimii mutta osaatko tehdä sen paremmin. Käytä 'scan' toimintoa jotta voit määrittää kuinka kauas tykin pitää ampua.",
	"Pond.helpText1": "Käytä 'cannon' komentoa osuaksesi kohteeseen. Ensimmäinen parametri on kulma, toinen parametri on etäisyys. Koita löytää oikea yhdistelmä.",
	"Pond.helpText2": "Tähän maaliin pitää osua useita kertoja. Käytä 'while (true)' lohkoa  toistaaksesi jotain ikuisesti.",
	"Pond.helpText3a": "Tämä vastustaja liikkuu edestakaisin ja on siihen on siksi vaikea osua. 'scan' toiminto palauttaa tarkan etäisyyden vastustajaan määriteltyyn suuntaan.",
	"Pond.helpText3b": "Tämä etäisyys on juuri mitä 'cannon' komento tarvitsee ampuakseen tarkasti.",
	"Pond.helpText4": "Tämä vastustaja on liian kaukana jotta voisit käyttää kanuunaa (kantama on 70 metriä). Joudut siksi käyttämään 'swim' toimintoa uidaksesi vastustajaa kohti ja törmätäksesi siihen.",
	"Pond.helpText5": "Tämä vihollinen on myös liian kaukana jotta kanuunaa voisi käyttää. Olet myös liian heikko selviytyäksesi yhteentörmäyksestä. Ui vastustajaa kohti kunnes etäisyys on vähemmän kuin 50. Pysähdy sitter ja käytä kanuunaa.",
	"Pond.helpText6": "Tämä vihollinen siirtyy kauemmas kun saa osuman. Ui sitä kohti jos se on ampumasäteen ulkopuolella (70 metriä).",
	"Pond.rabbitName": "Jänis",
	"Pond.counterName": "Laskuri",
	"Pond.rookName": "Torni",
	"Pond.sniperName": "Tarkka-ampuja",
	"Gallery": "Galleria"
}
