{
	"@metadata": {
		"authors": [
			"Olavur",
			"Gt"
		]
	},
	"Games.name": "Blokkaspæl",
	"Games.puzzle": "Putlispæl",
	"Games.maze": "Villiniborg",
	"Games.bird": "Fuglur",
	"Games.turtle": "Skjaldbøka",
	"Games.movie": "Filmur",
	"Games.music": "Tónleikur",
	"Games.pondTutor": "Tjørn Vegleiðari",
	"Games.pond": "Tjørn",
	"Games.genetics": "Ílegur",
	"Games.linesOfCode1": "Tú loysti hetta stigið við einari linju av JavaScript:",
	"Games.linesOfCode2": "Tú loysti hetta stigið við %1 linjum av JavaScript:",
	"Games.nextLevel": "Er tú klár/ur til %1. stig?",
	"Games.finalLevel": "Er tú klár/ur til næstu avbjóðing?",
	"Games.submitTitle": "Heiti:",
	"Games.linkTooltip": "Goym og leinkja til blokkar.",
	"Games.runTooltip": "Koyr forritið, sum tú skrivaði.",
	"Games.runProgram": "Koyr forritið",
	"Games.resetTooltip": "Steðga forritinum og nullstilla stigið.",
	"Games.resetProgram": "Nullstilla",
	"Games.help": "Hjálp",
	"Games.dialogOk": "Í lagi",
	"Games.dialogCancel": "Angra",
	"Games.catLogic": "Logikkur",
	"Games.catLoops": "Lykkjur",
	"Games.catMath": "Støddfrøði",
	"Games.catText": "Tekstur",
	"Games.catLists": "Listar",
	"Games.catColour": "Litur",
	"Games.catVariables": "Variablar",
	"Games.catProcedures": "Funktiónir",
	"Games.httpRequestError": "Har var ein trupulleiki við umbønini.",
	"Games.linkAlert": "Deil blokkarnar hjá tær við hesi leinkuni:\n\n%1",
	"Games.hashError": "Orsaka '%1' samsvarar ikki við nakað goymt forrit.",
	"Games.xmlError": "Fái ikki innlisið tína goymdu fílu. Møguliga var hon gjørd við eini aðrari útgávu av Blockly?",
	"Games.submitted": "Takk fyri hetta forritið! Um okkara vælvandu apur dámar tað, so fara tey at útgeva tað í savninum um nakrar dagar.",
	"Games.listVariable": "listi",
	"Games.textVariable": "tekstur",
	"Games.breakLink": "Tá tú byrjar at rætta í forritinum við JavaScript, so kanst tú ikki longur rætta við blokkum. Er hetta í lagi?",
	"Games.blocks": "Blokkar",
	"Games.congratulations": "Til lukku!",
	"Games.helpAbort": "Hetta stigið er ófatiliga torført. Kundi tú hugsað tær at lopið tað um og farið til næsta spæl? Tú kanst altíð koma aftur seinni.",
	"Index.clear": "Strika allar tínar loysnir",
	"Index.subTitle": "Spøl fyri framtíðar forritarar.",
	"Index.moreInfo": "Upplýsingar til lærarar...",
	"Index.startOver": "Byrja umaftur?",
	"Index.clearData": "Reinsa dáta",
	"Puzzle.animal1": "Dunna",
	"Puzzle.animal1Trait1": "Fjaðrar",
	"Puzzle.animal1Trait2": "Nev",
	"Puzzle.animal1HelpUrl": "https://fo.wikipedia.org/wiki/Villdunna",
	"Puzzle.animal2": "Ketta",
	"Puzzle.animal2Trait1": "Kjálkaskegg",
	"Puzzle.animal2Trait2": "Skinn",
	"Puzzle.animal2HelpUrl": "https://fo.wikipedia.org/wiki/Kettur",
	"Puzzle.animal3": "Býfluga",
	"Puzzle.animal3Trait1": "Hunangur",
	"Puzzle.animal3Trait2": "Stingari",
	"Puzzle.animal3HelpUrl": "https://fo.wikipedia.org/wiki/B%C3%BD",
	"Puzzle.animal4": "Snigil",
	"Puzzle.animal4Trait1": "Skel",
	"Puzzle.animal4Trait2": "Slím",
	"Puzzle.animal4HelpUrl": "https://fo.wikipedia.org/wiki/Sniglar",
	"Puzzle.picture": "mynd:",
	"Puzzle.legs": "bein:",
	"Puzzle.legsChoose": "vel...",
	"Puzzle.traits": "eyðkenni:",
	"Puzzle.error0": "Einastandandi!\nAllir %1 blokkar eru rættir.",
	"Puzzle.error1": "Næstan! Ein blokkur er ikki rættur.",
	"Puzzle.error2": "%1 blokkar eru ikki rættir.",
	"Puzzle.tryAgain": "Tann upplýsti blokkurin er ikki rættur.\nRoyn aftur.",
	"Puzzle.checkAnswers": "Hygg eftir svarunum",
	"Puzzle.helpText": "Fyri hvørt djór (grønt), knýt í myndina, vel tal av beinum og ger ein stakk av eyðkennum.",
	"Maze.moveForward": "flyt fram",
	"Maze.turnLeft": "vend til vinstru",
	"Maze.turnRight": "vend til høgru",
	"Maze.doCode": "ger",
	"Maze.elseCode": "annars",
	"Maze.helpIfElse": "If-else blokkar gera eitt ella eitt annað",
	"Maze.pathAhead": "um rás er fyri framman",
	"Maze.pathLeft": "um rás er til vinstru",
	"Maze.pathRight": "um rás er til høgru",
	"Maze.repeatUntil": "endurtak inntil",
	"Maze.moveForwardTooltip": "Flyt leikaran eitt stig fram.",
	"Maze.turnTooltip": "Vendir leikaran 90 gradir til vinstru ella høgru.",
	"Maze.ifTooltip": "Um tað er ein rás í ásettu kósini, so skal okkurt gerast.",
	"Maze.ifelseTooltip": "Um ein rás er í ásetta kósini, so skal fyrsti blokkurin av gerðum gerast. Annars, ger seinna blokkin av gerðum.",
	"Maze.whileTooltip": "Endurtak ásettu gerðirnar inntil málið er nátt.",
	"Maze.capacity0": "Tú hevur %0 blokkar eftir.",
	"Maze.capacity1": "Tú hevur %1 blokk eftir.",
	"Maze.capacity2": "Tú hevur %2 blokkar eftir.",
	"Maze.runTooltip": "Ger soleiðis, at spælarin ger tað, sum blokkurin sigur.",
	"Maze.resetTooltip": "Set spælaran aftur til byrjanina av villiniborgini.",
	"Maze.helpStack": "Stápla nakrar 'flyt fram' blokkar saman fyri at hjálpa mær at røkka málinum.",
	"Maze.helpOneTopBlock": "Á hesum stiginum mást tú stápla saman allar blokkarnar í tí hvíta arbeiðsøkinum.",
	"Maze.helpRun": "Koyr forritið fyri at síggja, hvat hendir.",
	"Maze.helpReset": "Forritið hjá tær loysti ikki avbjóðingina. Trýst á 'Nullstilla' og royn aftur.",
	"Maze.helpRepeat": "Kom til endan av hesi rásini við einans at brúka tveir blokkar. Brúka 'endurtak' fyri at koyra ein blokk meira enn eina ferð.",
	"Maze.helpCapacity": "Tú hevur brúkt allar blokkarnar til hetta stigið. Fyri at gera ein nýggjan blokk, er neyðugt at tú fyrst strikar ein verandi blokk.",
	"Maze.helpRepeatMany": "Meira enn ein blokkur rúmast inni í einum 'endurtak' blokki.",
	"Maze.helpSkins": "Vel tín yndisleikara frá hesi valmyndini.",
	"Maze.helpIf": "Ein 'um' blokkur ger einans nakað, um treytin er sonn. Royn at venda til vinstru um ein leið er til vinstru.",
	"Maze.helpMenu": "Klikka á %1 í 'um' blokkinum fyri at broyta treytina.",
	"Maze.helpWallFollow": "Klárar tú at loysa hesa avbjóðandi villiniborgina? Royn at fylgja vegginum á vinstru hond. Einans fyri framkomnar forritarar!",
	"Bird.noWorm": "hevur ikki maðk",
	"Bird.heading": "set kós",
	"Bird.noWormTooltip": "Treytin tá fuglurin ikki hevur fingið maðkin.",
	"Bird.headingTooltip": "Flyt samsvarandi vinklinum: 0 er til høgru, 90 er beint upp, o.s.fr.",
	"Bird.positionTooltip": "x og y vísa hvar fulgurin er staddur. Tá x = 0 er fuglurin á vinstra kanti, tá x = 100 er hann á høgra kanti. Tá y = 0 er fuglurin á niðasta kanti, tá y = 100 er hann á ovara kanti.",
	"Bird.helpHeading": "Broyt vinkulin fyri at fáa fuglin at fanga maðkin og lenda í reiðrinum.",
	"Bird.helpHasWorm": "Brúka henda blokkin fyri at fara í ein rætning, um tú hevur maðkin, ella í ein annan rætning, um tú ikki hevur maðkin.",
	"Bird.helpX": "'x' er tín núverandi vatnrætta støða. Brúka henda blokkin fyri at fara í ein rætning um 'x' er minni enn eitt tal, og far annars í ein annan rættning.",
	"Bird.helpElse": "Klikka á ikonina fyri at broyta 'um' blokkin.",
	"Bird.helpElseIf": "Hetta stigið hevur brúk fyri bæði ein 'annars um' og ein 'annars' blokk.",
	"Bird.helpAnd": "'Og' blokkurin er einans sannur um báðir partar av blokkinum eru sannir.",
	"Bird.helpMutator": "Hála ein 'annars' blokk inn í 'um' blokkin.",
	"Turtle.moveTooltip": "Flyt skjaldbøkun fram ella aftur við einum ásettum tali.",
	"Turtle.moveForward": "flyt fram við",
	"Turtle.moveBackward": "flyt aftur við",
	"Turtle.turnTooltip": "Vend skjaldbøkuna til vinstru ella høgru eftir einum ásettum vinkli.",
	"Turtle.turnRight": "vend til høgru við",
	"Turtle.turnLeft": "vend til vinstru við",
	"Turtle.widthTooltip": "Broytir breiddina á penninum.",
	"Turtle.setWidth": "set breidd til",
	"Turtle.colourTooltip": "Broytir litin á penninum.",
	"Turtle.setColour": "set lit til",
	"Turtle.penTooltip": "Lyftir ella setir pennin niður, fyri at steðga ella byrja at tekna.",
	"Turtle.penUp": "pennur upp",
	"Turtle.penDown": "pennur niður",
	"Turtle.turtleVisibilityTooltip": "Ger soleiðis at skjaldbøkan (sirkul og pílur) er sjónlig ella ósjónlig.",
	"Turtle.hideTurtle": "fjal skjaldbøku",
	"Turtle.showTurtle": "vís skjaldbøku",
	"Turtle.printHelpUrl": "https://en.wikipedia.org/wiki/Printing",
	"Turtle.printTooltip": "Teknar tekst tann vegin, sum skjalbøkan vendir, har sum hon er.",
	"Turtle.print": "prenta",
	"Turtle.fontHelpUrl": "https://en.wikipedia.org/wiki/Font",
	"Turtle.fontTooltip": "Ásetir fontin, sum verður brúktur av prentblokkinum.",
	"Turtle.font": "fontur",
	"Turtle.fontSize": "skriftstødd",
	"Turtle.fontNormal": "vanligur",
	"Turtle.fontBold": "feitur",
	"Turtle.fontItalic": "skákskrift",
	"Turtle.submitDisabled": "Koyr forritið inntil tað steðgar. Síðani kanst tú senda tekningarnar hjá tær til myndasavnið.",
	"Turtle.galleryTooltip": "Lat myndasavnið upp.",
	"Turtle.galleryMsg": "Sí Myndasavn",
	"Turtle.submitTooltip": "Send tínar tekningar til myndasavnið.",
	"Turtle.submitMsg": "Send til Myndasavnið",
	"Turtle.helpUseLoop": "Loysnin hjá tær riggar, men tú kanst gera tað enn betri.",
	"Turtle.helpUseLoop3": "Tekna skapið við einans trimum blokkum.",
	"Turtle.helpUseLoop4": "Tekna stjørnuna við einans fýra blokkum.",
	"Turtle.helpText1": "Ger eitt forrit, sum teknar ein ferning.",
	"Turtle.helpText2": "Broyt forritið, soleiðis at tað teknar ein fimmkant í staðin fyri ein ferning.",
	"Turtle.helpText3a": "Nú er ein nýggjur blokkur, sum letur teg broyta litin:",
	"Turtle.helpText3b": "Tekna eina gula stjørnu.",
	"Turtle.helpText4a": "Nú er ein nýggjur blokkur, sum letur teg lyfta pennin upp av pappírinum, tá tú flytir hann:",
	"Turtle.helpText4b": "Tekna eina lítla gula stjørnu, og tekna síðani eina linju omanfyri hana.",
	"Turtle.helpText5": "Í staðin fyri eina stjørnu, kanst tú tekna fýra stjørnur í einum ferningi?",
	"Turtle.helpText6": "Tekna tríggjar gular stjørnur og eina hvíta linju.",
	"Turtle.helpText7": "Tekna stjørnurnar og tekna síðani fýra hvítar linjur.",
	"Turtle.helpText8": "Tá tú teknar 360 hvítar linjur, so sær tað út sum ein fullmáni.",
	"Turtle.helpText9": "Ber til hjá tær at tekna ein svartan sirkul, soleiðis at mánin ikki longur er fullur?",
	"Turtle.helpText10": "Tekna hvat tú vilt. Tú hevur eina rúgvu av nýggjum blokkum, sum tú kanst kanna. Hav tað stuttligt!",
	"Turtle.helpText10Reddit": "Brúka 'Sí Myndasavn' knøttin fyri at síggja hvat onnur hava teknað. Teknar tú okkurt áhugavert, so kanst tú brúka 'Send til Myndasavn' knøttin at útgeva tað.",
	"Turtle.helpToolbox": "Vel ein bólk fyri at síggja blokkarnar.",
	"Movie.x": "x",
	"Movie.y": "y",
	"Movie.x1": "byrjunar x",
	"Movie.y1": "byrjunar y",
	"Movie.x2": "enda x",
	"Movie.y2": "enda y",
	"Movie.radius": "radius",
	"Movie.width": "breidd",
	"Movie.height": "hædd",
	"Movie.circleTooltip": "Teknar ein sirkul á ásetta staðnum við ásetta radiusinum.",
	"Movie.circleDraw": "sirkul",
	"Movie.rectTooltip": "Teknar eitt rættvinklaðan fýrakant á ásetta staðnum við ásettu breiddini og hæddini.",
	"Movie.rectDraw": "rættvinklaður fýrakantur",
	"Movie.lineTooltip": "Teknar eina linju frá einum punkti til eitt annað við ásettu breiddini.",
	"Movie.lineDraw": "linja",
	"Movie.timeTooltip": "Gevur núverandi tíðina í animeringini (0-100).",
	"Movie.colourTooltip": "Broytir litin á penninum.",
	"Movie.setColour": "set lit til",
	"Movie.submitDisabled": "Filmurin hjá tær flytir seg ikki. Brúka blokkar fyri at gera okkurt áhugavert. Síðani kanst tú senda filmin til myndasavnið.",
	"Movie.galleryTooltip": "Lat filmssavnið upp.",
	"Movie.galleryMsg": "Sí filmssavnið",
	"Movie.submitTooltip": "Send filmin hjá tær til filmssavnið.",
	"Movie.submitMsg": "Send til filmssavnið",
	"Movie.helpLayer": "Flyt bakgrundssirkulin ovast í forritið hjá tær. So fer hann at síggjast aftan fyri persónin.",
	"Movie.helpText1": "Brúka einføld skap til at tekna hendan persónin.",
	"Movie.helpText2a": "Hetta stigið er ein filmur. Tú vilt fáa armin hjá persóninum at flyta seg tvørtur um skíggjan. Trýst á spæliknøttin fyri at síggja eina undansýning.",
	"Movie.helpText2b": "Tá filmurin spælir veksur virðið á tíðarblokkinum frá 0 til 100. Hetta eigur at vera lætt, eftirsum at tú vilt hava y positiónina av arminum at byrja við 0 og enda við 100.",
	"Movie.helpText3": "Tíðarblokkurin telur frá 0 til 100. Nú skal y positiónin av hinum arminum byrja við 100 og enda við 0. Finnur tú ein einfaldan frymil, sum roknar tað út?",
	"Movie.helpText4": "Brúka tað, ið tú lærdi í undanfarna stiginum, at gera bein, sum krossast.",
	"Movie.helpText5": "Frymilin fyri armin er fløktur. Her er svarið:",
	"Movie.helpText6": "Gev persóninum tvær hendur.",
	"Movie.helpText7": "Brúka 'um' blokkin til at tekna eitt lítið høvd í fyrru helvtini av filminum. Síðani skal tú tekna eitt stórt høvd til seinnu helvtina av filminum.",
	"Movie.helpText8": "Ger soleiðis, at beinini fara umvendan veg, tá filmurin er hálvrunnin.",
	"Movie.helpText9": "Tekna ein vaksandi sirkul aftan fyri persónin.",
	"Movie.helpText10": "Ger ein film av tí sum tær lystir. Tú hevur eina rúgvu av nýggjum blokkum, sum tú kanst kanna. Hav tað stuttligt!",
	"Movie.helpText10Reddit": "Brúka 'Sí filmsavn' knøttin fyri at síggja filmar, ið onnur hava gjørt. Skapar tú okkurt áhugavert, so kanst tú brúka 'Send til filmsavn' knøttin at útgeva tað.",
	"Music.playNoteTooltip": "Spælir ein tóna við ásettu longd og tónahædd.",
	"Music.playNote": "spæl %1 tóna %2",
	"Music.restTooltip": "Bíðar ásettu tíðina.",
	"Music.restWholeTooltip": "Bíðar ein heilan tóna.",
	"Music.rest": "hvíl %1",
	"Music.setInstrumentTooltip": "Skiftur til tað ásetta ljóðførið, sum skal spæla næstu tónarnar.",
	"Music.setInstrument": "set ljóðføri til %1",
	"Music.startTooltip": "Gjøgnumførir blokkarnar inni í tá ið klikt verður á 'Koyr forrit' knappin.",
	"Music.start": "tá %1 verður klikt",
	"Music.pitchTooltip": "Ein tóni (C4 er 7)",
	"Music.firstPart": "fyrsti partur",
	"Music.piano": "klaver",
	"Music.trumpet": "trompet",
	"Music.banjo": "banjo",
	"Music.violin": "violin",
	"Music.guitar": "gittari",
	"Music.flute": "floyta",
	"Music.drum": "trumma",
	"Music.choir": "kór",
	"Music.submitDisabled": "Koyr forritið til tað steðgar. Síðani kanst tú senda tónleikin til savnið.",
	"Music.galleryTooltip": "Lat tónleikasavnið upp.",
	"Music.galleryMsg": "Sí tónleikasavnið.",
	"Music.submitTooltip": "Send tín tónleik til tónleikasavnið.",
	"Music.submitMsg": "Send til almenna listasavnið",
	"Music.helpUseFunctions": "Loysnin hjá tær riggar, men tú klárar tað betri. Brúka funktiónir fyri at minka um nøgdina av endurtakandi kodu.",
	"Music.helpUseInstruments": "Tónleikurin ljóðar betri, um tú brúkar eitt annað ljóðføri í hvørjum startblokki.",
	"Music.helpText1": "Set saman fyrstu fýra tónarnar av 'Dovni Jákup'.",
	"Music.helpText2a": "Ein 'funktión' loyvir tær at bólka blokkar, sum tú síðani kanst koyra meira enn eina ferð.",
	"Music.helpText2b": "Ger eina funktión, sum spæla fyrstu fýra tónarnar av 'Dovni Jákup'. Koyr ta funktiónina tvær ferðir. Lat vera við at leggja nakrar nýggjar blokkar afturat.",
	"Music.helpText3": "Ger næstu funktiónina fyri seinna partin av 'Dovni Jákup'. Síðsti tónin er longri.",
	"Music.helpText4": "Ger eina triðju funktión fyri triðja partin av 'Dovni Jákup'. Teir fýra fyrstu tónarnir eru styttri.",
	"Music.helpText5": "Ger 'Dovni Jákup' lagið liðugt.",
	"Music.helpText6a": "Hesin nýggi blokkurin letur teg skifta til eitt annað ljóðføri.",
	"Music.helpText6b": "Spæl lagið hjá tær við eini violin.",
	"Music.helpText7a": "Hesin nýggi blokkurin leggur eina ljóðleysa seinking inn.",
	"Music.helpText7b": "Ger næsta startblokkin, sum hevur tveir seinkingarblokkar, og síðani eisini spælir 'Dovni Jákup'.",
	"Music.helpText8": "Hvør startblokkur skal spæla 'Dovni Jákup' tvær ferðir.",
	"Music.helpText9": "Ger fýra startblokkar, sum hvør spæla 'Dovni Jákup' tvær ferðir. Legg rætta talið av seinkingarblokkum afturat.",
	"Music.helpText10": "Komponera tað tú vilt. Tú hevur eina rúgvu av nýggjum blokkum, sum tú kanst kanna. Hav tað stuttligt!",
	"Music.helpText10Reddit": "Brúka 'Sí tónasavn' knøttin fyri at síggja, hvat onnur hava skapað. Komponerar tú okkurt áhugavert, so kanst tú brúka 'Send til tónasavn' knøttin at útgeva tað.",
	"Pond.scanTooltip": "Skanna eftir fíggindum. Áset eina kós (0-360). Gevur frástøðuna til nærmasta fíggindan í ásettu kósini. Gevur óendaligt, um eingin fíggindi verður funnin.",
	"Pond.cannonTooltip": "Skjót við kanónini. Áset eina kós (0-360) og eina frástøðu (0-70).",
	"Pond.swimTooltip": "Svim frameftir. Áset eina kós (0-360).",
	"Pond.stopTooltip": "Gevst at svimja. Spælarin minkar um ferðina til hann steðgar.",
	"Pond.healthTooltip": "Gevur núverandi heilsuna hjá spælaranum (0 er deyður, 100 er frískur).",
	"Pond.speedTooltip": "Gevur núverandi ferðina hjá spælaranum (0 er steðgaður, 100 er full ferð).",
	"Pond.locXTooltip": "Gevur X krosstalið hjá spælaranum (0 er vinstri kantur, 100 er høgri kantur).",
	"Pond.locYTooltip": "Gevur Y krosstalið hjá spælaranum (0 er niðari kantur, 100 er ovari kantur).",
	"Pond.docsTooltip": "Vís mál skjalfestingina.",
	"Pond.documentation": "Skjalfesting",
	"Pond.playerName": "Spælari",
	"Pond.targetName": "Mál",
	"Pond.pendulumName": "Pendul",
	"Pond.scaredName": "Óttafull/ur",
	"Pond.helpUseScan": "Loysnin hjá tær riggar, men tú kanst gera tað betri. Brúka 'scan' fyri at fortelja kanónini, hvussu langt hon skal skjóta.",
	"Pond.helpText1": "Brúka 'cannon' boðini fyri at raka málið. Fyrsti parameturin er vinkulin og annar parameturin er hvussu langt. Finn tað røttu samansetingina.",
	"Pond.helpText2": "Neyðugt er at raka hetta málið fleiri ferðir. Brúka eina 'while (true)' lykkju fyri at gera okkurt óendaliga ofta.",
	"Pond.helpText3a": "Hetta mótstøðufólkið flytir seg aftur og fram, og tað ger tað ringt at raka. 'scan' gevur nágreiniligu frástøðuna til mótstøðufólkið í ásetta rætningin.",
	"Pond.helpText3b": "Hendan frástøðan er akkurát tað, sum 'cannon' boðini hava tørv á fyri at raka beint.",
	"Pond.helpText4": "Hetta mótstøðufólkið er ov langt burturi fyri kanónina (sum hevur eina avmarking uppá 70 metrar). Ístaðin mást tú brúka 'swim' boðini fyri at byrja at svimja yvir til mótstøðufólkið og krassja í tað.",
	"Pond.helpText5": "Hetta mótstøðufólkið er eisini ov langt burturi fyri at kanónin kann brúkast. Men tú ert ov veikur at yvirliva ein samanstoyt. Svim yvir móti mótstøðufólkinum meðan horisontala positiónin hjá tær er minni enn 50. 'stop' síðani og brúka kanónina.",
	"Pond.helpText6": "Hetta mótstøðufólkið flytir seg burtur, tá tað verður rakt. Svim móti tí, um tað er ov langt vekk (70 metrar).",
	"Pond.rabbitName": "Kanin",
	"Pond.counterName": "Teljari",
	"Pond.rookName": "Rókur",
	"Pond.sniperName": "Sniðskjútti",
	"Gallery": "Savn"
}
