{
	"@metadata": {
		"authors": [
			"Toliño",
			"Macofe",
			"Chairego apc",
			"Navhy",
			"Elisardojm",
			"Iváns"
		]
	},
	"Games.name": "Xogos do Blockly",
	"Games.puzzle": "Crebacabezas",
	"Games.maze": "Labirinto",
	"Games.bird": "Paxaro",
	"Games.turtle": "Tartaruga",
	"Games.movie": "Filme",
	"Games.music": "Música",
	"Games.pond": "Lagoa",
	"Games.genetics": "Xenética",
	"Games.linkTooltip": "Gardar e crear unha ligazón aos bloques.",
	"Games.runProgram": "Executar o programa",
	"Games.resetProgram": "Restablecer",
	"Games.help": "Axuda",
	"Games.dialogOk": "Aceptar",
	"Games.dialogCancel": "Cancelar",
	"Games.catLogic": "Lóxica",
	"Games.catLoops": "Bucles",
	"Games.catMath": "Matemáticas",
	"Games.catText": "Texto",
	"Games.catLists": "Listas",
	"Games.catColour": "Cor",
	"Games.catVariables": "Variables",
	"Games.catProcedures": "Funcións",
	"Games.httpRequestError": "Houbo un problema coa solicitude.",
	"Games.linkAlert": "Comparte os teus bloques con esta ligazón:\n\n%1",
	"Games.hashError": "Sentímolo, \"%1\" non se corresponde con ningún programa gardado.",
	"Games.xmlError": "Non se puido cargar o ficheiro gardado. Se cadra, foi creado cunha versión diferente de Blockly.",
	"Games.listVariable": "lista",
	"Games.textVariable": "texto",
	"Games.blocks": "Bloques",
	"Games.congratulations": "Parabéns!",
	"Index.moreInfo": "Máis información...",
	"Index.startOver": "Queres comezar de novo?",
	"Puzzle.animal2": "Gato",
	"Puzzle.animal2Trait1": "Bigoteira",
	"Puzzle.animal2Trait2": "Cabelo",
	"Puzzle.animal2HelpUrl": "https://gl.wikipedia.org/wiki/Gato",
	"Puzzle.animal3": "Abella",
	"Puzzle.animal3Trait1": "Mel",
	"Puzzle.animal3Trait2": "Ferrón/Aguillón",
	"Puzzle.animal3HelpUrl": "https://gl.wikipedia.org/wiki/Abella",
	"Puzzle.animal4": "Caracol",
	"Puzzle.animal4Trait1": "Cuncha",
	"Puzzle.animal4Trait2": "Baba",
	"Puzzle.animal4HelpUrl": "https://gl.wikipedia.org/wiki/Caracol",
	"Puzzle.picture": "imaxe:",
	"Puzzle.legs": "patas:",
	"Puzzle.legsChoose": "escolle...",
	"Puzzle.traits": "trazos:",
	"Puzzle.error0": "Perfecto!\nOs %1 bloques son correctos.",
	"Puzzle.error1": "Por pouco! Un bloque é incorrecto.",
	"Puzzle.error2": "%1 bloques son incorrectos.",
	"Puzzle.tryAgain": "O bloque destacado non é correcto.\nSigue intentándoo.",
	"Puzzle.checkAnswers": "Comprobar as respostas",
	"Puzzle.helpText": "A cada animal (en verde), faille corresponder a súa foto, sinala o seu número de patas e apiña os seus trazos.",
	"Maze.moveForward": "avanzar",
	"Maze.turnLeft": "xirar á esquerda",
	"Maze.turnRight": "xirar á dereita",
	"Maze.doCode": "facer",
	"Maze.elseCode": "se non",
	"Maze.helpIfElse": "Os bloques \"se/se non\" fan unha cousa ou a outra.",
	"Maze.pathAhead": "se hai camiño diante",
	"Maze.pathLeft": "se hai camiño á esquerda",
	"Maze.pathRight": "se hai camiño á dereita",
	"Maze.repeatUntil": "repetir ata",
	"Maze.moveForwardTooltip": "Fai que a figura avance un espazo.",
	"Maze.turnTooltip": "Fai que a figura xire á esquerda ou á dereita 90 graos.",
	"Maze.ifTooltip": "Se hai un camiño na dirección especificada, entón fanse algunhas accións.",
	"Maze.ifelseTooltip": "Se hai un camiño na dirección especificada, entón faise o primeiro bloque de accións. En caso contrario, faise o segundo bloque de accións.",
	"Maze.whileTooltip": "Repetir as accións do bloque ata chegar á meta.",
	"Maze.capacity0": "Restan %0 bloques.",
	"Maze.capacity1": "Resta %1 bloque.",
	"Maze.capacity2": "Restan %2 bloques.",
	"Maze.runTooltip": "Fai que a figura realice o que din os bloques.",
	"Maze.resetTooltip": "Coloca a figura ao inicio do labirinto.",
	"Maze.helpStack": "Amorea unha parella de bloques \"avanzar\" para axudarme a chegar á meta.",
	"Maze.helpOneTopBlock": "Neste nivel, tes que amorear xuntos tódolos bloques no espazo de traballo.",
	"Maze.helpRun": "Executa o teu programa para comprobar o que acontece.",
	"Maze.helpReset": "O teu programa non resolveu o labirinto. Preme en \"Restablecer\" e inténtao de novo.",
	"Maze.helpRepeat": "Chega ao final deste camiño usando só dous bloques. Utiliza \"repetir\" para executar un bloque máis dunha vez.",
	"Maze.helpCapacity": "Xa usaches todos os bloques dispoñibles para este nivel. Para crear un novo bloque, primeiro debes borrar un dos existentes.",
	"Maze.helpRepeatMany": "Podes apilar máis dun bloque dentro dos bloques \"repetir\".",
	"Maze.helpSkins": "Escolle o teu xogador favorito neste menú.",
	"Maze.helpIf": "Un bloque \"se\" fará algo unicamente se a condición é certa. Intenta xirar á esquerda se hai camiño á esquerda.",
	"Maze.helpMenu": "Preme en %1 no bloque \"se\" para cambiar a súa condición.",
	"Maze.helpWallFollow": "Podes resolver este labirinto máis complicado? Intenta seguir a parede da esquerda. Só para programadores avanzados!",
	"Bird.noWorm": "non ten unha miñoca",
	"Bird.heading": "cabeceira",
	"Turtle.moveTooltip": "Move a tartaruga adiante ou atrás a cantidade indicada.",
	"Turtle.moveForward": "mover adiante",
	"Turtle.moveBackward": "mover atrás",
	"Turtle.turnTooltip": "Xira a tartaruga á esquerda ou á dereita o número especificado de graos.",
	"Turtle.turnRight": "xirar á dereita",
	"Turtle.turnLeft": "xirar á esquerda",
	"Turtle.widthTooltip": "Cambia o grosor do bolígrafo.",
	"Turtle.setWidth": "establecer o grosor en",
	"Turtle.colourTooltip": "Cambia a cor do bolígrafo.",
	"Turtle.setColour": "establecer a cor en",
	"Turtle.penTooltip": "Eleva ou baixa o bolígrafo, para deixar de debuxar ou empezar a debuxar.",
	"Turtle.penUp": "elevar o bolígrafo",
	"Turtle.penDown": "baixar o bolígrafo",
	"Turtle.turtleVisibilityTooltip": "Fai que a tartaruga (o círculo e a frecha) sexa visible ou invisible.",
	"Turtle.hideTurtle": "agochar a tartaruga",
	"Turtle.showTurtle": "amosar a tartaruga",
	"Turtle.printHelpUrl": "https://gl.wikipedia.org/wiki/Impresi%C3%B3n",
	"Turtle.printTooltip": "Escribe un texto na dirección da tartaruga e desde a súa posición.",
	"Turtle.print": "escribir",
	"Turtle.fontHelpUrl": "https://en.wikipedia.org/wiki/Font",
	"Turtle.fontTooltip": "Define o tipo de letra empregado polo bloque de escritura.",
	"Turtle.font": "tipo de letra",
	"Turtle.fontSize": "tamaño da letra",
	"Turtle.fontNormal": "normal",
	"Turtle.fontBold": "negra",
	"Turtle.fontItalic": "cursiva",
	"Turtle.galleryMsg": "Ollar a galería",
	"Turtle.helpText3b": "Debuxa unha estrela amarela.",
	"Movie.x": "x",
	"Movie.y": "y",
	"Movie.x1": "comezar x",
	"Movie.y1": "comezar y",
	"Movie.x2": "rematar x",
	"Movie.y2": "rematar y",
	"Movie.radius": "raio",
	"Movie.width": "longura",
	"Movie.height": "altura",
	"Movie.circleDraw": "círculo",
	"Movie.rectDraw": "rectángulo",
	"Movie.lineDraw": "liña",
	"Movie.setColour": "mudar a cor cara",
	"Movie.galleryMsg": "Ollar a galería",
	"Movie.submitTooltip": "Enviar o seu filme á galería.",
	"Movie.submitMsg": "Enviar á galería",
	"Music.firstPart": "primeiro anaco",
	"Music.piano": "piano",
	"Music.trumpet": "trompeta",
	"Music.banjo": "banllo",
	"Music.violin": "violín",
	"Music.guitar": "guitarra",
	"Music.flute": "frauta",
	"Music.drum": "tambor",
	"Music.choir": "coro",
	"Music.galleryMsg": "Ollar a galería",
	"Music.submitTooltip": "Enviar a súa música á galería.",
	"Music.submitMsg": "Enviar á galería",
	"Pond.documentation": "Documentación",
	"Pond.playerName": "Xogador",
	"Pond.targetName": "Obxectivo",
	"Pond.pendulumName": "Péndulo",
	"Pond.scaredName": "Agoiado",
	"Pond.rabbitName": "Coello",
	"Pond.counterName": "Contador",
	"Pond.rookName": "Torre"
}
