{
	"@metadata": {
		"authors": [
			"Mapmeld"
		]
	},
	"Games.name": "Wasannin Blockly",
	"Games.puzzle": "Ɗaurin Gwarmai",
	"Games.maze": "Kanannnaɗo",
	"Games.bird": "Tsuntsu",
	"Games.turtle": "Kunkuru",
	"Games.movie": "Sinima",
	"Games.music": "Kiɗa",
	"Games.pondTutor": "Malam-na-bakin-kogi",
	"Games.pond": "Kogi",
	"Games.genetics": "Ƙwayar halitta",
	"Games.linesOfCode1": "Ka warware wannan mataki tare da layi 1 na JavaScript:",
	"Games.linesOfCode2": "Ka warware wannan mataki tare da layi %1 na JavaScript:",
	"Games.nextLevel": "Ka shiryawa mataki na %1?",
	"Games.finalLevel": "Ka shiryawa ƙalu-bale na gaba?",
	"Games.submitTitle": "Suna:",
	"Games.linkTooltip": "Ajiye kuma a haɗa zuwa bululluka.",
	"Games.runTooltip": "Gudanar da shirin da ka rubuta.",
	"Games.runProgram": "Gudanar da Shiri",
	"Games.resetTooltip": "Tsayar da shirin kuma a sake saita matakin.",
	"Games.resetProgram": "Sake saiti",
	"Games.help": "Help",
	"Games.dialogOk": "OK",
	"Games.dialogCancel": "Cancel",
	"Games.catLogic": "Dabara",
	"Games.catLoops": "Tsallake-tsallake",
	"Games.catMath": "Lissafi",
	"Games.catText": "Rubutu",
	"Games.catLists": "Jeri",
	"Games.catColour": "Launi",
	"Games.catVariables": "Siffofi",
	"Games.catProcedures": "Aikace-aikace",
	"Games.httpRequestError": "Akwai matsala tare da abin da aka nema.",
	"Games.linkAlert": "Raba bulullukanka tare da wannan haɗi:\n\n%1",
	"Games.hashError": "Yi haƙuri, '%1' bai dace da kowane shiri da aka ajiye ba.",
	"Games.xmlError": "Ba za a iya loda fayil ɗinka da ka ajiye ba. Wata kila an ƙirƙire shi tare da wani nau’i daban na Blockly?",
	"Games.submitted": "Mun gode sabo da wannan shiri!  Idan ma’aikatanmu suna son sa, za su ɗabba’a shi a cikin galari cikin ‘yan kwanaki kaɗan.",
	"Games.listVariable": "jeri",
	"Games.textVariable": "rubutu",
	"Games.breakLink": "Da zaran ka fara gyara JavaScript, ba za ka iya komawa domin gyaran bululluka ba. Wannan ya YI?",
	"Games.blocks": "Bululluka",
	"Games.congratulations": "Muna taya ka murna!",
	"Games.helpAbort": "Wannan matakin yana da matuƙar wahala. Kana so ka tsallake shi kuma ka tafi zuwa wasa na gaba? Koda yaushe za ka iya dawowa a nan gaba.",
	"Index.clear": "A gode duk amsoshinka?",
	"Index.subTitle": "Wasanni domin masu tsara shirye-shirye na gobe.",
	"Index.moreInfo": "Ƙarin bayani...",
	"Index.startOver": "Kana so ka fara daga farko?",
	"Index.clearData": "A goge bayanai",
	"Puzzle.animal1": "Agwagwa",
	"Puzzle.animal1Trait1": "Gashi",
	"Puzzle.animal1Trait2": "Baki",
	"Puzzle.animal1HelpUrl": "https://en.wikipedia.org/wiki/Duck",
	"Puzzle.animal2": "Mage",
	"Puzzle.animal2Trait1": "Gashin baki",
	"Puzzle.animal2Trait2": "Gashi",
	"Puzzle.animal2HelpUrl": "https://en.wikipedia.org/wiki/Cat",
	"Puzzle.animal3": "Ƙudan zuma",
	"Puzzle.animal3Trait1": "Zuma",
	"Puzzle.animal3Trait2": "Mai harbi",
	"Puzzle.animal3HelpUrl": "https://en.wikipedia.org/wiki/Bee",
	"Puzzle.animal4": "Dodon-koɗi",
	"Puzzle.animal4Trait1": "Kwanso",
	"Puzzle.animal4Trait2": "Yauƙi",
	"Puzzle.animal4HelpUrl": "https://en.wikipedia.org/wiki/Snail",
	"Puzzle.picture": "hoto:",
	"Puzzle.legs": "ƙafafu:",
	"Puzzle.legsChoose": "zaɓi...",
	"Puzzle.traits": "halaye:",
	"Puzzle.error0": "Da kyau! Duk bulullukan guda %1 dai dai ne.",
	"Puzzle.error1": "Kusa! Bulo ɗaya ba dai dai ba ne.",
	"Puzzle.error2": "Bululluka %1 ba dai dai ba ne.",
	"Puzzle.tryAgain": "Bulo ɗin da aka bayar da haske ba dai dai ba ne. Ci gaba da ƙoƙari.",
	"Puzzle.checkAnswers": "Duba amsoshi",
	"Puzzle.helpText": "Domin kowace dabba (koriya), liƙa hoton ta, zaɓi yawan ƙafafunta, sannan ka yi jeri na halayen ta.",
	"Maze.moveForward": "matsa gaba",
	"Maze.turnLeft": "juya hagu",
	"Maze.turnRight": "juya dama",
	"Maze.doCode": "yi",
	"Maze.elseCode": "wani",
	"Maze.helpIfElse": "Bulullukan idan-kuma za su yi wannan aiki ko wani.",
	"Maze.pathAhead": "idan hanya a gaba",
	"Maze.pathLeft": "idan hanya zuwa hagu",
	"Maze.pathRight": "idan hanya zuwa dama",
	"Maze.repeatUntil": "maimaita har",
	"Maze.moveForwardTooltip": "Zai matsar da mai wasa gaba da sarari ɗaya.",
	"Maze.turnTooltip": "Zai juya mai wasa hagu ko dama da digiri 90.",
	"Maze.ifTooltip": "Idan akwai hanya a wata keɓantacciyar hanya, to yi wasu ayyuka.",
	"Maze.ifelseTooltip": "Idan akwai hanya a wata keɓantacciyar hanya, to yi ayyukan bulo na farko. Idan ba haka ba, yi ayyukan bulo na biyu.",
	"Maze.whileTooltip": "Maimaita ayyukan da aka kewaye har sai an kai wurin da aka kammala.",
	"Maze.capacity0": "Kana da bululluka %0 da suka rage.",
	"Maze.capacity1": "Kana da bulo %1 da ya rage.",
	"Maze.capacity2": "Kana da bululluka %2 da suka rage.",
	"Maze.runTooltip": "Zai sa mai wasa ya yi abin da bululluka suka ce.",
	"Maze.resetTooltip": "Zai sa mai wasa ya koma baya daga farkon kanannaɗo.",
	"Maze.helpStack": "Ya kafe bulullukan 'matsa gaba' a wuri ɗaya domin taimaka min cimma buri na.",
	"Maze.helpOneTopBlock": "A wannan mataki, kana bukatar kafe dukkan bululluka a wuri ɗaya a sararin aiki fari.",
	"Maze.helpRun": "Gudanar da shirin ka domin ganin abin da ke faruwa.",
	"Maze.helpReset": "Shirin ka bai aikatar da kanannaɗo ba. Danna 'Sake saitawa' sannan ka sake gwadawa.",
	"Maze.helpRepeat": "Kai ƙarshe na wannan hanya ta amfani da bululluka biyu kawai. Yi amfani da 'maimaita' domin gudanar da bulo fiye da sau ɗaya.",
	"Maze.helpCapacity": "Ka yi amfani da duk bululluka na wannan mataki. Domin ƙirƙiran sabon bulo, farko kana bukatar goge bulon da ke akwai.",
	"Maze.helpRepeatMany": "Za ka iya saka fiye da bulo ɗaya a cikin bulon 'maimaita'.",
	"Maze.helpSkins": "Zaɓi ɗan wasan da ka fi so daga wannan jeri na zaɓi.",
	"Maze.helpIf": "Bulon 'idan' zai yi wani abu ne kawai idan sharaɗin gaskiya ne. Juyawa hagu idan akwai hanya zuwa hagun.",
	"Maze.helpMenu": "Danna %1 a cikin bulon 'idan' domin canza sharaɗin sa.",
	"Maze.helpWallFollow": "Za ka iya aiwatar da wannan kanannaɗo mai sarƙaƙiya? Jarraba bin bangon hannun-hagu. Masu aiwatarwa waɗanda suka yi zurfi kawai!",
	"Bird.noWorm": "ba shi da tsutsa",
	"Bird.heading": "fuskanta",
	"Bird.noWormTooltip": "Sharaɗi na lokacin da tsuntsu ya sami tsutsa.",
	"Bird.headingTooltip": "Matsa zuwa wani wurin na kusurwa da aka bayar: 0 shine zuwa dama, 90 ita ce sama ɗoɗar, dsrs.",
	"Bird.positionTooltip": "x da y na nuna wurin da tsuntsu yake. Idan x = 0 tsuntsun yana kusa da gaɓar hagu, idan x = 100 yana kusa da gaɓar dama. Idan y = 0 tsuntsun yana ƙasa, idan y = 100 yana sama.",
	"Bird.helpHeading": "Canza sunan kusurwa domin sanya tsuntsu ya sami tsutsa kuma ya sauka a sheƙarsa.",
	"Bird.helpHasWorm": "Yi amfani da wannan bulo domin tafiya zuwa wurin fuskanta ɗaya idan ka na da tsutsar, ko wurin fuskanta daban idan ba ka da tsutsar.",
	"Bird.helpX": "'x' shine miƙaƙƙen wurinka na yanzu. Yi amfani da wannan bulo domin zuwa wani wurin fuskanta ɗaya idan 'x' ba ta kai wata lamba ba, ko wani wurin fuskanta daban in ba haka ba.",
	"Bird.helpElse": "Danna alamar domin gyara bulo na 'idan'.",
	"Bird.helpElseIf": "Wannan matakin na bukatar bulo ɗin 'idan kuma' da kuma 'kuma'.",
	"Bird.helpAnd": "Bulo ɗin DA gaskiya ne kawai idan duk bayanan gaskiya ne.",
	"Bird.helpMutator": "Janye bulo na 'kuma' zuwa cikin bulo na 'idan'.",
	"Turtle.moveTooltip": "Ya matsar da kunkuru gaba ko baya daga wani gwargwado da aka fayyace.",
	"Turtle.moveForward": "matsar gaba daga",
	"Turtle.moveBackward": "matsar baya daga",
	"Turtle.turnTooltip": "Ya juya kunkurun hagu ko dama daga wani digiri na lamba da aka fayyace.",
	"Turtle.turnRight": "juya dama daga",
	"Turtle.turnLeft": "juya hagu daga",
	"Turtle.widthTooltip": "Ya canza kaurin alƙalamin.",
	"Turtle.setWidth": "Saita kauri zuwa",
	"Turtle.colourTooltip": "Ya canza launin alƙalamin.",
	"Turtle.setColour": "saita launi zuwa",
	"Turtle.penTooltip": "Ya ɗaga ko sauke alƙalamin, domin daina ko fara zane.",
	"Turtle.penUp": "alƙalami sama",
	"Turtle.penDown": "alƙalami ƙasa",
	"Turtle.turtleVisibilityTooltip": "Ya sanya kunkuru (juyawa kuma ya yi kibiya) bayyana ko ɓuya.",
	"Turtle.hideTurtle": "ɓoye kunkuru",
	"Turtle.showTurtle": "nuna kunkuru",
	"Turtle.printHelpUrl": "https://en.wikipedia.org/wiki/Printing",
	"Turtle.printTooltip": "Ya zana rubutu a inda kunkuru yake da kuma wurinsa.",
	"Turtle.print": "buga",
	"Turtle.fontHelpUrl": "https://en.wikipedia.org/wiki/Font",
	"Turtle.fontTooltip": "Saita nau’in rubutu da bulo mai buga rubutu yake amfani da shi.",
	"Turtle.font": "nau’in rubutu",
	"Turtle.fontSize": "girman nau’in rubutu",
	"Turtle.fontNormal": "na al’ada",
	"Turtle.fontBold": "mai kauri",
	"Turtle.fontItalic": "shagiɗe",
	"Turtle.submitDisabled": "Gudanar da shirinka har sai ya tsaya. Sannan za ka iya tura zanenka zuwa galari.",
	"Turtle.galleryTooltip": "Buɗe galari na zane-zane.",
	"Turtle.galleryMsg": "Kalli Galari",
	"Turtle.submitTooltip": "Tura da zanenka zuwa galarin.",
	"Turtle.submitMsg": "Tura zuwa Galari",
	"Turtle.helpUseLoop": "Amsar ka ta yi aiki, amma za ka iya yin fiye da haka.",
	"Turtle.helpUseLoop3": "Zana surar da bululluka uku kawai.",
	"Turtle.helpUseLoop4": "Zana tauraruwar da bululluka huɗu kawai.",
	"Turtle.helpText1": "Ƙirƙiri wani shiri wanda ya zana siffa mai kusurwa huɗu.",
	"Turtle.helpText2": "Canza shirinka domin zana siffa mai kusurwa biyar maimakon siffa mai kusurwa huɗu.",
	"Turtle.helpText3a": "Akwai sabon bulo wanda zai bar ka ka canza launin:",
	"Turtle.helpText3b": "Zana tauraruwa mai ruwan ɗorawa.",
	"Turtle.helpText4a": "Ga sabon bulo wanda zai ƙyaleka ka ɗauke alƙalaminka daga kan takarda lokacin da ka matsa:",
	"Turtle.helpText4b": "Zana ƙaramar tauraruwa mai ruwan ɗorawa, sannan ka zana layi a samanta.",
	"Turtle.helpText5": "Maimakon tauraruwa ɗaya, za ka iya zana taurari huɗu a cikin sura mai kusurwa huɗu?",
	"Turtle.helpText6": "Zana taurari huɗu masu ruwan ɗorawa, da kuma farin layi guda ɗaya.",
	"Turtle.helpText7": "Zana taurarin, sannan ka zana fararen layuka guda huɗu.",
	"Turtle.helpText8": "Zana fararen layuka cikin da’ira mai zagayen 360 wanda ya yi kama da cikakken wata.",
	"Turtle.helpText9": "Za ka iya daɗa baƙar da’ira ta yadda watan zai zama kamar sabon fitowa?",
	"Turtle.helpText10": "Zana duk abinda kake so. Kana da adadi mai yawa na sabbin bululluka da za ka gano. Sami jin daɗi!",
	"Turtle.helpText10Reddit": "Yi amfani da madannin \"Kalli Galari\" domin ganin abin da wasu matanen suka samar. Idan ka samar da wani abu mai ban sha’awa, yi amfani da madannin \"tura zuwa Galari\" domin ɗabba’a shi.",
	"Turtle.helpToolbox": "Zaɓi jinsin da za ka ga bululluka.",
	"Movie.x": "x",
	"Movie.y": "y",
	"Movie.x1": "fara x",
	"Movie.y1": "fara y",
	"Movie.x2": "ƙare x",
	"Movie.y2": "ƙare y",
	"Movie.radius": "da’ira",
	"Movie.width": "faɗi",
	"Movie.height": "tsawo",
	"Movie.circleTooltip": "Ya zana da’ira a wani wuri da aka fayyace kuma da ke da da’ira da aka fayyace.",
	"Movie.circleDraw": "da’ira",
	"Movie.rectTooltip": "Ya zana siffa mai kusurwa huɗu a wani wuri da aka fayyace kuma dake da faɗi da tsawo da aka fayyace.",
	"Movie.rectDraw": "siffa mai kusurwa huɗu",
	"Movie.lineTooltip": "Ya zana layi daga wani gurbi zuwa wani tare da wani faɗi da aka fayyace.",
	"Movie.lineDraw": "layi",
	"Movie.timeTooltip": "Ya dawo da lokaci na yanzu a cikin hotuna masu motsi (0-100).",
	"Movie.colourTooltip": "Ya canza launin alƙalamin.",
	"Movie.setColour": "saita launi zuwa",
	"Movie.submitDisabled": "Fim ɗinka baya motsawa. Yi amfani da bululluka domin yin wani abu mai ban sha’awa. Sannan za ka iya miƙa fim ɗinka zuwa galari.",
	"Movie.galleryTooltip": "Buɗe galari na fina-finai.",
	"Movie.galleryMsg": "Kalli Galari",
	"Movie.submitTooltip": "Miƙa fim ɗinka zuwa galarin.",
	"Movie.submitMsg": "Tura zuwa Galari",
	"Movie.helpLayer": "Matsar da da’irar da ke baya zuwa saman shirinka. Sannan za ta bayyana a bayan mutumin.",
	"Movie.helpText1": "Yi amfani da siffofi masu sauƙi domin zana wannan mutumin.",
	"Movie.helpText2a": "Wannan matakin fim ne. Kana so hannun mutumin ya matsa a duk faɗin allon. Danna madannin wasa domin ganin duban farko.",
	"Movie.helpText2b": "Yiyin da fim ɗin yake kunnawa, kimar bulo na ‘lokacin’ yana ƙirgawa daga 0 zuwa 100. Tunda kana son gurbin 'y' na hannun ya fara daga 0 sannan ya tafi 100 wannan zai zama mai sauƙi.",
	"Movie.helpText3": "Bulo na ‘lokaci' yana ƙirga daga 0 zuwa 100. Amma yanzu kana so gurbin 'y' na ɗaya hannun ya fara a 100 sannan ya tafi zuwa 0. Za ka iya gano wata hanyar lissaffi mai sauƙi da za ta juya gurbin?",
	"Movie.helpText4": "Yi amfani da abinda ka koya a matakin da ya gabata domin yin ƙafafu da suka hau kan juna.",
	"Movie.helpText5": "Hanyar lissafi domin hannuwa na da sarƙaƙiya. Ga amsar:",
	"Movie.helpText6": "Bawa mutumin ‘yan wasu hannaye.",
	"Movie.helpText7": "Yi amfani da bulo na ‘idan’ domin zana ƙaramin kai na rabin farko na fim ɗin. Sannan ka zana babban kai domin rabo na biyu na fim ɗin.",
	"Movie.helpText8": "Sa ƙafafun su sauya tsarin wuri a tsakiyar fim ɗin.",
	"Movie.helpText9": "Zana babbar da’ira a bayan mutumin.",
	"Movie.helpText10": "Yi fim na duk abinda kake so. Kana da adadi mai yawa na sabbin bululluka da za ka gano. Sami jin daɗi!",
	"Movie.helpText10Reddit": "Yi amfani da madannin \"Kalli Galari\" domin ganin abin da wasu matanen suka samar. Idan ka samar da wani abu mai ban sha’awa, yi amfani da madannin \"tura zuwa Galari\" domin ɗabba’a shi.",
	"Music.playNoteTooltip": "Yi wani nau’i na kiɗa na wani lokaci da sauti da aka fayyace.",
	"Music.playNote": "yi %1 nau’in %2",
	"Music.restTooltip": "Yana jiran wani lokaci da aka fayyace.",
	"Music.restWholeTooltip": "Yana jirin wani cikakken nau’i.",
	"Music.rest": "huta %1",
	"Music.setInstrumentTooltip": "Ya koma zuwa wani abin kiɗa da aka fayyace lokacin yin wani nau’i na kiɗa mai zuwa.",
	"Music.setInstrument": "saita kayan kiɗa zuwa %1",
	"Music.startTooltip": "Aiwatar da bululluka a ciki lokacin da aka danna madannin 'Gudanar da Shiri'.",
	"Music.start": "lokacin da aka danna %1",
	"Music.pitchTooltip": "Nau’i na ɗaya (C4 shine 7).",
	"Music.firstPart": "ɓangaren farko",
	"Music.piano": "fiyano",
	"Music.trumpet": "kakaki",
	"Music.banjo": "gurmi",
	"Music.violin": "molo",
	"Music.guitar": "jita",
	"Music.flute": "sarewa",
	"Music.drum": "ganga",
	"Music.choir": "amshi",
	"Music.submitDisabled": "Gudanar da shirinka har sai ya tsaya. Sannan za ka iya miƙa kiɗanka zuwa galari.",
	"Music.galleryTooltip": "Buɗe galari na kiɗa.",
	"Music.galleryMsg": "Dubi Galari",
	"Music.submitTooltip": "Miƙa kiɗanka zuwa galari.",
	"Music.submitMsg": "Tura zuwa Galari",
	"Music.helpUseFunctions": "Amsarka ta yi aiki, amma za ka iya yi fiye da haka. Yi amfani da abin gudanar da aikace-aikace domin rage adadin lambobi da aka maimaita.",
	"Music.helpUseInstruments": "Kiɗan zai iya ƙara daɗi idan ka yi amfani da wani kayan kiɗan daban a kowane bulon farawa.",
	"Music.helpText1": "Shirya nau’oin kiɗa guda huɗu na farko na 'Frère Jacques'.",
	"Music.helpText2a": "'Abin gudanar da aiki' yana ba ka dama ka haɗa bululluka tare, sannan ka gudanar da su fiye da sau ɗaya.",
	"Music.helpText2b": "Ƙirƙiri abin gudanar da aiki domin yin wasa na nau’in kiɗa guda huɗu na 'Frère Jacques'. Gudanar da abin gudanr da wannan aiki sau biyu. Kada ka daɗa wani sabon nau’i na bulo.",
	"Music.helpText3": "Ƙirƙiri abin aiki na biyu domin ɓangare na gaba na 'Frère Jacques'. Nau’i na ƙarshe ya fi tsawo.",
	"Music.helpText4": "Ƙirƙiri abin aiki na uku domin ɓangare na gaba na 'Frère Jacques'. Nau’ika huɗu na farko sun fi gajarta.",
	"Music.helpText5": "Kammala cika sauti na 'Frère Jacques'.",
	"Music.helpText6a": "Wannan sabon bulon zai bari ka canza wani abin kiɗan.",
	"Music.helpText6b": "Kunna sautin ka da molo.",
	"Music.helpText7a": "Wannan sabon bulon yana daɗa jinkiri na shiru.",
	"Music.helpText7b": "Ƙirƙiri bulo na farawa na biyu wanda ke da bululluka biyu na jinkiri, sannan kuma ka kunna 'Frère Jacques'.",
	"Music.helpText8": "Kowane bulo na farawa zai kunna 'Frère Jacques' sau biyu.",
	"Music.helpText9": "Ƙirƙiri bululluka na farawa guda huɗu wanda kowane zai kunna 'Frère Jacques' sau biyu. Daɗa adadi da ya yi dai dai na bulullukan jinkiri.",
	"Music.helpText10": "Shirya duk abubuwan da kake so. Kana da adadi mai yawa na sabbin bululluka da za ka gano. Sami jin daɗi!",
	"Music.helpText10Reddit": "Yi amfani da madannin \"Kalli Galari\" domin ganin abin da wasu matanen suka samar. Idan ka samar da wani abu mai ban sha’awa, yi amfani da madannin \"tura zuwa Galari\" domin ɗabba’a shi.",
	"Pond.scanTooltip": "Yi lalube domin maƙiya. Fayyace wani wuri (0-360). Ya dawo da tazara zuwa maƙiyi mafi kusa na wancan wuri. Ya dawo da Maras Iyaka idan ba a sami kowane maƙiyi ba.",
	"Pond.cannonTooltip": "Harba bindiga. Fayyace wani wuri (0-360) da kuma jeri (0-70).",
	"Pond.swimTooltip": "Yi iwo zuwa gaba. Fayyace wuri (0-360).",
	"Pond.stopTooltip": "Dakata da iyo. Mai wasa zai tafi a hankali har zuwa tsayawa.",
	"Pond.healthTooltip": "Ya maido da matsayin lafiya na yanzu na mai wasa (0 shine matacce, 100 shine mai lafiya).",
	"Pond.speedTooltip": "Ya maido da matsayin sauri na mai wasa (0 shine tsayawa, 100 shine cikakken sauri).",
	"Pond.locXTooltip": "Ya maido da X mai shiryawa na wasa (0 shine gefen hagu, 100 shine gefen dama).",
	"Pond.locYTooltip": "Ya maido da Y mai shiryawa na wasa (0 shine gefen ƙasa, 100 shine gefen sama).",
	"Pond.docsTooltip": " Nuna yare na daftarin.",
	"Pond.documentation": "Daftari",
	"Pond.playerName": "Mai wasa",
	"Pond.targetName": "Wanda aka nufa",
	"Pond.pendulumName": "Mai kai-komo",
	"Pond.scaredName": "Maguji",
	"Pond.helpUseScan": "Amsarka ta yi, amma za ka iya yi fiye da haka. Yi amfani da ‘lalube’ domin shaidawa bindiga iyakar yadda za ta yi harbi.",
	"Pond.helpText1": "Yi amfani da umarni na 'bindiga' domin harbin abin da aka nufa. Ma’auni na farko shine kusurwa, ma’auni na biyu shine jeri. Nemo haɗin da yake dai dai.",
	"Pond.helpText2": "Wannan abin da aka nufa dole a harbe shi sau da yawa. Yi amfani da 'yayin da yake (gaskiya)' tsallake domin yin wani abu da ba a tabbatar ba.",
	"Pond.helpText3a": "Wannan abokin gaba yana matsawa gaba ya yi baya, wanda ke sawa ya zama da wahala a harbe shi. Maganar 'lalube' za ta dawo da ainihin jerin zuwa abokin gabar a cikin wani wuri da aka fayyace.",
	"Pond.helpText3b": "Wannan jeri shine ainihin abinda umarnin 'bindiga' yake so ya harba dai dai.",
	"Pond.helpText4": "Wannan abokin gaba ya yi nisa sosai domin amfani da bindiga (wanda ke da iyaka na mita 70). Maimakon haka, yi amfani da umarnin 'iyo' domin fara iyo zuwa abokin gaba sannan kuma ka afka masa.",
	"Pond.helpText5": "Wannan abokin gaba ya yi nisa sosai domin amfani da bindiga. Amma kuma ka yi rauni sosai ka jure karo da shi. Yi iyo zuwa abokin gaba yayin da wurin da kake a miƙe ƙasa yake da 50. To 'tsaya' sannan ka yi amfani da bindiga.",
	"Pond.helpText6": "Wannan abokin gaba ya matsa nesa lokacin da aka harbe shi. Yi iyo zuwa gare shi idan ba ya cikin jerin (mita 70).",
	"Pond.rabbitName": "Zomo",
	"Pond.counterName": "Mai lissafi",
	"Pond.rookName": "Zakara",
	"Pond.sniperName": " Mai laɓiyar harbi",
	"Gallery": "Galari"
}
