{
	"@metadata": {
		"authors": [
			"EagerLin",
			"Jetlag"
		]
	},
	"Games.dialogOk": "確定",
	"Games.dialogCancel": "取消",
	"Games.catMath": "Sṳ-ho̍k kûng-sṳt",
	"Games.catText": "文字",
	"Games.catLists": "列表",
	"Games.catColour": "顏色",
	"Games.catVariables": "變量",
	"Games.catProcedures": "函數",
	"Games.httpRequestError": "命令出現錯誤。",
	"Games.xmlError": "沒存到你保存个檔案。可能它係從其他版本个Blockly創建麼？",
	"Games.listVariable": "列表",
	"Games.textVariable": "文字",
	"Games.puzzle": "迷局",
	"Games.maze": "迷宮",
	"Maze.turnLeft": "左彎",
	"Maze.turnRight": "右彎",
	"Maze.doCode": "做",
	"Maze.elseCode": "不過",
	"Maze.pathAhead": "佬前方有路",
	"Maze.pathLeft": "佬左邊有路",
	"Maze.pathRight": "佬右邊有路",
	"Maze.repeatUntil": "重覆直到",
	"Maze.moveForwardTooltip": "前行一步。",
	"Maze.turnTooltip": "向左還有向右彎90度。",
	"Puzzle.legsChoose": "選擇",
	"Puzzle.error0": "讚！\n%1 格仔全部正確。",
	"Puzzle.error1": "差滴！有 1 格毋著。",
	"Puzzle.error2": "%1 格毋著。",
	"Puzzle.tryAgain": "加光个格仔毋著。\n繼續努力。",
	"Games.help": "幫助",
	"Puzzle.checkAnswers": "核對答案"
}
