{
	"@metadata": {
		"authors": [
			"Dorongol",
			"Orsa",
			"YaronSh",
			"Inkbug",
			"Amire80",
			"Noamrotem",
			"Elyashiv",
			"Deborahjay",
			"Erelon",
			"Steeve815",
			"מזלג שביר"
		]
	},
	"Games.name": "משחקי בלוקלי",
	"Games.puzzle": "פאזל",
	"Games.maze": "מבוך",
	"Games.bird": "ציפור",
	"Games.turtle": "צב",
	"Games.movie": "סרט",
	"Games.music": "מוזיקה",
	"Games.pond": "אגם",
	"Games.genetics": "גנטיקה",
	"Games.linesOfCode1": "פתרת את השלב עם שורה אחת של JavaScript:",
	"Games.linesOfCode2": "פתרת את השלב עם %1 שורות של JavaScript:",
	"Games.nextLevel": "אתה מוכן לשלב %1?",
	"Games.finalLevel": "אתה מוכן לאתגר הבא?",
	"Games.submitTitle": "כותרת:",
	"Games.linkTooltip": "שמירה וקישור לקטעי קוד.",
	"Games.runTooltip": "הרץ את התוכנית שכתבת.",
	"Games.runProgram": "הרץ תכנית",
	"Games.resetProgram": "איפוס",
	"Games.help": "עזרה",
	"Games.dialogOk": "אישור",
	"Games.dialogCancel": "ביטול",
	"Games.catLogic": "לוגיקה",
	"Games.catLoops": "לולאות",
	"Games.catMath": "מתמטיקה",
	"Games.catText": "טקסט",
	"Games.catLists": "רשימות",
	"Games.catColour": "צבע",
	"Games.catVariables": "משתנים",
	"Games.catProcedures": "פונקציות",
	"Games.httpRequestError": "הבקשה נכשלה.",
	"Games.linkAlert": "ניתן לשתף את קטעי הקוד שלך באמצעות קישור זה:\n\n%1",
	"Games.hashError": "לצערנו, '%1' איננו מתאים לאף אחת מהתוכניות השמורות",
	"Games.xmlError": "נסיון הטעינה של הקובץ השמור שלך נכשל. האם ייתכן שהוא נוצר בגרסא שונה של בלוקלי?",
	"Games.listVariable": "רשימה",
	"Games.textVariable": "טקסט",
	"Games.breakLink": "ברגע שאתם מתחילים לערוך ב־JavaScript, לא יהיה ניתן לחזור לערוך בלוקים. האם זה בסדר?",
	"Games.blocks": "קטעי קוד",
	"Games.congratulations": "מזל טוב!",
	"Games.helpAbort": "שלב זה הוא קשה למדי. האם תרצה לדלג עליו ולעבור למשחק הבא? תוכל לחזור מאוחר יותר.",
	"Index.clear": "למחוק את כל הפתרונות שלך?",
	"Index.subTitle": "משחקים למתכנתים של מחר.",
	"Index.moreInfo": "מידע נוסף...",
	"Index.startOver": "רוצה להתחיל מחדש?",
	"Index.clearData": "ניקוי נתונים",
	"Puzzle.animal1": "ברווז",
	"Puzzle.animal1Trait1": "נוצות",
	"Puzzle.animal1Trait2": "מקור",
	"Puzzle.animal1HelpUrl": "https://he.wikipedia.org/wiki/ברווז",
	"Puzzle.animal2": "חתול",
	"Puzzle.animal2Trait1": "שפם",
	"Puzzle.animal2Trait2": "פרווה",
	"Puzzle.animal2HelpUrl": "https://he.wikipedia.org/wiki/חתול",
	"Puzzle.animal3": "דבורה",
	"Puzzle.animal3Trait1": "דבש",
	"Puzzle.animal3Trait2": "עוקץ",
	"Puzzle.animal3HelpUrl": "https://he.wikipedia.org/wiki/דבורה",
	"Puzzle.animal4": "חילזון",
	"Puzzle.animal4Trait1": "קונכייה",
	"Puzzle.animal4Trait2": "ריר",
	"Puzzle.animal4HelpUrl": "https://he.wikipedia.org/wiki/חילזון",
	"Puzzle.picture": "תמונה:",
	"Puzzle.legs": "רגליים:",
	"Puzzle.legsChoose": "בחירה…",
	"Puzzle.traits": "מאפיינים:",
	"Puzzle.error0": "מושלם!\nכל %1 קטעי הקוד נכונים.",
	"Puzzle.error1": "כמעט! קטע קוד אחד לא נכון.",
	"Puzzle.error2": "%1 קטעי קוד אינם נכונים.",
	"Puzzle.tryAgain": "קטע הקוד המודגש אינו נכון.\nנסו שוב.",
	"Puzzle.checkAnswers": "בדוק את התשובות",
	"Puzzle.helpText": "בשביל כל חיה (בירוק), צרפו את התמונה, בחרו את מספר הרגליים שלה, ועשו ערמה של המאפיינים שלה.",
	"Maze.moveForward": "נוע קדימה",
	"Maze.turnLeft": "פנה שמאלה",
	"Maze.turnRight": "פנה ימינה",
	"Maze.doCode": "תעשה",
	"Maze.elseCode": "אחרת",
	"Maze.helpIfElse": "אם-אז קטעי קוד יעשו אחד משני דברים",
	"Maze.pathAhead": "נתיב אם בהמשך",
	"Maze.pathLeft": "נתיב אם משמאל",
	"Maze.pathRight": "נתיב אם מימין",
	"Maze.repeatUntil": "המשך עד ש",
	"Maze.moveForwardTooltip": "הזז את השחקן קדימה מרווח אחד",
	"Maze.turnTooltip": "סובב את השחקן שמאלה או ימינה ב-90 מעלות",
	"Maze.ifTooltip": "אם יש אפשרות תנועה בכיוון הנוכחי, עשה מספר פעולות",
	"Maze.ifelseTooltip": "אם יש אפשרות תנועה בכיוון הנוכחי אזי עשה את מקטע הפעולות הראשון. אחרת, עשה את מקטע הפעולות השני.",
	"Maze.whileTooltip": "חזור על הפעולות האלה עד הגעה לנקודת הסיום",
	"Maze.capacity0": "נותרו לך %0 פעולות",
	"Maze.capacity1": "נותרה לך פעולת קוד אחת",
	"Maze.capacity2": "נותרו לך %2 קטעי קוד",
	"Maze.runTooltip": "גורם לשחקן לעשות את מה שקטע הקוד אומר",
	"Maze.resetTooltip": "שים את השחקן בחזרה בנקודת ההתחלה של המבוך",
	"Maze.helpStack": "שים כמה קטעי קוד 'נוע קדימה' כדי לעזור להגיע אל המטרה",
	"Maze.helpOneTopBlock": "בשלב זה, נדרש ממך לעשות שימוש בכל קטעי הקוד הזמינים",
	"Maze.helpRun": "עליך להריץ את התוכנית בכדי לראות מה קורה",
	"Maze.helpReset": "התוכנית שלך לא פתרה את המבוך. לחץ על 'אפס' בכדי לנסות שנית",
	"Maze.helpRepeat": "השתמש בשני קטעי קוד בלבד בכדי להגיע לקצה הנתיב הזה. השתמש ב-'חזור' בכדי להריץ קטע קוד יותר מפעם אחת.",
	"Maze.helpCapacity": "עשית שימוש בכל קטעי הקוד הזמינים לשלב זה. בכדי ליצור קטע קוד חדש, אתה צריך קודם לכן למחוק קטע קוד קיים.",
	"Maze.helpRepeatMany": "אתה יכול להשתמש ביותר מקטע קוד אחד בתוך קטע קוד 'חזור'.",
	"Maze.helpSkins": "בחר את השחקן המועדף עליך מתוך תפריט זה.",
	"Maze.helpIf": "קטע קוד 'אם' יבצע פעולה רק אם התנאי הוא נכון. נסה לפנות שמאלה אם ישנו נתיב פנוי לכיוון צד שמאל.",
	"Maze.helpMenu": "לחץ על %1 בתוך בלוק הקוד 'אם' בכדי לשנות את התנאי.",
	"Maze.helpWallFollow": "האם תוכל לפתור את המבוך המסובך הזה? נסה לעקוב אחרי הקיר השמאלי. מיועד לתוכניתנים מנוסים בלבד!",
	"Bird.noWorm": "לא מחזיקה תולעת",
	"Bird.heading": "בכיוון",
	"Bird.noWormTooltip": "התנאי כאשר הציפור לא קיבלה את התולעת.",
	"Bird.helpElse": "לחץ על הסמליל על מנת לשנות את בלוק ה-'if'.",
	"Bird.helpMutator": "גרור בלוק 'else' לתוך בלוק ה-'if'.",
	"Turtle.moveTooltip": "מזיז את הצב קדימה או אחורה על פי המספר המוגדר.",
	"Turtle.moveForward": "זוז קדימה כ",
	"Turtle.moveBackward": "זוז אחורה כ",
	"Turtle.turnTooltip": "מסובב את הצב שמאלה או ימינה כמספר המעלות המוגדר.",
	"Turtle.turnRight": "סובב ימינה כ",
	"Turtle.turnLeft": "סובב שמאלה כ",
	"Turtle.widthTooltip": "שינוי עובי העט.",
	"Turtle.setWidth": "קבע עובי ל",
	"Turtle.colourTooltip": "משנה את צבע העט",
	"Turtle.setColour": "קבע את הצבע ל",
	"Turtle.penTooltip": "מרים או מוריד את העט, בכדי לעצור או להתחיל לצייר.",
	"Turtle.penUp": "עט למעלה",
	"Turtle.penDown": "עט למטה",
	"Turtle.turtleVisibilityTooltip": "מציג או מסתיר את הצב (מעגל או חץ)",
	"Turtle.hideTurtle": "הסתרת הצב",
	"Turtle.showTurtle": "הצגת הצב",
	"Turtle.printHelpUrl": "https://en.wikipedia.org/wiki/Printing",
	"Turtle.printTooltip": "מצייר את הטקסט בכיוון הצב במיקומו הנוכחי",
	"Turtle.print": "הדפס",
	"Turtle.fontHelpUrl": "https://en.wikipedia.org/wiki/Font",
	"Turtle.fontTooltip": "קובע את הגופן שבשימוש קטע קוד ההדפסה",
	"Turtle.font": "גופן",
	"Turtle.fontSize": "גודל הגופן",
	"Turtle.fontNormal": "רגיל",
	"Turtle.fontBold": "מודגש",
	"Turtle.fontItalic": "נטוי",
	"Turtle.submitDisabled": "הרץ את התכנית שלך עד אשר היא עוצרת. לאחר מכן באפשרותך לשלוח את הציור שלך לגלריה.",
	"Turtle.galleryTooltip": "פתיחת גלריית הציורים.",
	"Turtle.galleryMsg": "ראה גלריה",
	"Turtle.submitTooltip": "שלח את הציור שלך לגלריה",
	"Turtle.submitMsg": "שליחה לגלריה",
	"Turtle.helpUseLoop": "הפתרון שלך עובד, אך את/ה יכול/ה להשתפר.",
	"Turtle.helpUseLoop3": "צייר את הצורה עם שלושה בלוקים בלבד.",
	"Turtle.helpUseLoop4": "צייר את הכוכב עם ארבעה בלוקים בלבד.",
	"Turtle.helpText1": "צור תכנית אשר תצייר ריבוע.",
	"Turtle.helpText2": "בצע שינויים בתכנית שלך על מנת לצייר מחומש במקום ריבוע.",
	"Turtle.helpText3a": "ישנו בלוק חדש המאפשר לך לשנות את הצבע:",
	"Turtle.helpText3b": "ציירו כוכב צהוב.",
	"Turtle.helpText4b": "ציירו כוכב קטן בצבע צהוב, לאחר מכן ציירו קו מעליו.",
	"Turtle.helpText6": "צייר שלושה כוכבים צהובים וקו לבן אחד.",
	"Turtle.helpText7": "צייר את הכוכבים, לאחר מכן צייר ארבעה קווים לבנים.",
	"Turtle.helpText8": "ציור 360 קווים לבנים ייראה כמו הירח המלא.",
	"Turtle.helpText9": "האם אתה יכול להוסיף עיגול שחור באופן בו הירח הופך לסהרון?",
	"Turtle.helpToolbox": "בחר קטגוריה על מנת לראות את הבלוקים.",
	"Movie.x": "x",
	"Movie.y": "y",
	"Movie.x1": "התחלה x",
	"Movie.y1": "התחלה y",
	"Movie.x2": "סיום x",
	"Movie.y2": "סיום y",
	"Movie.radius": "רדיוס",
	"Movie.width": "רוחב",
	"Movie.height": "גובה",
	"Movie.circleDraw": "עיגול",
	"Movie.rectTooltip": "צייר מלבן במיקום מסויים ועם אורך ורוחב מסויימים.",
	"Movie.rectDraw": "מלבן",
	"Movie.lineTooltip": "מצייר קו מנקודה אחת לאחרת עם העובי שנקבע.",
	"Movie.lineDraw": "קו",
	"Movie.timeTooltip": "מחזיר את הזמן הנוכחי של ההנפשה (0-100).",
	"Movie.colourTooltip": "משנה את צבע העט.",
	"Movie.setColour": "קבע את הצבע ל",
	"Movie.galleryTooltip": "פתיחת גלריית הסרטים.",
	"Movie.galleryMsg": "ראה גלריה",
	"Movie.submitTooltip": "שלח את הסרט שלך לגלריה.",
	"Movie.submitMsg": "שליחה לגלריה",
	"Movie.helpText1": "השתמש בצורות פשוטות בשביל לצייר איש.",
	"Movie.helpText6": "תן לאיש מספר ידיים.",
	"Music.playNote": "נגן %1 מהתו %2",
	"Music.restTooltip": "ממתין למשך הזמן שנקבע.",
	"Music.setInstrument": "קביעת כלי נגינה עבור %1",
	"Music.start": "כאשר %1 נלחץ",
	"Music.pitchTooltip": "תו אחד (C4 מיוצג בתור 7).",
	"Music.firstPart": "המסלול הראשון",
	"Music.piano": "פסנתר",
	"Music.trumpet": "חצוצרה",
	"Music.banjo": "בנג'ו",
	"Music.violin": "כינור",
	"Music.guitar": "גיטרה",
	"Music.flute": "חליל",
	"Music.drum": "תוף",
	"Music.choir": "מקחלה",
	"Music.submitDisabled": "הרץ את התכנית שלך עד אשר היא עוצרת. לאחר מכן באפשרותך לשלוח את השיר שלך לגלריה.",
	"Music.galleryTooltip": "פתיחת גלריית המוזיקה.",
	"Music.galleryMsg": "ראה גלריה",
	"Music.submitTooltip": "שלח את השיר שלך לגלריה.",
	"Music.submitMsg": "שליחה לגלריה",
	"Music.helpUseFunctions": "הפתרון שלך עובד, אך את/ה יכול/ה להשתפר. עשה/י שימוש בפונקציות על מנת לצמצם את כמות הקודים החוזרים על עצמם.",
	"Music.helpText6b": "נגן את המנגינה שלך עם כינור.",
	"Pond.docsTooltip": "הצגת התיעוד עבור השפה.",
	"Pond.documentation": "תיעוד",
	"Pond.playerName": "שחקן",
	"Pond.targetName": "מטרה",
	"Pond.pendulumName": "מטוטלת",
	"Pond.scaredName": "מבוהל",
	"Pond.rabbitName": "ארנב",
	"Pond.counterName": "מונה",
	"Pond.rookName": "צריח",
	"Pond.sniperName": "צלף",
	"Gallery": "גלריה"
}
