{
	"@metadata": {
		"authors": [
			"Takács Viktor László",
			"아라",
			"Csega",
			"Lajthabalazs",
			"Kiscsillag",
			"Horvolgyinoemi",
			"Grin",
			"Tacsipacsi",
			"Urbalazs",
			"Dj",
			"R-Joe"
		]
	},
	"Games.name": "Blockly játékok",
	"Games.puzzle": "Kirakós",
	"Games.maze": "Labirintus",
	"Games.bird": "Madár",
	"Games.turtle": "Teknőc",
	"Games.movie": "Film",
	"Games.music": "Zene",
	"Games.pondTutor": "Tó gyakorló",
	"Games.pond": "Tó",
	"Games.genetics": "Genetika",
	"Games.linesOfCode1": "Egyetlen sor JavaScript kóddal megoldottad a feladatot:",
	"Games.linesOfCode2": "%1 sor JavaScript kóddal oldottad meg a feladatot.",
	"Games.nextLevel": "Készen állsz a(z) %1. feladatra?",
	"Games.finalLevel": "Készen állsz a következő kihívásra?",
	"Games.linkTooltip": "Mentés és hivatkozás a blokkokra.",
	"Games.runTooltip": "Futtasd a programod!",
	"Games.runProgram": "Program futtatása",
	"Games.resetTooltip": "Program leállítása, és a szint visszaállítása.",
	"Games.resetProgram": "Visszaállítás",
	"Games.help": "Súgó",
	"Games.dialogOk": "OK",
	"Games.dialogCancel": "Mégse",
	"Games.catLogic": "Logika",
	"Games.catLoops": "Ciklusok",
	"Games.catMath": "Matek",
	"Games.catText": "Szövegkezelés",
	"Games.catLists": "Listakezelés",
	"Games.catColour": "Színek",
	"Games.catVariables": "Változók",
	"Games.catProcedures": "Eljárások",
	"Games.httpRequestError": "A kéréssel kapcsolatban probléma merült fel.",
	"Games.linkAlert": "Ezzel a hivatkozással tudod megosztani a programodat:\n\n%1",
	"Games.hashError": "Sajnos a '%1' hivatkozás nem tartozik egyetlen programhoz sem.",
	"Games.xmlError": "A programodat nem lehet betölteni.  Elképzelhető, hogy a Blockly egy másik verziójában készült?",
	"Games.listVariable": "lista",
	"Games.textVariable": "szöveg",
	"Games.breakLink": "Ha elkezded a JavaScriptet szerkeszteni akkor később nem léphetsz vissza a blokkok szerkesztésébe. Ezt akarod?",
	"Games.blocks": "Blokkok",
	"Games.congratulations": "Gratulálok!",
	"Games.helpAbort": "Ez a szint különösen nehéz. Szeretnél a következő játékra ugrani? Bármikor megpróbálhatod újból!",
	"Index.clear": "Biztos hogy törölni szeretnéd az összes megoldásod?",
	"Index.subTitle": "A jövő programozóinak játékai.",
	"Index.moreInfo": "Több információ...",
	"Index.startOver": "Szeretnéd az elejéről kezdeni?",
	"Index.clearData": "Adatok törlése",
	"Puzzle.animal1": "Kacsa",
	"Puzzle.animal1Trait1": "Tollak",
	"Puzzle.animal1Trait2": "Csőr",
	"Puzzle.animal1HelpUrl": "http://hu.wikipedia.org/wiki/T%C5%91k%C3%A9s_r%C3%A9ce",
	"Puzzle.animal2": "Macska",
	"Puzzle.animal2Trait1": "Bajusz",
	"Puzzle.animal2Trait2": "Szőrme",
	"Puzzle.animal2HelpUrl": "https://hu.wikipedia.org/wiki/Macska",
	"Puzzle.animal3": "Méhecske",
	"Puzzle.animal3Trait1": "Méz",
	"Puzzle.animal3Trait2": "Fullánk",
	"Puzzle.animal3HelpUrl": "http://hu.wikipedia.org/wiki/H%C3%A1zim%C3%A9h",
	"Puzzle.animal4": "Csiga",
	"Puzzle.animal4Trait1": "Ház",
	"Puzzle.animal4Trait2": "Nyálka",
	"Puzzle.animal4HelpUrl": "http://hu.wikipedia.org/wiki/Csig%C3%A1k",
	"Puzzle.picture": "kép:",
	"Puzzle.legs": "lábak:",
	"Puzzle.legsChoose": "válassz…",
	"Puzzle.traits": "jellemzők:",
	"Puzzle.error0": "Tökéletes!\nMind a %1 blokk a helyén van.",
	"Puzzle.error1": "Majdnem sikerült! Egy blokk rossz helyre került.",
	"Puzzle.error2": "%1 blokk rossz helyre került.",
	"Puzzle.tryAgain": "A kiemelt blokk nincs a helyén.\nPróbáld újraǃ",
	"Puzzle.checkAnswers": "Válaszok ellenőrzése",
	"Puzzle.helpText": "Minden, állathoz (zöld), kapcsold hozzá a képét, állítsd be a lábainak számát, , és egyéb jellemvonásait.",
	"Maze.moveForward": "Menj előre",
	"Maze.turnLeft": "Fordulj balra",
	"Maze.turnRight": "Fordulj jobbra",
	"Maze.doCode": "végrehajt",
	"Maze.elseCode": "egyébként",
	"Maze.helpIfElse": "A Ha-egyébként feltétel esetén vagy az egyik, vagy a másik utasítás-csoport kerül végrehajtásra.",
	"Maze.pathAhead": "Ha szabad az út előtted",
	"Maze.pathLeft": "Ha szabad az út balra",
	"Maze.pathRight": "Ha szabad az út jobbra",
	"Maze.repeatUntil": "Ismételd amíg eljutː",
	"Maze.moveForwardTooltip": "A figura előre lép egy mezőt.",
	"Maze.turnTooltip": "A figura 90 fokot fordul balra, vagy jobbra.",
	"Maze.ifTooltip": "Ha szabad az út a megadott irányban, akkor végrehajtja az utasításokat.",
	"Maze.ifelseTooltip": "Ha szabad az út a megadott irányban, akkor végrehajtja az első blokkban megadott utasításokat. Egyébként a második blokkban szereplő utasításokat hajtja végre.",
	"Maze.whileTooltip": "A beágyazott utasításokat hajtja végre a cél eléréséig.",
	"Maze.capacity0": "Nem használhatsz fel több blokkot.",
	"Maze.capacity1": "Még %1 blokkot használhatsz fel.",
	"Maze.capacity2": "Még %2 blokkot használhatsz fel.",
	"Maze.runTooltip": "A figura végrehajtja a blokkokkal megadott programot.",
	"Maze.resetTooltip": "A labirintus kezdő pozíciójába állítja a figurát.",
	"Maze.helpStack": "Segíts eljuttatni a figurát a célig, kapcsolj össze néhány 'Menj előre' blokkot!",
	"Maze.helpOneTopBlock": "Ezen a szinten össze kell kapcsolnod minden blokkot a munkaterületen.",
	"Maze.helpRun": "Futtasd a programot, nézük meg mi történik.",
	"Maze.helpReset": "A programmal nem sikerült a figurát a célba juttatni. Kezdd elölről.",
	"Maze.helpRepeat": "Juttasd el a figurát a célig mindössze 2 blokk felhasználásával. Használd az 'Ismételd a cél eléréséig' blokkot egy másik blokk ismételt végrehajtásához.",
	"Maze.helpCapacity": "Minden rendelkezésedre álló blokkot felhasználtál. Új blokk kirakásához egy létezőt törölnöd kell.",
	"Maze.helpRepeatMany": "Több blokkot is használhatsz az Ismétlésen belül.",
	"Maze.helpSkins": "Válaszd ki kedvenc figurádat a menüből.",
	"Maze.helpIf": "Egy 'Ha' esetén az utasítások csak akkor kerülnek végrehajtásra, ha a feltétel igaz. Próbáld a figurát balra fordítani, ha van út balra.",
	"Maze.helpMenu": "Kattints a(z) %1 elemre és változtass a 'ha' blokk feltételén.",
	"Maze.helpWallFollow": "Végig tudod vezetni a figurát ezen a bonyolult labirintuson? Próbáld a bal oldali falat követni. Haladó programozóknak!",
	"Bird.noWorm": "nincs nála kukac",
	"Bird.heading": "irány",
	"Bird.noWormTooltip": "Az állapot, amikor nincs a madárnál a kukac.",
	"Bird.headingTooltip": "A szöggel megadott irányba mozdul: a 0 fok jobbra, a 90 fok fölfele, a 180 fok balra és a 270 fok lefele irányt jelent.",
	"Bird.positionTooltip": "x és y a madár koordinátái. Ha x=0, a madár a bal szélen va. Ha x=100 akkor a jobb szélen. Ha y=0 akkor a madár az alsó szélen van, ha y=100 akkor a tetején.",
	"Bird.helpHeading": "Irányítsd a madár repülésének irányát, hogy felszedje a kukacot, és leszálljon a fészkére.",
	"Bird.helpHasWorm": "Ezzel a blokkal különböző irányokba irányíthatod a madarat attól függően hogy nála van-e a kukac, vagy még nincs.",
	"Bird.helpX": "'x' a madár vízszintes pozíciója, azt mondja meg, milyen messze van a kép bal szélétől. Használd ezt a blokkot hogy más irányban repüljön a madár, ha a megadott távolságnál közelebb van a bal szélhez, és egy másikba, ha messzebb van.",
	"Bird.helpElse": "Kattints az ikonra, hogy módosítsd a 'Ha' blokk típusát.",
	"Bird.helpElseIf": "Ennek a szintnek a megoldásához egy 'Egyébként Ha' és egy 'Egyébként' blokk is kelleni fog.",
	"Bird.helpAnd": "Az 'És' blokk értéke akkor 'igaz', ha mindkét bemenetének 'igaz' az érétke.",
	"Bird.helpMutator": "Húzz egy 'Egyébként' blokkot a 'Ha' blokkra.",
	"Turtle.moveTooltip": "A teknőcöt mozgatja előre, vagy hátra a pixelben megadott értékkel.",
	"Turtle.moveForward": "Menj előre (pixel)",
	"Turtle.moveBackward": "Menj hátra (pixel)",
	"Turtle.turnTooltip": "A teknőcöt jobbra, vagy balra fordítja a fokban megadott értékkel.",
	"Turtle.turnRight": "Fordulj jobbra (fok)",
	"Turtle.turnLeft": "Fordulj balra (fok)",
	"Turtle.widthTooltip": "Vonalvastagság változtatása.",
	"Turtle.setWidth": "Vonalvastagság",
	"Turtle.colourTooltip": "A rajzolás színének változtatása.",
	"Turtle.setColour": "Rajzolás színe",
	"Turtle.penTooltip": "Toll felemelése letevése, attól függően, hogy elkezdjük vagy befejezzük a rajzolást.",
	"Turtle.penUp": "Tollat fel",
	"Turtle.penDown": "Tollat le",
	"Turtle.turtleVisibilityTooltip": "A teknőc (kör és nyíl) láthatóvá tétele, vagy elrejtése.",
	"Turtle.hideTurtle": "Teknőc elrejtése",
	"Turtle.showTurtle": "Teknőc felfedése",
	"Turtle.printHelpUrl": "https://hu.wikipedia.org/wiki/Nyomtat%C3%A1s_(nyomd%C3%A1szat)",
	"Turtle.printTooltip": "Üzenetet ír a teknőc irányában a helyétől.",
	"Turtle.print": "kiír",
	"Turtle.fontHelpUrl": "https://hu.wikipedia.org/wiki/Bet%C5%B1k%C3%A9p",
	"Turtle.fontTooltip": "Beállítja az üzenet betűtípusát.",
	"Turtle.font": "Betűtípus",
	"Turtle.fontSize": "Betűméret",
	"Turtle.fontNormal": "normál",
	"Turtle.fontBold": "félkövér",
	"Turtle.fontItalic": "dőlt",
	"Turtle.submitDisabled": "Futtasd a programot amíg le nem áll. Az eredményt megmutathatod mindenkinek a galériában!",
	"Turtle.galleryTooltip": "Rajzok galéria megnyitása.",
	"Turtle.galleryMsg": "Galéria",
	"Turtle.submitTooltip": "Küldje el a rajzát a galériába.",
	"Turtle.submitMsg": "Kép elküldése a Galériába",
	"Turtle.helpUseLoop": "Megoldottad a feladatot, de tudsz ennél jobbat is!",
	"Turtle.helpUseLoop3": "Rajzold meg a formát három blokkal!",
	"Turtle.helpUseLoop4": "Rajzold meg a csillagot mindössze négy blokkal!",
	"Turtle.helpText1": "Készíts programot, ami négyzetet rajzol!",
	"Turtle.helpText2": "Készíts programot, ami egy ötszöget rajzol a négyzet helyett!",
	"Turtle.helpText3a": "Az új blokkal változtathatod a húzott vonal színét:",
	"Turtle.helpText3b": "Rajzolj sárga csillagot!",
	"Turtle.helpText4a": "Az új blok segítségével felemelheted a  ceruzád:",
	"Turtle.helpText4b": "Rajzolj egy kis sárga csillagot, majd egy vonalat fölé!",
	"Turtle.helpText5": "Ha tudsz egy csillagot rajzolni, tudsz négyet is! Helyezd el őket egy négyzet csúcsaira.",
	"Turtle.helpText6": "Rajzolj három sárga csillagot, és egy fehér vonalat!",
	"Turtle.helpText7": "Rajzold meg a csillagokat, majd négy fehér vonalat!",
	"Turtle.helpText8": "360, a középppontból induló fehér vonal pont úgy fog kinézni, mint a telihold.",
	"Turtle.helpText9": "Tudsz a hold elé egy fekete kört rajzolni, hogy fogyó hold legyen?",
	"Turtle.helpText10": "Kaptál jópár extra blokkot. Próbáld ki őket, rajzolj szabadon!",
	"Turtle.helpText10Reddit": "Használd a \"Galéria\" gombot, hogy lásd, min dolgoztak a többiek. Ha saját munkád szeretnéd megosztani mindenkivel, kattints a \"Galériába küldés\" gombra!",
	"Turtle.helpToolbox": "Válassz kategóriát, hogy megnézhesd a blokkokat!",
	"Movie.x": "x",
	"Movie.y": "y",
	"Movie.x1": "eleje x",
	"Movie.y1": "eleje y",
	"Movie.x2": "vége x",
	"Movie.y2": "vége y",
	"Movie.radius": "sugár",
	"Movie.width": "szélesség",
	"Movie.height": "magasság",
	"Movie.circleTooltip": "Kört rajzol a megadott helyre, a megadott sugárral.",
	"Movie.circleDraw": "kör",
	"Movie.rectTooltip": "Téglalapot rajzol a megadott helyre, a megadott szélességgel és magassággal.",
	"Movie.rectDraw": "téglalap",
	"Movie.lineTooltip": "Megadott vastagságú vonalat húz egyik pontból a másikba.",
	"Movie.lineDraw": "vonal",
	"Movie.timeTooltip": "Visszaadja az eltelt időt (0-100).",
	"Movie.colourTooltip": "Változtatja a rajzolás színét.",
	"Movie.setColour": "szín",
	"Movie.submitDisabled": "A filmed nem mozog. Használd a blokkokat, hogy valami érdekeset készíts, töltsd fel az eredményt a galériába!",
	"Movie.galleryTooltip": "Film-galéria megnyitása.",
	"Movie.galleryMsg": "Galéria",
	"Movie.submitTooltip": "Filmjének feltöltése a galériába.",
	"Movie.submitMsg": "Feltöltés a Galériába.",
	"Movie.helpText1": "Rajzolj emberkét egyszerű formákból!",
	"Movie.helpText2a": "Most egy filmet fogsz készíteni. Egy piros labdát guríts végig a képernyőn, nyomd meg a Lejátszás gombot, hogy megnézd, mit alkottál!",
	"Movie.helpText2b": "Ahogy lejátszod a filmet, az 'idő' blokk értéke 0-tól 100-ig emelkedik. Mivel azt szeretnéd, hogy a labda vízszintes pozíciója is 0-tól 100-ig változzon, nem lesz nehéz dolgod.",
	"Movie.helpText3": "Az 'idő' blokk értéke továbbra is 0-tól 100-ig emelkedik. Most viszont 100-ról kell eljutnia a labdának 0-ra. Meg tudod cserélni a számlálás irányát valamilyen matematikai formulával?",
	"Movie.helpText4": "Használd az eddig tanultakat, és mozgasd a zöld labdákat mind a négy irányba!",
	"Movie.helpText5": "Ha idáig eljutottál, nem lesz nehéz az egér fejét mozgatni. Ki tudod találni, hogyan mozgathatnád meg azokat a füleket is?",
	"Movie.helpText6": "Ez csak két egyszerű vonal, ha kitalálod hogyan mozognak a végpontok!",
	"Movie.helpText7": "Az eső labda matematikai képlete bonyolult. Íme a megoldás:",
	"Movie.helpText8": "Használd a 'Ha' blokkot, hogy a film első felében piros és kék, a második felében zold labdákat rajzolhass.",
	"Movie.helpText9": "Ha a labdával végig tudsz menni a megrajzold dróton, többé nincs számodra lehetetlen feladat!",
	"Movie.helpText10": "Készíts olyan filmet, amilyet csak szeretnél! Közben kipróbálhatod az új blokkokat is. Engedd szabadon a fantáziád!",
	"Movie.helpText10Reddit": "Használd a 'Galéria' gombot, hogy megnézd, mások milyen filmeket készítettek. Ha meg szeretnéd mutatni a munkád másoknak, te is feltölthetsz filmeket a 'Feltöltés a Galériába' gomb segítségével.",
	"Music.playNoteTooltip": "Egy adott magasságú és hosszúságú hangot játszik le.",
	"Music.setInstrument": "kiválasztott hangszer: %1",
	"Music.firstPart": "első rész",
	"Music.piano": "zongora",
	"Music.trumpet": "trombita",
	"Music.banjo": "bendzsó",
	"Music.violin": "hegedű",
	"Music.guitar": "gitár",
	"Music.flute": "furulya",
	"Music.drum": "dob",
	"Music.choir": "kórus",
	"Pond.scanTooltip": "Ellenfél felderítése. Adj meg egy irányt (0-360), és megkapod, milyen messze van az adott irányban a legközelebbi ellenfél. Ha nincs arra senki, végtelent ad vissza.",
	"Pond.cannonTooltip": "Tüzelj az ágyuval! Adj meg egy irányt (0-360) és egy távolságot (0-70).",
	"Pond.swimTooltip": "Kezdj el úszni a megadott irányba (0-360).",
	"Pond.stopTooltip": "Állj meg!",
	"Pond.healthTooltip": "Visszaadja a játékos életét (0: halott, 100: teljesen egészséges).",
	"Pond.speedTooltip": "Visszaadja a játékos aktuális sebességét (0: áll, 100: maximális sebességgel halad)",
	"Pond.locXTooltip": "Visszaadja a játékos x koordinátáját (0: bal szél, 100: jobb szél)",
	"Pond.locYTooltip": "Visszaadja a játékos x koordinátáját (0: lent, 100: fent)",
	"Pond.docsTooltip": "Programozási nyelv dokumentációja.",
	"Pond.documentation": "Dokumentáció",
	"Pond.playerName": "Játékos",
	"Pond.targetName": "Célpont",
	"Pond.pendulumName": "Billegő",
	"Pond.scaredName": "Ijedős",
	"Pond.helpUseScan": "Sikerült megoldanod a feladatot, de tudsz te jobbat is. Használd a 'scan' blokkot, hogy pontosabban tudj lőni az ágyuval.",
	"Pond.helpText1": "Használd a 'cannon' utasítást hogy eltaláld a célpontot. Az első paraméter a lövés iránya, a második a távolság. Számítsd ki a megfelelő értékeket!",
	"Pond.helpText2": "Nem elég egyszer eltalálnod a célpontot. Használj 'while (true)' ciklust hogy többször lőhess.",
	"Pond.helpText3a": "Ez az ellenfél oda-vissza ingázik, ezért nem könnyű eltalálni. Használd a 'scan' funkciót, hogy pontosan meghatározd az ellenség távolságát!",
	"Pond.helpText3b": "Ezt a távolságot használd, hogy a 'cannon' parancs pontos legyen!",
	"Pond.helpText4": "Az ellenfél túl messze van ahhoz hogy innen eltaláld. Használd az 'swim' parancsot, hogy közelebb kerülj hozzá, és nekiütközz!",
	"Pond.helpText5": "Ez az ellenfél is lőtávolságon kívül van. Viszont egy ütközést nem élnél túl. Ússz az ellenfél felé, míg lőtávolságba nem kerül, aztán 'stop' meg. Mondjuk ha elérted vízszintesen az 50-es osztást.",
	"Pond.helpText6": "Ez az ellenfél menekülni fog, ha eltalálod. Ha hatótávolságon kívül került (70 méter), ússz közelebb hozzá!",
	"Pond.rabbitName": "Nyúl",
	"Pond.counterName": "Számláló",
	"Pond.rookName": "Bástya",
	"Pond.sniperName": "Mesterlövész"
}
