{
	"@metadata": {
		"authors": [
			"Mapmeld",
			"Ukabia"
		]
	},
	"Games.name": "Egwuregwu Blockly",
	"Games.puzzle": "Mgbagwoju anya",
	"Games.maze": "Rịgọrịgọ",
	"Games.bird": "Nnụnụ",
	"Games.turtle": "Mbe",
	"Games.movie": "Ihe nkịrị",
	"Games.music": "Egwu",
	"Games.pondTutor": "Onye nkụzị Ọdọ mmiri",
	"Games.pond": "Ọdọ mmiri",
	"Games.genetics": "Jenetiks",
	"Games.linesOfCode1": "Ị rụtara ogo a site na akara 1 nke JavaScript:",
	"Games.linesOfCode2": "Ị rụtara ogo a site na akara %1 nke JavaScript:",
	"Games.nextLevel": "Ị dị njikere maka ọkwa %1?",
	"Games.finalLevel": "Ị dị njikere maka nsogbu ọzọ?",
	"Games.submitTitle": "Aha",
	"Games.linkTooltip": "Zọpụta ma jikọta ngọngọ.",
	"Games.runTooltip": "Bịdo ụsoro ihe omume i dere.",
	"Games.runProgram": "Bịdo Ụsoro Ihe Omume",
	"Games.resetTooltip": "Kwụsị ihe omume ahụ ma tọgharịa ogo.",
	"Games.resetProgram": "Tọgharịa",
	"Games.help": "Nkwádo",
	"Games.dialogOk": "Ọ DỊ MMA",
	"Games.dialogCancel": "Hapụ̀",
	"Games.catLogic": "Lọgịk",
	"Games.catLoops": "Meghachi",
	"Games.catMath": "Mgbakọ na mwepụ",
	"Games.catText": "Ederede",
	"Games.catLists": "Ndepụta",
	"Games.catColour": "Agba",
	"Games.catVariables": "Agbanwe",
	"Games.catProcedures": "Ọrụ",
	"Games.httpRequestError": "Enwere nsogbu na arịrịọ ahụ.",
	"Games.linkAlert": "Jịrị ihe njikọ a kesaa ngọngọ gị: %1",
	"Games.hashError": "Ndo, '%1' ekwenyeghị na usoro ihe omume ihe ọ bụla e chedoro.",
	"Games.xmlError": "Enweghị ike ịbụpụta faịlụ echekwara gị. Ikekwe e mepụtara ya na ụdị Blockly dị iche?",
	"Games.submitted": "Daalụ maka usoro ihe omume a! Ọ bụrụ na ọmasị ndị ọrụ anyị, ha ga-ebipụta ya na ihe oyiyi galeri n'ime ụbọchị ole na ole.",
	"Games.listVariable": "ndepụta",
	"Games.textVariable": "ederede",
	"Games.breakLink": "Ozugbo ịmalitere nhazi ederede Javascript, ị nweghị ike ịlaghachi na nhazi ederede. Nke a ọ dị mma?",
	"Games.blocks": "Ngọngọ",
	"Games.congratulations": "Ekele!",
	"Games.helpAbort": "Ogo a na ara oké ahụ. Ọ ga-amasị gị ịwụ ya ma gaa na egwuregwu ọzọ? Ị nwere ike ịlaghachi mgbe e mesịrị.",
	"Index.clear": "Kpochapụ ihe ngwọta gị niile?",
	"Index.subTitle": "Egwuregwu maka onye n’ede koodu nke echi.",
	"Index.moreInfo": "Ozi ndị ọzọ...",
	"Index.startOver": "Ịchọrọ ịmalite n’isi?",
	"Index.clearData": "Hichapụ data",
	"Puzzle.animal1": "Ọbọgwụ",
	"Puzzle.animal1Trait1": "Nku",
	"Puzzle.animal1Trait2": "Ọnụ",
	"Puzzle.animal1HelpUrl": "https://en.wikipedia.org/wiki/Duck",
	"Puzzle.animal2": "Pusi",
	"Puzzle.animal2Trait1": "Akpụ",
	"Puzzle.animal2Trait2": "Aji",
	"Puzzle.animal2HelpUrl": "https://en.wikipedia.org/wiki/Cat",
	"Puzzle.animal3": "Ańu",
	"Puzzle.animal3Trait1": "Mmanụ aṅụ",
	"Puzzle.animal3Trait2": "Ọgba",
	"Puzzle.animal3HelpUrl": "https://en.wikipedia.org/wiki/Bee",
	"Puzzle.animal4": "Eju",
	"Puzzle.animal4Trait1": "Azụ",
	"Puzzle.animal4Trait2": "Ọnụnọ",
	"Puzzle.animal4HelpUrl": "https://en.wikipedia.org/wiki/Snail",
	"Puzzle.picture": "foto:",
	"Puzzle.legs": "ụkwụ:",
	"Puzzle.legsChoose": "họrọ...",
	"Puzzle.traits": "àgwà:",
	"Puzzle.error0": "Zuru okè! Ihe %1 ngọngọ niile bu ihe ziri ezi.",
	"Puzzle.error1": "Ihe fọrọ nke nta ka ọ bụrụ! Otu ngọngọ ezighi ezi.",
	"Puzzle.error2": "%1 ngọngọ ezighi ezi.",
	"Puzzle.tryAgain": "Ihe nkesa ahụ egosiri ezighi ezi. Na-agbalị.",
	"Puzzle.checkAnswers": "Nyocha Azịza",
	"Puzzle.helpText": "Maka anụ ọ bụla (akwụkwọ ndụ), tinye foto ya, họrọ ọnụọgụ ụkwụ ya, ma mee ịkọkọta àgwà ya.",
	"Maze.moveForward": "gaa n'ihu",
	"Maze.turnLeft": "tụgharịa aka ekpe",
	"Maze.turnRight": "tụgharịa aka nri",
	"Maze.doCode": "megharịa",
	"Maze.elseCode": "ọzọ",
	"Maze.helpIfElse": "Ngọngọ ma ọ bụrụ - ọzọ ga-eme otu ihe ma ọ bụ nke ọzọ.",
	"Maze.pathAhead": "ma ọ bụrụ ụzọ n'ihu",
	"Maze.pathLeft": "ma ọ bụrụ ụzọ aka ekpe",
	"Maze.pathRight": "ma ọ bụrụ ụzọ aka nri",
	"Maze.repeatUntil": "megharịa ruo mgbe",
	"Maze.moveForwardTooltip": "Na-eme ka ọnye egwuregwu ahụ gaa n'ihu otu ohere.",
	"Maze.turnTooltip": "Na-atụgharị onye egwuregwu ahụ aka ekpe ma ọ bụ aka nri site ogo 90.",
	"Maze.ifTooltip": "Ọ bụrụ na e nwere ụzọ na ntuziaka a kapịrị ọnụ, mezie ụfọdụ omume.",
	"Maze.ifelseTooltip": "Ọ bụrụ na e nwere ụzọ na ntuziaka a kapịrị ọnụ, mezie omume ngọngọ mbu. Ma ọ bụghị ya, mee omume ngọngọ nke abụọ.",
	"Maze.whileTooltip": "Tinyegharịa ihe omume ahụ mechiri ruo mgbe ọ gwụchara.",
	"Maze.capacity0": "Ị nwere ihe ngọngọ %0 fọrọ.",
	"Maze.capacity1": "Ị nwere ihe ngọngọ %1 fọrọ.",
	"Maze.capacity2": "Ị nwere ihe ngọngọ %2 fọrọ.",
	"Maze.runTooltip": "Na-eme ka onye egwuregwu ahụ mee ihe ngọngọ ahụ na-ekwu.",
	"Maze.resetTooltip": "Tinyeghachi onye egwuregwu ahụ azụ na mmalite nke rịgọrịgọ.",
	"Maze.helpStack": "Kọkọta ụfọdụ ngọngọ ‘na-aga n'ihu’ ọnụ iji nyere m aka iru ihe mgbaru ọsọ.",
	"Maze.helpOneTopBlock": "Na ogo a, ịkwesịrị ịkọkọta ngọngọ niile na ndebanye ọrụ ọcha.",
	"Maze.helpRun": "Bịdo ụsoro ihe omume gị iji hụ ihe ga emenu.",
	"Maze.helpReset": "Usoro ihe omume gi edozighi ihe rịgọrịgọ. Pịa 'Tọgharia' ma gbalịa ọzọ.",
	"Maze.helpRepeat": "Jiri naanị ngọngọ abụọ ga na njedebe nke ụzọ a. Jiri 'megharịa' iji gbaa ihe ngọngọ karịa otu ugboro.",
	"Maze.helpCapacity": "I jịrịla ngọngọ niile dị maka ogo a. Iji mepụta ngọngọ ọhụrụ, ị ga-ebu ụzọ wepụ ihe ngọngọ dị ugbu a.",
	"Maze.helpRepeatMany": "Ị nwere ike itinye ihe karịrị otu ngọngọ n'ime mkpọchi ngọngọ 'megharịa'.",
	"Maze.helpSkins": "Họrọ onye egwuregwu kachasị amasị gị site na nghọrọ a.",
	"Maze.helpIf": "Ngọngọ 'ma ọ bụrụ na' ga-eme ihe naanị ma ọ bụrụ na ọnọdụ ahụ bụ eziokwu. Gbalịa tụgharịa aka ekpe ma ọ bụrụ na e nwere ụzọ gara n'aka ekpe.",
	"Maze.helpMenu": "Pịa na %1 ngọngọ 'ma ọ bụrụ na' iji gbanwe ọnọdụ ya.",
	"Maze.helpWallFollow": "Ị nwere ike idozi nsogbu rịgọrịgọ a dị mgbagwoju anya? Gbalịa soro mgbidi aka ekpe. Ndị odee koodu dị elu naanị!",
	"Bird.noWorm": "enweghị ikpuru",
	"Bird.heading": "isi",
	"Bird.noWormTooltip": "Ọnọdụ mgbe nnunu ahụ enwetabeghị ikpuru.",
	"Bird.headingTooltip": "Gaa na ntụziaka nke ebe a nyere: 0 dị n'aka nri, 90 di na ogologo, wdg.",
	"Bird.positionTooltip": "x na y bụ akara ọnọdụ nnunu. Mgbe x = 0 nnụnụ dị nso n'akụkụ aka ekpe, mgbe x = 100 ọ dị nso n'akụkụ aka nri. Mgbe y = 0 nnụnụ dị na ala, mgbe y = 100 ọ dị n'elu.",
	"Bird.helpHeading": "Gbanwee akụkụ isiokwu iji mee ka nnụnụ nweta ikpuru ma laa n'ime akwụ ya.",
	"Bird.helpHasWorm": "Jiri ngọngọ a gaa n'otu isiokwu ma ọ bụrụ na ị nwere ikpuru, ma ọ bụ isiokwu dị iche ma ọ bụrụ na i nweghị ikpuru.",
	"Bird.helpX": "'x' bụ ọnọdụ akara gị dị n’ala ugbu a. Jiri ngọngọ a gaa n'otu isiokwu ma ọ bụrụ na 'x' bụ ihe na-erughị nọmba, ma ọ bụ isiokwu dị iche ma ọ bụghị ya.",
	"Bird.helpElse": "Pịa akara ngosi iji gbanwee ngọngọ 'ma ọ bụrụ na'.",
	"Bird.helpElseIf": "Ọkwa a chọrọ ngọngọ ma 'ọzọ ma ọ bụrụ' na ngọngọ 'ọzọ’.",
	"Bird.helpAnd": "Ngọngọ MA bụ eziokwu naanị ma ọ bụrụ na ntinye ya abụọ bụ eziokwu.",
	"Bird.helpMutator": "Dọrọ otu ngọngọ 'ọzọ' na-etinye n'ime ngọngọ 'ma ọ bụrụ'.",
	"Turtle.moveTooltip": "Na-ebugharị mbe n’ihụ ma ọ bụ azụ site na ọnụ ọgụgụ a kapịrị ọnụ.",
	"Turtle.moveForward": "gaa n'ihu site",
	"Turtle.moveBackward": "laa n’azụ site",
	"Turtle.turnTooltip": "Na-atụgharị mbe aka nrị ma ọ bụ aka ekpe site na ogo ọnụ ọgụgụ a kapịrị ọnụ.",
	"Turtle.turnRight": "tụgharị aka nrị site",
	"Turtle.turnLeft": "tụgharị aka ekpe site",
	"Turtle.widthTooltip": "Na-agbanwe obosara nke pen.",
	"Turtle.setWidth": "ghazịe obosara na",
	"Turtle.colourTooltip": "Na-agbanwe agba nke mkpịsị ode akwụkwọ.",
	"Turtle.setColour": "ghazịe agba na",
	"Turtle.penTooltip": "Welịte ma ọ bụ wedata mkpịsị ode akwụkwọ, iji kwụsị ma ọ bụ malite ihe eserese.",
	"Turtle.penUp": "welịte mkpịsị ode akwụkwọ",
	"Turtle.penDown": "wedata mkpịsị ode akwụkwọ",
	"Turtle.turtleVisibilityTooltip": "Na-eme ka mbe (gburugburu na akụ) pụta ihe ma ọ bụ zoo ezo.",
	"Turtle.hideTurtle": "zoo mbe",
	"Turtle.showTurtle": "gosị mbe",
	"Turtle.printHelpUrl": "https://en.wikipedia.org/wiki/Printing",
	"Turtle.printTooltip": "Na-ede ederede na ntuziaka nke mbe na ebe ọ nọọ.",
	"Turtle.print": "bipụta",
	"Turtle.fontHelpUrl": "https://en.wikipedia.org/wiki/Font",
	"Turtle.fontTooltip": "Hazịrị akara ihe edere nke ngọngọ mbipụta jiri.",
	"Turtle.font": "akara ihe ederede",
	"Turtle.fontSize": "nhata akara ihe ederede",
	"Turtle.fontNormal": "na nkịtị",
	"Turtle.fontBold": "okpokpo",
	"Turtle.fontItalic": "ịtalik",
	"Turtle.submitDisabled": "Bịdo ụsoro ihe omume gi ruo mgbe o kwusiri. Mgbe ahụ ị nwere ike ịdebe ihe eserese gị na ihe onyinyo galeri ahụ.",
	"Turtle.galleryTooltip": "Lee galeri eserese.",
	"Turtle.galleryMsg": "Lee Galeri",
	"Turtle.submitTooltip": "Nyefee eserese gị na Galeri.",
	"Turtle.submitMsg": "Nyefee na Galeri",
	"Turtle.helpUseLoop": "Ihe ngwọta gị na-arụ ọrụ, ma i nwere ike ime nke ọma karịa.",
	"Turtle.helpUseLoop3": "Jiri nani ngọngọ atọ see ihe odidi ahu.",
	"Turtle.helpUseLoop4": "Jiri nani ngọngọ anọ see kpakpando ahu.",
	"Turtle.helpText1": "Mepụta ihe omume nke na-ese skweya.",
	"Turtle.helpText2": "Gbanwee usoro ihe omume gị iji see pentagọn kama ịbụ skweya.",
	"Turtle.helpText3a": "Enwere ngọngọ ọhụrụ nke na-enye gị ohere ịgbanwe agba:",
	"Turtle.helpText3b": "See kpakpando n’acha odo.",
	"Turtle.helpText4a": "Nke a bụ ngọngọ ọhụrụ nke na-enye gị ohere ibuli mkpịsị ode akwụkwọ gị na akwụkwọ ahụ mgbe ị na-agagharị:",
	"Turtle.helpText4b": "See obere kpakpando n’acha odo, wee see akara n'elu ya.",
	"Turtle.helpText5": "Kama otu kpakpando, ị nwere ike see kpakpando anọ n’ime skweya?",
	"Turtle.helpText6": "See kpakpando odo odo atọ, na otu akara ọcha.",
	"Turtle.helpText7": "See kpakpando ahụ, ma see akara ọcha anọ.",
	"Turtle.helpText8": "Ịsee akara ọcha 360 ga - adị ka ọnwa zuru ezu.",
	"Turtle.helpText9": "Ị nwere ike igbakwunye nwa gburugburu ojii ka ọnwa wee ghọọ mpekere onwa?",
	"Turtle.helpText10": "See ihe ọ bụla ị chọrọ. Ị nwere nnukwu ngọngọ ọhụrụ ị nwere ike ịchọpụta. Nwee anụrị!",
	"Turtle.helpText10Reddit": "Jiri bọtịnụ \"Lee Galeri\" iji hụ ihe ndị ọzọ dere. Ọ bụrụ na ị dee ihe na-adọrọ mmasị, jiri bọtịnụ \"Nyefee na Galeri\" iji bipụta ya.",
	"Turtle.helpToolbox": "Họrọ otu ụdị iji hụ ngọngọ.",
	"Movie.x": "x",
	"Movie.y": "y",
	"Movie.x1": "malite x",
	"Movie.y1": "malite y",
	"Movie.x2": "mechịe x",
	"Movie.y2": "mechịe y",
	"Movie.radius": "redios",
	"Movie.width": "obosara",
	"Movie.height": "ogo",
	"Movie.circleTooltip": "Na-ese gburugburu na ebe a kapịrị ọnụ na site na redios a kapịrị ọnụ.",
	"Movie.circleDraw": "gburugburu",
	"Movie.rectTooltip": "Na-ese otu rektangụ na ebe a kapịrị ọnụ yana site n'obosara na ogo a kapịrị ọnụ.",
	"Movie.rectDraw": "rektangụ",
	"Movie.lineTooltip": "Na-ese otu akara site n'otu ebe gaa na nke ọzọ nke n'obosara a kapịrị ọnụ.",
	"Movie.lineDraw": "akara",
	"Movie.timeTooltip": "Weghachitere oge ugbu a na mmegharị (0-100).",
	"Movie.colourTooltip": "Na-agbanwe agba nke mkpịsị ode akwụkwọ.",
	"Movie.setColour": "tinye agba na",
	"Movie.submitDisabled": "Ihe nkiri gị adịghị agagharị. Jiri ngọngọ iji mee ihe na-adọrọ mmasị. Mgbe ahụ ị nwere ike ịnyefee ihe nkiri gị na galeri.",
	"Movie.galleryTooltip": "Mepee galeri nke ihe nkiri.",
	"Movie.galleryMsg": "Lee Galeri",
	"Movie.submitTooltip": "Nyefee ihe nkiri gị na galeri.",
	"Movie.submitMsg": "Nyefee na Galeri",
	"Movie.helpLayer": "Bugharia gburugburu dị n’azụ ga n’elu usoro ihe omume gi. Mgbe ahụ, ọ ga-apụta n'azụ onye ahụ.",
	"Movie.helpText1": "Jiri odidi di mfe iji see onye a.",
	"Movie.helpText2a": "Ogo a bụ ihe nkiri. Ịchọrọ ka ogwe aka onye ahụ gafee ihuenyo ahụ. Pịa bọtịnụ mbido iji hụ ọkwa.",
	"Movie.helpText2b": "Ka ihe nkiri ahụ na-akpọ, akara nke 'oge' ngọngọ na-agụnye site na 0 ruo 100. Ebe ọ bụ na ịchọrọ ọnọdụ 'y' nke ogwe aka ịmalite na 0 ma gaa 100 nke a kwesịrị ịdị mfe.",
	"Movie.helpText3": "Ngọngọ 'oge' na esite na 0 ruo 100. Ma ugbu a, ịchọrọ ọnọdụ 'y' nke ogwe aka nke ọzọ ịmalite na 100 wee gaa 0. Ị nwere ike ịchọpụta usoro mgbakọ na mwepụ dị mfe nke na-atụgharị ntụziaka ahụ?",
	"Movie.helpText4": "Jiri ihe ị mụtara na ogo gara aga mee ka ụkwụ na-agafe.",
	"Movie.helpText5": "Usoro mgbakọ na mwepụ maka ogwe aka na agbagwoju anya. Nke a bụ azịza ya:",
	"Movie.helpText6": "Nye onye ahụ aka abụọ.",
	"Movie.helpText7": "Jiri ngọngọ 'ma ọ bụrụ' iji see obere isi maka ọkara mbụ nke ihe nkiri ahụ. Mgbe ahụ, buru see isi ukwu maka ọkara nke abụọ nke ihe nkiri ahụ.",
	"Movie.helpText8": "Mee ka ụkwụ ahụ kwụgharịa ụzọ ọkara ụzọ site na ihe nkiri ahụ.",
	"Movie.helpText9": "See gburugburu na-agbasawanye na azụ onye ahụ.",
	"Movie.helpText10": "Mee ihe nkiri maka ihe ọ bụla ị chọrọ. Ị nwere nnukwu ngọngọ ọhụrụ ị nwere ike ịchọpụta. Nwee anụrị!",
	"Movie.helpText10Reddit": "Jiri bọtịnụ \"Lee Galeri\" iji hụ ihe ndị ọzọ dere. Ọ bụrụ na ị dee ihe na-adọrọ mmasị, jiri bọtịnụ \"Nyefee na Galeri\" iji bipụta ya.",
	"Music.playNoteTooltip": "Kpọ otu ederede egwu nke oge kapịrị ọnụ na oge pitch.",
	"Music.playNote": "kpọ %1 ederede %2",
	"Music.restTooltip": "Na-eche maka oge a kapịrị ọnụ.",
	"Music.restWholeTooltip": "Na-echere otu ederede zuru ezu.",
	"Music.rest": "kwụsị %1",
	"Music.setInstrumentTooltip": "Na-agbanyere ngwá ọrụ a kapịrị ọnụ mgbe ị na-akpọ nkeso ederede egwu.",
	"Music.setInstrument": "debe ngwá ọrụ na %1",
	"Music.startTooltip": "Na-eme ngọngọ dị n'ime mgbe a pịrị bọtịnụ 'Bido Ihe omume’.",
	"Music.start": "mgbe %1 a pịrị",
	"Music.pitchTooltip": "Otụ ederede (C4 bụ 7).",
	"Music.firstPart": "nke mbụ",
	"Music.piano": "piano",
	"Music.trumpet": "opi",
	"Music.banjo": "banjo",
	"Music.violin": "vaiolin",
	"Music.guitar": "jịta",
	"Music.flute": "ụda",
	"Music.drum": "ịgba",
	"Music.choir": "ndị egwu",
	"Music.submitDisabled": "Bịdo ụsoro ihe omume gi ruo mgbe o kwusịrị. Mgbe ahụ i nwere ike nyefee egwu gị na galeri.",
	"Music.galleryTooltip": "Mepee galeri egwu.",
	"Music.galleryMsg": "Lelee Galeri",
	"Music.submitTooltip": "Nyefee egwu gị na Galeri.",
	"Music.submitMsg": "Nyefee na Galeri",
	"Music.helpUseFunctions": "Ihe ngwọta gị na-arụ ọrụ, ma i nwere ike ime nke ọma karịa. Jiri ọrụ iji belata ọnụọgụ koodu ugboro ugboro.",
	"Music.helpUseInstruments": "Egwú ga-adaba ọfụma ma ọ bụrụ na i jiri ngwá ọrụ dị iche na mmalite ngọngọ ọ bụla.",
	"Music.helpText1": "Dee ederede anọ mbu nke 'Frère Jacques'.",
	"Music.helpText2a": "'Ọrụ' na-enye gị ohere ichikota otύ ngọngọ ihe, wee mee ya ha ihe karịrị otu ugboro.",
	"Music.helpText2b": "Mepụta ọrụ iji kpọ egwu nke anọ mbụ 'Frère Jacques'. Mee ọrụ ugbo abụọ.  Etinyela ederede ngọngọ ọhụ ọ bụla.",
	"Music.helpText3": "Mepụta ọrụ nke abụọ maka akụkụ sochirinụ nke 'Frère Jacques'. Ederede ikpeazụ dị ogologo.",
	"Music.helpText4": "Mepụta ọrụ nke atọ maka akụkụ sochirinụ nke 'Frère Jacques'. Ntughari akwukwo nke mbu dị mkpumkpu.",
	"Music.helpText5": "Dezue ụda nke 'Frère Jacques'.",
	"Music.helpText6a": "Mgbochi ọhụrụ a na-ekwe gị ka ị gbanwee na ngwa egwu ọzọ.",
	"Music.helpText6b": "Kpọ egwu gị na violin.",
	"Music.helpText7a": "Mgbochi ọhụrụ a na-agbakwụnye oge nkwụsị di jụụ.",
	"Music.helpText7b": "Mepụta ngọngọ nke abụọ nke nwere ngọngọ oge nkwụsị abuo, mgbe ahụ, kpọkwụọ 'Frère Jacques'.",
	"Music.helpText8": "Ngọngọ mmalite ọ bụla ga-akpọ 'Frère Jacques' ugbo abụọ.",
	"Music.helpText9": "Mepụta ngọngọ anọ nke na-akpọ 'Frère Jacques' ugboro abụọ. Tinye ọnụ ọgụgụ ziri ezi nke oge mkpọchi.",
	"Music.helpText10": "Dee ihe ọ bụla ị chọrọ. Ị nwere nnukwu ngọngọ ọhụrụ ị nwere ike ịchọpụta. Nwee anụrị!",
	"Music.helpText10Reddit": "Jiri bọtịnụ \"Lee Galeri\" iji hụ ihe ndị ọzọ dere. Ọ bụrụ na ị dee ihe na-adọrọ mmasị, jiri bọtịnụ \"Nyefee na Galeri\" iji bipụta ya.",
	"Pond.scanTooltip": "Nyocha maka ndị iro. Kọwaa ntụziaka ụzọ nke (0-360). Weghachiri ntoanya n'ebe onye iro kachasị nso nọ na ntụziaka ahụ. Weghachite oge ebighi ebi ma oburu na enweghi onye iro.",
	"Pond.cannonTooltip": "Gbaa egbe ọkụ ahụ. Kọwaa ntụziaka ụzọ nke (0-360) na renji (0-70).",
	"Pond.swimTooltip": "Gwuo n'ihu. Kọwaa ntụziaka ụzọ nke (0-360).",
	"Pond.stopTooltip": "Kwụsị igwu mmiri. Ndị na-egwu egwu ga-akwụsị na nwayọ.",
	"Pond.healthTooltip": "Weghachite ahụike nke onye egwuregwu ahụ (0 bụ onye nwụrụ anwụ, 100 dị ike).",
	"Pond.speedTooltip": "Weghachite ọsọ ngwangwa nke onye egwuregwu ahụ (0 bụ kwụsịrị, 100 bụ ngwangwa zuru oke).",
	"Pond.locXTooltip": "Weghachite njikwa X nke onye egwuregwu (0 bụ aka ekpe, 100 bụ ihu aka nri).",
	"Pond.locYTooltip": "Weghachite njikwa Y nke onye egwuregwu (0 bụ ọnụ ala, 100 bụ ọnụ elu).",
	"Pond.docsTooltip": "Gosipụta ndekọ akwụkwọ asụsụ.",
	"Pond.documentation": "Ndekọ akwụkwọ",
	"Pond.playerName": "Onye egwuregwu",
	"Pond.targetName": "Ebumnuche",
	"Pond.pendulumName": "Pendụlom",
	"Pond.scaredName": "Onye na-agba ọsọ",
	"Pond.helpUseScan": "Ihe ngwọta gị na-arụ ọrụ, ma i nwere ike ime nke ọma karịa. Jiri 'Nyocha' iji kọọrọ egbe ọkụ ahụ ókè ọ ga agbaa.",
	"Pond.helpText1": "Jiri iwu 'egbe ọkụ' kụọ ebumnuche. Nkebi nke mbụ bụ akuku ahụ, nkebi nke abụọ bụ ókè. Chọta ezi nchikota.",
	"Pond.helpText2": "Ee kwesịrị ịkụ ebumnuche a ọtụtụ ugboro. Jiri 'mgbe (ezịokwụ)' gburugburu iji ime ihe ruo mgbe ebighị ebi.",
	"Pond.helpText3a": "Onye iro a na-aga n'ihu ma na-azụ, na-eme ka ọ sie ike ịkụ. Nziputa 'nchoputa' weghachiri ókè kmpomkwem nye onye iro na ntughari aka akapịrị ọnụ.",
	"Pond.helpText3b": "Ókè nke a bụ kpọmkwem ihe iwu kwesịrị 'egbe ọkụ' iji gba ọkụ n'ụzọ ziri ezi.",
	"Pond.helpText4": "Onye iro a dị nnọọ anya iji egbe ọkụ ahụ (nke nwere oke nke mita 70). Kama nke ahụ, jiri iwu 'igwu mmiri' mee ka ị malite igwu mmiri ga n'akụkụ onye iro ahụ ma daba na ya.",
	"Pond.helpText5": "Onye iro a dịkwa oke anya iji egbe ọkụ ahụ. Mana ịsighi ike ịlanarị nkukota. Gwuo ga n'akụkụ onye iro ahụ mgbe ebe akara gị dị ala karịa 50. Mgbe ahụ, 'kwụsị' ma jiri egbe ọkụ ahụ.",
	"Pond.helpText6": "Onye iro a ga-apụ mgbe a kụrụ ya. Gwuru mmiri ga n'akụkụ ya ma ọ bụrụ na ọ dị n’ókè n’erụghị (mita 70).",
	"Pond.rabbitName": "Oke oyibo",
	"Pond.counterName": "Kanta",
	"Pond.rookName": "Ruk",
	"Pond.sniperName": "Sinipa",
	"Gallery": "Galeri"
}
