{
	"@metadata": {
		"authors": [
			"Adam-Yourist",
			"Sapral Mikail"
		]
	},
	"Games.name": "Blockly Ловзараш",
	"Games.puzzle": "Головоломка",
	"Games.maze": "Лабиринт",
	"Games.bird": "Оалхазар",
	"Games.turtle": "Богапхьидалг",
	"Games.movie": "Фильм",
	"Games.pondTutor": "Iам Tutor",
	"Games.pond": "Iам",
	"Games.genetics": "Генетика",
	"Games.resetProgram": "ТIеракхосс",
	"Games.help": "Новкъoстал",
	"Games.dialogOk": "Мег",
	"Games.dialogCancel": "Эшац",
	"Games.catLogic": "Логика",
	"Games.catLoops": "Циклаш",
	"Games.catMath": "Математика",
	"Games.catText": "Текст",
	"Games.catLists": "Спискаш",
	"Games.catColour": "Бoс",
	"Games.catVariables": "Хувцалушъяраш",
	"Games.catProcedures": "Функцеш",
	"Games.listVariable": "список",
	"Games.textVariable": "текст",
	"Games.blocks": "Блокаш",
	"Games.congratulations": "Оах даькъалдувца!",
	"Index.moreInfo": "Ма дарра...",
	"Index.clearData": "IоцIенде дараш",
	"Puzzle.animal1": "Боабашк",
	"Puzzle.animal1Trait1": "Бедаргаш",
	"Puzzle.animal1Trait2": "ЗIок",
	"Puzzle.animal1HelpUrl": "https://inh.wikipedia.org/wiki/Боабашк",
	"Puzzle.animal2": "Циск",
	"Puzzle.animal2Trait1": "Мéкхаш",
	"Puzzle.animal2Trait2": "Лаьжг",
	"Puzzle.animal2HelpUrl": "https://inh.wikipedia.org/wiki/Циск",
	"Puzzle.animal3": "Нoкхармоза",
	"Puzzle.animal3Trait1": "Модз",
	"Puzzle.animal3Trait2": "Юв",
	"Puzzle.animal3HelpUrl": "https://inh.wikipedia.org/wiki/Нокхармоза",
	"Puzzle.animal4": "Митал",
	"Puzzle.animal4Trait1": "Ракушка",
	"Puzzle.animal4Trait2": "Слизь",
	"Puzzle.animal4HelpUrl": "https://inh.wikipedia.org/wiki/Митал",
	"Puzzle.picture": "сурт:",
	"Puzzle.legs": "кóгаш:",
	"Puzzle.legsChoose": "хьахаржа...",
	"Puzzle.traits": "къаьстта белгалонаш:",
	"Turtle.print": "зарба тоха",
	"Turtle.fontHelpUrl": "https://inh.wikipedia.org/wiki/Шрифт",
	"Turtle.font": "шрифт",
	"Turtle.fontSize": "шрифта йоаккхал",
	"Turtle.fontNormal": "массаза хула",
	"Turtle.fontBold": "сома",
	"Turtle.fontItalic": "сиха йоазув",
	"Movie.x": "x",
	"Movie.y": "y",
	"Movie.x1": "хьалхара x",
	"Movie.y1": "хьалхара y",
	"Movie.x2": "тIехьара x",
	"Movie.y2": "тIеххьара y",
	"Movie.width": "йIоахал",
	"Movie.height": "шорал",
	"Movie.circleDraw": "го",
	"Movie.rectDraw": "нийса сабарг",
	"Pond.documentation": "Документаци",
	"Pond.playerName": "Ловзархо",
	"Pond.targetName": "Хьежорг",
	"Pond.rabbitName": "Куни",
	"Pond.counterName": "Дагардерг",
	"Pond.sniperName": "Снайпер"
}
