{
	"@metadata": {
		"authors": [
			"Jonbg",
			"Sveinn í Felli"
		]
	},
	"Games.name": "Blockly leikir",
	"Games.puzzle": "Púsl",
	"Games.maze": "Völundarhús",
	"Games.bird": "Fugl",
	"Games.turtle": "Skjaldbaka",
	"Games.movie": "Hreyfimynd",
	"Games.music": "Tónlist",
	"Games.pondTutor": "Pond kennsludæmi",
	"Games.pond": "Pollur",
	"Games.genetics": "Erfðafræði",
	"Games.linesOfCode1": "Þú leystir þennan áfanga með 1 línu af JavaScript:",
	"Games.linesOfCode2": "Þú leystir þennan áfanga með %1 línum af JavaScript:",
	"Games.nextLevel": "Viltu fara í áfanga %1?",
	"Games.finalLevel": "Ertu til að fást við næstu áskorun?",
	"Games.submitTitle": "Titill:",
	"Games.linkTooltip": "Vista og tengja við kubba.",
	"Games.runTooltip": "Keyra forritið sem þú skrifaðir.",
	"Games.runProgram": "Keyra forritið",
	"Games.resetTooltip": "Stöðva forritið og núllstilla áfangann.",
	"Games.resetProgram": "Byrja aftur",
	"Games.help": "Hjálp",
	"Games.dialogOk": "Í lagi",
	"Games.dialogCancel": "Hætta við",
	"Games.catLogic": "Rökvísi",
	"Games.catLoops": "Lykkjur",
	"Games.catMath": "Reikningur",
	"Games.catText": "Texti",
	"Games.catLists": "Listar",
	"Games.catColour": "Litir",
	"Games.catVariables": "Breytur",
	"Games.catProcedures": "Föll",
	"Games.httpRequestError": "Það kom upp vandamál með beiðnina.",
	"Games.linkAlert": "Deildu kubbunum þínum með þessari krækju:",
	"Games.hashError": "Því miður, '%1' passar ekki við neitt vistað forrit.",
	"Games.xmlError": "Gat ekki hlaðið vistuðu skrána þína. Var hún kannske búin til í annarri útgáfu af Blockly?",
	"Games.submitted": "Ég þakka ykkur kærlega fyrir þetta forrit! Ef kengruglaða starfsfólkinu okkar líkar við það, þá munu þau birta það í safninu innan skamms.",
	"Games.listVariable": "listi",
	"Games.textVariable": "texti",
	"Games.breakLink": "Þegar þú byrjar að breyta JavaScript, geturðu ekki farið til baka í að breyta blokkum. Er það í lagi?",
	"Games.blocks": "Kubbar",
	"Games.congratulations": "Til hamingju!",
	"Games.helpAbort": "Þessi áfangi er mjög erfiður. Viltu sleppa honum og fara í næsta leik? Þú getur alltaf reynt aftur seinna.",
	"Index.clear": "Eyða öllum lausnum þínum?",
	"Index.subTitle": "Leikir fyrir forritara framtíðarinnar.",
	"Index.moreInfo": "Nánar...",
	"Index.startOver": "Viltu byrja upp á nýtt?",
	"Index.clearData": "Eyða gögnum",
	"Puzzle.animal1": "Önd",
	"Puzzle.animal1Trait1": "Fjaðrir",
	"Puzzle.animal1Trait2": "Goggur",
	"Puzzle.animal1HelpUrl": "http://is.wikipedia.org/wiki/%C3%96nd",
	"Puzzle.animal2": "Köttur",
	"Puzzle.animal2Trait1": "Veiðihár",
	"Puzzle.animal2Trait2": "Feldur",
	"Puzzle.animal2HelpUrl": "http://is.wikipedia.org/wiki/K%C3%B6ttur",
	"Puzzle.animal3": "Býfluga",
	"Puzzle.animal3Trait1": "Hunang",
	"Puzzle.animal3Trait2": "Broddur",
	"Puzzle.animal3HelpUrl": "http://is.wikipedia.org/wiki/B%C3%BDflugur",
	"Puzzle.animal4": "Snigill",
	"Puzzle.animal4Trait1": "Skel",
	"Puzzle.animal4Trait2": "Slím",
	"Puzzle.animal4HelpUrl": "http://is.wikipedia.org/wiki/Sniglar",
	"Puzzle.picture": "mynd:",
	"Puzzle.legs": "fætur:",
	"Puzzle.legsChoose": "veldu...",
	"Puzzle.traits": "einkenni:",
	"Puzzle.error0": "Fullkomið!\nAllir %1 kubbarnir eru réttir.",
	"Puzzle.error1": "Næstum! Einn kubbur er rangur.",
	"Puzzle.error2": "%1 kubbar eru rangir.",
	"Puzzle.tryAgain": "Upplýsti kubburinn er ekki réttur.\nHaltu áfram að reyna.",
	"Puzzle.checkAnswers": "Athuga svör",
	"Puzzle.helpText": "Fyrir hvert dýr (grænt) á tengja mynd, velja fjölda fóta og búa til stæðu úr einkennum þess.",
	"Maze.moveForward": "færa áfram",
	"Maze.turnLeft": "snúa til vinstri",
	"Maze.turnRight": "snúa til hægri",
	"Maze.doCode": "gera",
	"Maze.elseCode": "annars",
	"Maze.helpIfElse": "Ef-annars kubbar gera eitt eða annað.",
	"Maze.pathAhead": "ef slóð framundan",
	"Maze.pathLeft": "ef slóð til vinstri",
	"Maze.pathRight": "ef slóð til hægri",
	"Maze.repeatUntil": "endurtaka þar til",
	"Maze.moveForwardTooltip": "Færir leikmann fram um eitt bil.",
	"Maze.turnTooltip": "Snýr leikmanninum til vinstri eða hægri um 90 gráður.",
	"Maze.ifTooltip": "Ef það er slóð í valda stefnu, þá á að gera eitthvað.",
	"Maze.ifelseTooltip": "Ef það er slóð í valda stefnu þá á að gera fyrri kubbinn. Annars á að gera seinni kubbinn.",
	"Maze.whileTooltip": "Endurtaka innifaldar aðgerðir þar til endapunkti er náð.",
	"Maze.capacity0": "Þú átt %0 kubba eftir.",
	"Maze.capacity1": "Þú átt %1 kubb eftir.",
	"Maze.capacity2": "Þú átt %2 kubba eftir.",
	"Maze.runTooltip": "Lætur leikmanninn gera það sem kubbarnir segja.",
	"Maze.resetTooltip": "Setja leikmanninn aftur á upphafsreit.",
	"Maze.helpStack": "Raðaðu tveimur 'færa áfram' kubbum saman til að hjálpa mér að ná takmarkinu.",
	"Maze.helpOneTopBlock": "Í þessum áfanga þarftu að raða öllum kubbunum saman á hvíta svæðinu.",
	"Maze.helpRun": "Keyrðu forritið til að sjá hvað gerist.",
	"Maze.helpReset": "Forritið þitt rataði ekki. Smelltu á 'Byrja aftur' og reyndu betur.",
	"Maze.helpRepeat": "Náðu út á enda slóðarinnar með því að nota bara tvo kubba. Notaðu 'endurtaka' til að keyra kubb oftar en einu sinni.",
	"Maze.helpCapacity": "Þú hefur notað alla kubbana í þessum áfanga. Til að losa kubb verður þú að eyða honum úr forritinu.",
	"Maze.helpRepeatMany": "Þú getur sett fleiri en einn kubb inn í 'endurtaka' kubb.",
	"Maze.helpSkins": "Veldu þér leikveru úr þessum lista.",
	"Maze.helpIf": "'Ef' kubbur gerir eitthvað aðeins ef skilyrðið er satt. T.d. beygja til vinstri ef það er slóð til vinstri.",
	"Maze.helpMenu": "Smelltu á %1 í 'ef' kubbnum til að breyta skilyrði hans.",
	"Maze.helpWallFollow": "Getur þú leyst þetta flókna völundarhús? Reyndu að fylgja veggnum á vinstri hönd. Aðeins fyrir reyndari forritara!",
	"Bird.noWorm": "hefur ekki orm",
	"Bird.heading": "stefna",
	"Bird.noWormTooltip": "Skilyrðið þegar fuglinn hefur ekki náð orminum.",
	"Bird.headingTooltip": "Fara í þá átt sem uppgefið horn sýnir: 0 er til hægri, 90 er beint upp, o.s.frv.",
	"Bird.positionTooltip": "x og y tákna stað fuglsins. Þegar x = 0 er fuglinn við vinstri brúnina, þegar x = 100 er hann við hægri brúnina. Þegar y = 0 er fuglinn neðst niðri, þegar y = 100 er hann efst uppi.",
	"Bird.helpHeading": "Breyttu gráðu stefnunnar til að láta fuglinn ná orminum og lenda í hreiðrinu.",
	"Bird.helpHasWorm": "Notaðu þennan kubb til að fara í eina átt ef þú ert með orminn en í aðra átt ef þú ert ekki með hann.",
	"Bird.helpX": "'x' er staður þinn nú lárétt. Notaðu þennan kubb til að fara í eina átt ef 'x' er minna en talan, annars í aðra átt.",
	"Bird.helpElse": "Smelltu á táknið til að breyta 'if' kubbnum.",
	"Bird.helpElseIf": "Í þessum áfanga þarf bæði \"annars ef\" og \"annars\" kubba.",
	"Bird.helpAnd": "Til að 'og' kubburinn sé sannur þurfa bæði inntökin að vera sönn.",
	"Bird.helpMutator": "Dragðu 'annars' kubb inn í 'ef' kubbinn.",
	"Turtle.moveTooltip": "Færir skjaldbökuna fram eða aftur um tiltekna vegalengd.",
	"Turtle.moveForward": "færa fram um",
	"Turtle.moveBackward": "færa aftur um",
	"Turtle.turnTooltip": "Snýr skjaldbökunni til vinstri eða hægri um tiltekinn gráðufjölda.",
	"Turtle.turnRight": "snúa til hægri um",
	"Turtle.turnLeft": "snúa til vinstri um",
	"Turtle.widthTooltip": "Breytir breidd pennans.",
	"Turtle.setWidth": "stilla breidd á",
	"Turtle.colourTooltip": "Breytir lit pennans.",
	"Turtle.setColour": "stilla lit á",
	"Turtle.penTooltip": "Lyftir pennanum til að hætta að teikna eða setur hann niður til að byrja.",
	"Turtle.penUp": "penni upp",
	"Turtle.penDown": "penni niður",
	"Turtle.turtleVisibilityTooltip": "Gerir skjaldbökuna (hringinn og píluna) sýnilega eða ósýnilega.",
	"Turtle.hideTurtle": "fela skjaldböku",
	"Turtle.showTurtle": "sýna skjaldböku",
	"Turtle.printHelpUrl": "https://en.wikipedia.org/wiki/Printing",
	"Turtle.printTooltip": "Teiknar texta þar sem skjaldbakan er og í stefnu hennar.",
	"Turtle.print": "prenta",
	"Turtle.fontHelpUrl": "https://en.wikipedia.org/wiki/Font",
	"Turtle.fontTooltip": "Stillir leturgerðina sem prentað er með.",
	"Turtle.font": "leturgerð",
	"Turtle.fontSize": "leturstærð",
	"Turtle.fontNormal": "venjulegt",
	"Turtle.fontBold": "feitletrað",
	"Turtle.fontItalic": "skáletrað",
	"Turtle.submitDisabled": "Keyrðu forritið þar til það stöðvast. Síðan mátt þú setja teikninguna þína í safnið.",
	"Turtle.galleryTooltip": "Opna safn teikninga.",
	"Turtle.galleryMsg": "Skoða safn",
	"Turtle.submitTooltip": "Senda teikninguna þína í safnið.",
	"Turtle.submitMsg": "Setja á safn",
	"Turtle.helpUseLoop": "Lausnin þín virkar, en þú getur gert betur.",
	"Turtle.helpUseLoop3": "Teiknaðu formið með aðeins þremur kubbum.",
	"Turtle.helpUseLoop4": "Teiknaðu formið með aðeins fjórum kubbum.",
	"Turtle.helpText1": "Búðu til forrit sem teiknar ferning.",
	"Turtle.helpText2": "Breyttu forritinu svo það teikni samsíðung í stað fernings.",
	"Turtle.helpText3a": "Hér er nýr kubbur sem þú getur notað til að breyta litnum:",
	"Turtle.helpText3b": "Teiknaðu gula stjörnu.",
	"Turtle.helpText4a": "Hér er nýr kubbur sem þú getur notað til að lyfta pennanum þegar þú færir hann:",
	"Turtle.helpText4b": "Teiknaðu litla, gula stjörnu, og síðan línu fyrir ofan.",
	"Turtle.helpText5": "Í stað einnar stjörnu, getur þú teiknað fjórar stjörnur sem saman mynda ferning?",
	"Turtle.helpText6": "Teiknaðu þrjár gular stjörnur og eina hvíta línu.",
	"Turtle.helpText7": "Teiknaðu stjörnurnar og teiknaðu svo fjórar hvítar línur.",
	"Turtle.helpText8": "360 teiknaðar hvítar línur munu líkjast fullu tungli.",
	"Turtle.helpText9": "Getur þú bætt við svörtum hring svo að tunglið breytist í hálfmána?",
	"Turtle.helpText10": "Teiknaðu hvað sem þú vilt! Þú hefur fjöldan allan af kubbum til að prófa. Skemmtu þér!",
	"Turtle.helpText10Reddit": "Notaðu \"Skoða safn\" hnappinn til að sjá hvað aðrir hafa teiknað. Ef þú teiknar eitthvað áhugavert getur þú notað \"Senda í safn\" hnappinn til að birta það.",
	"Turtle.helpToolbox": "Veldu flokk til að sjá kubbana.",
	"Movie.x": "x",
	"Movie.y": "y",
	"Movie.x1": "frá x",
	"Movie.y1": "frá y",
	"Movie.x2": "til x",
	"Movie.y2": "til y",
	"Movie.radius": "radíus",
	"Movie.width": "breidd",
	"Movie.height": "hæð",
	"Movie.circleTooltip": "Teiknar hring á tilteknum stað með tilteknum radíus.",
	"Movie.circleDraw": "hringur",
	"Movie.rectTooltip": "Teiknar rétthyrning á tilteknum stað og með tiltekna breidd og hæð.",
	"Movie.rectDraw": "rétthyrningur",
	"Movie.lineTooltip": "Teiknar línu frá einum punkti til annars með tiltekna breidd.",
	"Movie.lineDraw": "lína",
	"Movie.timeTooltip": "Skilar gildandi tíma í hreyfimyndinni (0-100).",
	"Movie.colourTooltip": "Breytir lit pennans.",
	"Movie.setColour": "stilla lit á",
	"Movie.submitDisabled": "Hreyfimyndin þín hreyfist ekki. Notaðu kubba til að búa til eitthvað áhugavert. Síðan mátt þú setja hreyfimyndina þína í safnið.",
	"Movie.galleryTooltip": "Opna safn hreyfimynda.",
	"Movie.galleryMsg": "Skoða safn",
	"Movie.submitTooltip": "Senda hreyfimyndina í safnið.",
	"Movie.submitMsg": "Setja á safn",
	"Movie.helpText1": "Notaðu einföld form til að teikna þessa veru.",
	"Movie.helpText2a": "Þessi áfangi er hreyfimynd. Þú vilt láta handlegg á manneskju færast yfir skjáinn. Ýttu á spilunarhnappinn til að forskoða.",
	"Movie.helpText2b": "Þegar myndin er spiluð, sýnir kubburinn 'tími' talningu frá 0 til 100. Þar sem þú vilt að 'y'-staða handleggsins byrji við 0 lárétt og fari til 100, ætti þetta að vera auðvelt.",
	"Movie.helpText3": "Kubburinn 'tími' telur frá 0 til 100. En í þetta sinn vilt þú að 'y'-staða hins handleggsins byrji við 100 og endi á 0. Getur þú fundið út einfalda reikningsformúlu sem snýr stefnunni við?",
	"Movie.helpText4": "Notaðu það sem þú lærðir í síðasta áfanga til að búa til krosslagða fætur.",
	"Movie.helpText5": "Reikniformúlan fyrir handlegginn er flókin. Hér er svarið:",
	"Movie.helpText6": "Gefðu manneskjunni tvær hendur.",
	"Movie.helpText7": "Stærðfræðiformúlan fyrir þennan fallandi bolta er flókin. Hér er svarið:",
	"Movie.helpText8": "Notaðu 'if' kubbinn til að teikna rauða og bláa bolta fyrir fyrri helming hreyfimyndarinnar. Teiknaðu svo grænan bolta fyrir seinni helming myndarinnar.",
	"Movie.helpText9": "Getur þú búið til bolta sem fylgir vírnum eftir? Það er búið að teikna vírinn fyrir þig. Eftir að þú getur gert þetta, geturðu gert hvað sem er.",
	"Movie.helpText10": "Búðu til eigin hreyfimynd. Þú hefur fjöldan allan af kubbum til að prófa. Skemmtu þér!",
	"Movie.helpText10Reddit": "Notaðu \"Skoða safn\" hnappinn til að skoða hreyfimyndir sem aðrir hafa búið til. Ef þú býrð til áhugaverða hreyfimynd, getur þú notað \"Senda í safn\" hnappinn til að birta hana.",
	"Music.submitDisabled": "Keyrðu forritið þar til það stöðvast. Síðan mátt þú setja tónlistina þína í safnið.",
	"Music.galleryMsg": "Skoða safn",
	"Music.submitTooltip": "Senda tónlistina þína í safnið.",
	"Music.submitMsg": "Senda í safn",
	"Music.helpText1": "Settu saman fyrstu fjórar nóturnar í 'Meistari Jakob'.",
	"Music.helpText10Reddit": "Notaðu \"Skoða safn\" hnappinn til að sjá hvað aðrir hafa samið. Ef þú semur eitthvað áhugavert getur þú notað \"Senda í safn\" hnappinn til að birta það.",
	"Pond.scanTooltip": "Leita að óvinum. Tilgreindu stefnu (0-360). Gefur fjarlægðina að nálægasta óvini í þá stefnu. Gefur óendanleika (Infinity) ef enginn óvinur finnst.",
	"Pond.cannonTooltip": "Skjóta með fallbyssunni. Tilgreindu stefnu (0-360) og vegalengd (0-70).",
	"Pond.swimTooltip": "Synda áfram. Tilgreindu stefnu (0-360).",
	"Pond.stopTooltip": "Hætta að synda. Leikvera mun hægja á sér og stöðvast.",
	"Pond.healthTooltip": "Gefur heilsu leikveru nú (0 er dauð, 100 er full heilsa).",
	"Pond.speedTooltip": "Gefur hraða leikveru nú (0 er kyrr, 100 er hámarkshraði).",
	"Pond.locXTooltip": "Gefur X hnit leikverunnar (0 er vinstri brún, 100 er hægri brún).",
	"Pond.locYTooltip": "Gefur Y hnit leikverunnar (0 er neðri brún, 100 er efri brún).",
	"Pond.docsTooltip": "Sýna skjölun fyrir tungumálið.",
	"Pond.documentation": "Skjölun",
	"Pond.playerName": "Leikvera",
	"Pond.targetName": "Mark",
	"Pond.pendulumName": "Dingull",
	"Pond.scaredName": "Hræddur",
	"Pond.helpUseScan": "Lausnin þín virkar, en þú getur gert betur. Notaðu 'scan' til að segja fallbyssunni hve langt á að skjóta.",
	"Pond.helpText1": "Notaðu 'cannon' skipunina til að hitta markið. Fyrri stikinn er hornið, sá seinni er vegalengdin. Finndu réttu samsetninguna.",
	"Pond.helpText2": "Þetta mark verður að hitta mörgum sinnum. Notaðu 'while (true)' lykkju til að gera eitthvað endalaust.",
	"Pond.helpText3a": "Þessi andstæðingur færist fram og aftur svo erfitt er að hitta. Aðgerðin 'scan' gefur hve langt frá andstæðingurinn er í tiltekna stefnu.",
	"Pond.helpText3b": "Þessi vegalengd er nákvæmlega það sem skipunin 'cannon' þarf til að skjóta nákvæmt.",
	"Pond.helpText4": "Þessi andstæðingur er of langt frá til að fallbyssan nýtist (hennar hámark er 70 metrar). Notaðu þess í stað 'swim' skipunina til að synda í átt að andstæðingnum og rekast á hann.",
	"Pond.helpText5": "Þessi andstæðingur er líka og langt frá til að nota fallbyssuna. En þú ert of veikburða til að þola árekstur. Syntu í átt að andstæðingnum á meðan staður þinn lárétt er minna en 50. Notaðu svo 'stöðva' og fallbyssuna.",
	"Pond.helpText6": "Þessi andstæðingur mun færa sig fjær þegar skot hæfir hann. Syntu í átt til hans ef hann er utan skotfæris (70 metrar).",
	"Pond.rabbitName": "Kanína",
	"Pond.counterName": "Teljari",
	"Pond.rookName": "Hrókur",
	"Pond.sniperName": "Leyniskytta",
	"Gallery": "Safn"
}
