{
	"@metadata": {
		"authors": [
			"Тамэ Балъкъэрхэ"
		]
	},
	"Games.name": "Blockly и джэгукIэхэр",
	"Games.puzzle": "Узыгъэгупсысэ",
	"Games.maze": "Дыхьэ-дэкI",
	"Games.bird": "Бзу",
	"Games.turtle": "Шылъэгу",
	"Games.movie": "Нэтын",
	"Games.pond": "Псыхъурей",
	"Games.linkTooltip": "Хъумауэ блокхэм я техьэпIэр къэгъэлъагъуэн.",
	"Games.runProgram": "Программэр егъэжьэн",
	"Games.resetTooltip": "Программэр къэгъэувыIауэ здынэсари щыгъэгъупщэн.",
	"Games.resetProgram": "Псори щыгъэгъупщэн",
	"Games.help": "ДэӀэпыкъуэгъу",
	"Games.dialogOk": "ХЪУАЩ",
	"Games.dialogCancel": "ЩӀегъуэжын",
	"Games.catMath": "Математикэ",
	"Games.catText": "Тхыгъэ",
	"Games.catLists": "КъебжэкI",
	"Games.catColour": "Плъыфэ",
	"Games.listVariable": "къебжэкI",
	"Index.clear": "ПщIыжахэр тебгъэкIыжрэ?",
	"Index.subTitle": "Программэтх хъунухэм я джэгукIэ.",
	"Index.moreInfo": "Нэхъ гъэхуауэ...",
	"Index.startOver": "ЩIэрыщIэу щIэбдзэжыну?",
	"Index.clearData": "Итхахэр игъэкIыжын",
	"Puzzle.animal1": "Псыджэд",
	"Puzzle.animal1HelpUrl": "https://ru.wikipedia.org/wiki/%D0%A3%D1%82%D0%BA%D0%B8",
	"Puzzle.animal2": "Джэду",
	"Puzzle.animal2Trait1": "ПащIэ",
	"Puzzle.animal2Trait2": "Цы",
	"Puzzle.animal2HelpUrl": "https://ru.wikipedia.org/wiki/%D0%9A%D0%BE%D1%88%D0%BA%D0%B0",
	"Puzzle.animal3": "Бжьэ",
	"Puzzle.animal3Trait1": "Фо",
	"Puzzle.animal3HelpUrl": "https://ru.wikipedia.org/wiki/%D0%9F%D1%87%D1%91%D0%BB%D1%8B",
	"Puzzle.animal4": "НэщIэпкIэ",
	"Puzzle.animal4Trait1": "ХьэмлашкIуэ",
	"Puzzle.animal4HelpUrl": "https://ru.wikipedia.org/wiki/%D0%A3%D0%BB%D0%B8%D1%82%D0%BA%D0%B0_(%D0%B6%D0%B8%D0%B7%D0%BD%D0%B5%D0%BD%D0%BD%D0%B0%D1%8F_%D1%84%D0%BE%D1%80%D0%BC%D0%B0)",
	"Puzzle.picture": "сурэт:",
	"Puzzle.legs": "лъпкъуэхэр:",
	"Puzzle.legsChoose": "къыхэх...",
	"Puzzle.error0": "Щыпкъабзэ!\nБлокыухъуар (%1) япIэ итщ.",
	"Puzzle.error1": "УблэцIэфта! Зы блок ипIэ иткъым.",
	"Puzzle.error2": "Блок зыбжанэ (%1) япIэ иткъым",
	"Puzzle.tryAgain": "Блок къыхэгъэщар ипIэ иткъым.\nЗэ еплъыж.",
	"Puzzle.checkAnswers": "КъыщIэкIар къэпщытэн",
	"Maze.moveForward": "ипэкIэ бэкъуэн",
	"Maze.turnLeft": "сэмэгупмкIэ гъэшын",
	"Maze.turnRight": "ижьымкIэ гъэшын",
	"Maze.doCode": "гъэзэщIэн",
	"Maze.elseCode": "армырамэ",
	"Maze.pathAhead": "гъуэгур захуэмэ",
	"Maze.pathLeft": "гъуэгур сэмэгумкIэмэ",
	"Maze.pathRight": "гъуэгур ижымкIэмэ",
	"Maze.turnTooltip": "ЗекIуэлIыр градус 90кIэ ижымкIэ е сэмэгумкIэ гъэшын.",
	"Maze.capacity0": "Блокыу %0 къыпхуэнащ",
	"Maze.capacity1": "Блокыу %1 къыпхуэнащ",
	"Maze.capacity2": "Блокыу %2 къыпхуэнащ",
	"Maze.runTooltip": "ЗекIуэлIым блокхэм жаIэр игъэзэщIэнущ.",
	"Maze.resetTooltip": "ЗекIуэлIыр пэщIэдзэм гъэкIуэжын.",
	"Maze.helpRun": "Программэр щIэгъэнауэ игъэзащIэм еплъын.",
	"Turtle.moveForward": "ипэкIэ бэкъуэн кIэ-",
	"Turtle.turnRight": "ижьымкIэ гъэшын кIэ-",
	"Turtle.turnLeft": "сэмэгумкIэ гъэшын кIэ-",
	"Turtle.setWidth": "бгъуагър къыхэхын",
	"Turtle.setColour": "плъыфэр къыхэхын",
	"Turtle.hideTurtle": "шылъэгур гъэпщкIун",
	"Turtle.showTurtle": "шылъэгур къэгъэлъагъуэн",
	"Turtle.printHelpUrl": "https://ru.wikipedia.org/wiki/Книгопечатание",
	"Turtle.print": "къыдэгъэкӀын",
	"Turtle.fontHelpUrl": "https://ru.wikipedia.org/wiki/Шрифт",
	"Turtle.fontTooltip": "Блок къыдэгъэкIыпхъэм и шрифтыр хэхын.",
	"Turtle.font": "шрифт",
	"Turtle.fontSize": "шрифтым и инагъыр",
	"Turtle.fontNormal": "къызэрыгуэкI",
	"Turtle.fontBold": "ф1ыцIэ-Iув",
	"Turtle.fontItalic": "Iэпэрытх",
	"Turtle.galleryMsg": "Галереим еплъ",
	"Turtle.submitTooltip": "Reddit-ым уи сурэтыр илъхьэн.",
	"Turtle.submitMsg": "Галереим илъхьэн.",
	"Turtle.helpText3b": "Вагъуэ гъуэжь итхъэ.",
	"Movie.x": "x",
	"Movie.y": "y",
	"Movie.x1": "x и щIэдзапIэ",
	"Movie.y1": "y и щIэдзапIэ",
	"Movie.x2": "x и кIэух",
	"Movie.y2": "y и кIэух",
	"Movie.radius": "радиус",
	"Movie.width": "бгъуагъыр",
	"Movie.height": "лъэгагъыр",
	"Movie.circleDraw": "хъурей",
	"Movie.rectDraw": "зэпэплIымэ",
	"Movie.lineDraw": "итхъа",
	"Movie.galleryMsg": "Галереим еплъ",
	"Movie.submitTooltip": "Reddit-ым уи нэтын илъхьэн.",
	"Movie.submitMsg": "Галереим илъхьэн",
	"Pond.documentation": "ТхылъымпIэхэр",
	"Pond.playerName": "ДжэгуакIуэ",
	"Pond.targetName": "Нэщэнэ",
	"Pond.rabbitName": "ТхьэкIумэкIыхь",
	"Pond.rookName": "Шы",
	"Pond.sniperName": "Шэрыуэ"
}
