{
	"@metadata": [],
	"Games.dialogOk": "យល់ព្រម",
	"Games.puzzle": "ល្បែងផ្គុំប្លុក",
	"Puzzle.legsChoose": "ជ្រើសរើស...",
	"Puzzle.error0": "ល្អណាស់!\nផ្គុំត្រូវប្លុកចំនួន%1ទាំងអស់ហើយ។",
	"Puzzle.error1": "ជិតហើយៗ! នៅសល់តែប្លុកមួយទៀតមិនទាន់ត្រូវ។",
	"Puzzle.error2": "នៅសល់ប្លុកចំនួន %1 ទៀតមិនទាន់ត្រឹមត្រូវ។",
	"Puzzle.tryAgain": "ប្លុកដែលដាក់ពណ៌ហ៊ុំមិនទាន់ត្រឹមត្រូវទេ។\nសូមព្យាយាមបន្ត។",
	"Games.help": "ជំនួយ",
	"Puzzle.checkAnswers": "ផ្ទៀងផ្ទាត់ចម្លើយ"
}