{
	"@metadata": {
		"authors": [
			"Nayvik",
			"Niekiran"
		]
	},
	"Games.name": "ಬ್ಲಾಕ್ಲಿಆಟಗಳು",
	"Games.puzzle": "ಒಗಟು",
	"Games.maze": "ಜಟಿಲ ಮಾರ್ಗ ಜಾಲ",
	"Games.bird": "ಪಕ್ಷಿ",
	"Games.turtle": "ಆಮೆ",
	"Games.movie": "ಚಲನಚಿತ್ರ",
	"Games.music": "ಸಂಗೀತ",
	"Games.pondTutor": "ಕೊಳ ಶಿಕ್ಷಕ",
	"Games.pond": "ಕೊಳ",
	"Games.genetics": "ಆನುವಂಶಿಕ",
	"Games.linesOfCode1": "ನೀವು ಈ ಹಂತವನ್ನು ಒಂದು ಸಾಲಿನ ಜಾವಾ ಸ್ಕ್ರಿಪ್ಟ್ ನ ಮುಖಾಂತರ ಬಗೆಹರಿಸಿದ್ದೀರಿ:",
	"Games.linesOfCode2": "ನೀವು ಈ ಹಂತವನ್ನು %1 ಸಾಲುಗಳ ಜಾವಾ ಸ್ಕ್ರಿಪ್ಟ್ ನ ಮುಖಾಂತರ ಬಗೆಹರಿಸಿದ್ದೀರಿ:",
	"Games.nextLevel": "ನೀವು %1 ನೇ ಹಂತಕ್ಕೆ ಹೋಗಲು ಸಿದ್ದರಿದ್ದೀರಾ?",
	"Games.finalLevel": "ನೀವು ಮುಂದಿನ ಸವಾಲಿಗೆ ಸಿದ್ಧರಿದ್ದೀರಾ?",
	"Games.submitTitle": "ಶೀರ್ಷಿಕೆ:",
	"Games.linkTooltip": "ಸೇವ್ ಮಾಡಿ ಮತ್ತು ಬ್ಲಾಕ್ಗಳಿಗೆ ಲಿಂಕ್  ಮಾಡಿ.",
	"Games.runTooltip": "ನೀವು ಬರೆದ ಪ್ರೋಗ್ರಾಂ ರನ್ ಮಾಡಿ.",
	"Games.runProgram": "ಪ್ರೋಗ್ರಾಂ ರನ್ ಮಾಡಿ",
	"Games.resetTooltip": "ಪ್ರೋಗ್ರಾಮ್ ನಿಲ್ಲಿಸಿ ಮತ್ತು ಪ್ರಾರಂಭದ ಹಂತಕ್ಕೆ ಹಿಂತಿರುಗಿ.",
	"Games.resetProgram": "ರಿಸೆಟ್ ಮಾಡಿ",
	"Games.help": "ಸಹಾಯ",
	"Games.dialogOk": "ಸರಿ",
	"Games.dialogCancel": "ರದ್ದುಮಾಡಿ",
	"Games.catLogic": "ತರ್ಕ",
	"Games.catLoops": "ಸುತ್ತುಗಳು",
	"Games.catMath": "ಗಣಿತ",
	"Games.catText": "ಬರಹ",
	"Games.catLists": "ಪಟ್ಟಿಗಳು",
	"Games.catColour": "ಬಣ್ಣ",
	"Games.catVariables": "ಮಾರ್ಪಡಿಸಬಹುದಾದ ಮೂಲಾಂಶಗಳು",
	"Games.catProcedures": "ಕಾರ್ಯಗಳು",
	"Games.httpRequestError": "ಕೋರಿಕೆಯಲ್ಲಿ ಒಂದು ಸಮಸ್ಯೆ ಇದೆ.",
	"Games.linkAlert": "ನಿಮ್ಮ ಬ್ಲಾಕ್ ಗಳನ್ನು ಈ ಸಂಪರ್ಕ ಕೊಂಡಿಯ ಮುಖಾಂತರ ಹಂಚಿಕೊಳ್ಳಿ:\n\n%1",
	"Games.hashError": "ಕ್ಷಮಿಸಿ, '%1' ಯಾವುದೇ ಸೇವ್ ಮಾಡಿರುವ ಪ್ರೋಗ್ರಾಮ್ ಗೆ ಸಂಭಂಧ ಪಟ್ಟಿರುವುದಿಲ್ಲ.",
	"Games.xmlError": "ನೀವು ಕೂಡಿಟ್ಟಿರುವ ಕಡತವನ್ನು ಲೋಡ್ ಮಾಡಲು ಸಾಧ್ಯವಾಗುತ್ತಿಲ್ಲ. ಬಹುಶಃ ಕಡತವು ಭಿನ್ನ ಆವೃತ್ತಿ ಬ್ಲಾಕ್ಲಿಯಿಂದ ರಚಿಸಲಾಗಿತ್ತೆ?",
	"Games.submitted": "ಈ ಪ್ರೋಗ್ರಾಂಗೋಸ್ಕರ ವಂದನೆಗಳು ನಿಮಗೆ! ನಮ್ಮ ತರಬೇತಿ ಪಡೆದ ಕೋತಿಗಳಿಗೆ ಇದು ಇಷ್ಟವಾದರೆ ,ಅವರು ಇದನ್ನು ಗ್ಯಾಲರಿಯಲ್ಲಿ ಕೆಲವೇ ದಿನಗಳಲ್ಲಿ ಪ್ರಕಟಿಸುತ್ತಾರೆ.",
	"Games.listVariable": "ಪಟ್ಟಿ",
	"Games.textVariable": "ಬರಹ",
	"Games.breakLink": "ಜಾವಾಸ್ಕ್ರಿಪ್ಟ್ ಅನ್ನು ಬರೆಯಲು ಶುರು ಮಾಡಿದ ನಂತರ, ನೀವು ಹಿಂತಿರುಗಿ ಹೋಗಿ ಬ್ಲಾಕ್ಗಳನ್ನು ಬರೆದು ಸರಿಪಡಿಸಲು ಸಾದ್ಯವಿಲ್ಲ. ಸರಿಯೆ?",
	"Games.blocks": "ಬ್ಲಾಕ್ ಗಳು",
	"Games.congratulations": "ಅಭಿನಂದನೆಗಳು!",
	"Games.helpAbort": "ಈ ಮಟ್ಟ ಅತ್ಯಂತ ಕಷ್ಟದಾಯಕ ವಾಗಿರುತ್ತದೆ. ನೀವು ಈ ಹಂತವನ್ನು ಬಿಟ್ಟು ಮುಂದಿನ ಆಟಕ್ಕೆ ಹೋಗಲು ಇಷ್ಟಪಡುವಿರಾ? ನೀವು ಯಾವಾಗಲೂ ನಂತರ ಹಿಂತಿರುಗಬಹುದು.",
	"Index.clear": "ನಿಮ್ಮ ಎಲ್ಲಾ ಪರಿಹಾರಗಳನ್ನು ಅಳಿಸುವುದೇ?",
	"Index.subTitle": "ಭವಿಷ್ಯದ ಪ್ರೋಗ್ರಾಮರ್ಸ್ ಸಲುವಾಗಿ ಇರುವ ಆಟಗಳು.",
	"Index.moreInfo": "ಬೋಧಕರಿಗಾಗಿ ಮಾಹಿತಿ...",
	"Index.startOver": "ಪುನಃ ಪ್ರಾರಂಭಿಸಲು ಬಯಸುವಿರಾ?",
	"Index.clearData": "ಮಾಹಿತಿಯನ್ನು ಅಳಸಿ ಹಾಕಿ",
	"Puzzle.animal1": "ಬಾತುಕೋಳಿ",
	"Puzzle.animal1Trait1": "ಗರಿಗಳು",
	"Puzzle.animal1Trait2": "ಕೊಕ್ಕು",
	"Puzzle.animal1HelpUrl": "https://kn.wikipedia.org/wiki/ಬಾತುಕೋಳಿ",
	"Puzzle.animal2": "ಬೆಕ್ಕು",
	"Puzzle.animal2Trait1": "ಮೀಸೆ",
	"Puzzle.animal2Trait2": "ತುಪ್ಪಳ",
	"Puzzle.animal2HelpUrl": "https://kn.wikipedia.org/wiki/ಬೆಕ್ಕು",
	"Puzzle.animal3": "ಜೇನುನೊಣ",
	"Puzzle.animal3Trait1": "ಜೇನುತುಪ್ಪ",
	"Puzzle.animal3Trait2": "ಕುಟುಕುವ",
	"Puzzle.animal3HelpUrl": "https://kn.wikipedia.org/wiki/ಜೇನು_ಹುಳು",
	"Puzzle.animal4": "ಬಸವನ ಹುಳು",
	"Puzzle.animal4Trait1": "ಚಿಪ್ಪು",
	"Puzzle.animal4Trait2": "ಜಿಗುಟು",
	"Puzzle.animal4HelpUrl": "https://kn.wikipedia.org/wiki/ಬಸವನ_ಹುಳು",
	"Puzzle.picture": "ಚಿತ್ರ:",
	"Puzzle.legs": "ಕಾಲುಗಳು:",
	"Puzzle.legsChoose": "ಆರಿಸಿ...",
	"Puzzle.traits": "ಲಕ್ಷಣಗಳು:",
	"Puzzle.error0": "ಅತ್ಯುತ್ತಮ!\\nಎಲ್ಲ %1 ಬ್ಲಾಕ್ ಗಳು ಸರಿಯಾಗಿವೆ.",
	"Puzzle.error1": "ಬಹುತೇಕ! ಒಂದು ಬ್ಲಾಕ್ ಸರಿ ಇಲ್ಲ.",
	"Puzzle.error2": "%1 ಬ್ಲಾಕ್ ಗಳು ಸರಿ ಇಲ್ಲ.",
	"Puzzle.tryAgain": "ಇಲ್ಲಿ ಪ್ರಕಾಶಿಸಿರುವ ಬ್ಲಾಕ್ ಸರಿ ಇಲ್ಲ.\nಇನ್ನೊಮ್ಮೆ ಪ್ರಯತ್ನಿಸಿ.",
	"Puzzle.checkAnswers": "ಉತ್ತರಗಳನ್ನು ಪರಿಶೀಲಿಸಿ",
	"Puzzle.helpText": "ಪ್ರತಿ ಪ್ರಾಣಿಯ(ಹಸಿರು) ಚಿತ್ರವನ್ನು ಲಗತ್ತಿಸಿ, ಅದರ ಕಾಲುಗಳನ್ನು ಎಣಿಸಿ ಆಯ್ಕೆಮಾಡಿ, ಮತ್ತು ಅದರ ವಿಶಿಷ್ಟ ಸ್ವಭಾವಗಳ ಸಂಗ್ರಹ ಮಾಡಿ.",
	"Maze.moveForward": "ಮುಂದಕ್ಕೆ ಚಲಿಸಿ",
	"Maze.turnLeft": "ಎಡಕ್ಕೆ ತಿರುಗಿ",
	"Maze.turnRight": "ಬಲಕ್ಕೆ ತಿರುಗಿ",
	"Maze.doCode": "ಮಾಡು",
	"Maze.elseCode": "ಆಗಿರದಿದ್ದರೆ",
	"Maze.helpIfElse": "'ಆಗಿದ್ದರೆ-ಆಗಿರದಿದ್ದರೆ' ಬ್ಲಾಕ್ ಗಳು ಒಂದು ಕೆಲಸವನ್ನು ಮಾಡುತ್ತದೆ ಅಥವಾ ಇನ್ನೊಂದು ಕೆಲಸವನ್ನು ಮಾಡುತ್ತದೆ.",
	"Maze.pathAhead": "ಮುಂದಕೆ ದಾರಿ ಇದ್ದರೆ",
	"Maze.pathLeft": "ಎಡಕ್ಕೆ ದಾರಿ ಇದ್ದರೆ",
	"Maze.pathRight": "ಬಲಕ್ಕೆ ದಾರಿ ಇದ್ದರೆ",
	"Maze.repeatUntil": "ತನಕ ಪುನರಾವರ್ತಿಸಿ",
	"Maze.moveForwardTooltip": "ಆಟಗಾರನನ್ನು ಒಂದು ಜಾಗ ಮುಂದಕ್ಕೆ ಚಲಿಸುವಂತೆ ಮಾಡುತ್ತದೆ.",
	"Maze.turnTooltip": "ಆಟಗಾರನನ್ನು ಎಡಕ್ಕೆ ಅಥವಾ ಬಲಕ್ಕೆ 90 ಡಿಗ್ರಿ ತಿರುಗುವಂತೆ ಮಾಡುತ್ತದೆ.",
	"Maze.ifTooltip": "ನಿರ್ಧಿಷ್ಟಪಡಿಸಿದ ದಿಕ್ಕಿನಲ್ಲಿ ದಾರಿ ಇರುವುದಾದರೆ ಕೆಲವು ಕ್ರಮಗಳನ್ನು ಕೈಗೊಳ್ಳಿ.",
	"Maze.ifelseTooltip": "ನಿರ್ಧಿಷ್ಟಪಡಿಸಿದ ದಿಕ್ಕಿನಲ್ಲಿ ದಾರಿ ಇರುವುದಾದರೆ ಮೊದಲೆನೆಯ ವಿಭಾಗದ ಕ್ರಮಗಳನ್ನು ಕೈಗೊಳ್ಳಿ. ಇಲ್ಲವಾದರೆ, ಎರಡನೇ ವಿಭಾಗದ ಕ್ರಮಗಳನ್ನು ಕೈಗೊಳ್ಳಿ.",
	"Maze.whileTooltip": "ಮುಕ್ತಾಯದ ಹಂತ ತಲುಪುವವರೆಗೆ ಸುತ್ತುವರಿದ ಕೆಲಸಗಳನ್ನು ಪುನರಾವರ್ತಿಸಿ.",
	"Maze.capacity0": "ನಿಮ್ಮಲ್ಲಿ %0 ಬ್ಲಾಕ್ ಗಳು ಉಳಿದುಕೊಂಡಿವೆ.",
	"Maze.capacity1": "ನಿಮ್ಮಲ್ಲಿ %1 ಬ್ಲಾಕ್ ಉಳಿದುಕೊಂಡಿವೆ.",
	"Maze.capacity2": "ನಿಮ್ಮಲ್ಲಿ %2 ಬ್ಲಾಕ್ ಗಳು ಉಳಿದುಕೊಂಡಿವೆ.",
	"Maze.runTooltip": "ಬ್ಲಾಕ್ಗಳು ಏನು ಹೇಳುತ್ತಿದೆಯೋ ಹಾಗೆ ಮಾಡುವಂತೆ ಆಟಗಾರನನ್ನು ನಿಯಂತ್ರಿಸುತ್ತದೆ",
	"Maze.resetTooltip": "ಆಟಗಾರನನ್ನು ಮಾರ್ಗ ಜಾಲದ ಆರಂಭದಲ್ಲಿ ಹಿಂತಿರುಗುವಂತೆ ಮಾಡುತ್ತದೆ.",
	"Maze.helpStack": "ನಾನು ಗುರಿ ತಲಪುವಂತೆ ಸಹಾಯ ಮಾಡಲು ಕೆಲವು 'ಮುಂದಕ್ಕೆ ಚಲಿಸು' ಬ್ಲಾಕ್ ಗಳನ್ನು ಒಂದಕ್ಕೊಂದು ಜೋಡಿಸಿ.",
	"Maze.helpOneTopBlock": "ಇ ಹಂತದಲ್ಲಿ ನೀವು, ಬಿಳಿ ಬಣ್ಣದ ಕಾರ್ಯಕ್ಷೇತ್ರದಲ್ಲಿ ಇರುವಂತಹ ಎಲ್ಲ ಬ್ಲಾಕ್ ಗಳನ್ನು ಒಂದಕ್ಕೊಂದು ಜೋಡಿಸಿಕೊಳ್ಳಬೇಕು.",
	"Maze.helpRun": "ಏನಾಗುತ್ತದೆ ಎಂಬುದನ್ನು ನೋಡಲು ನಿಮ್ಮ ಪ್ರೋಗ್ರಾಂ ಅನ್ನು ರನ್ ಮಾಡಿ.",
	"Maze.helpReset": "ನಿಮ್ಮ ಪ್ರೋಗ್ರಾಮ್ ಜಟಿಲ ಮಾರ್ಗ ಜಾಲದ ಸಮಸ್ಯೆ ಯನ್ನು ಬಗೆಹರಿಸಿಲ್ಲ. 'ರಿಸೆಟ್ ಮಾಡಿ' ಯನ್ನು ಒತ್ತಿ ಮತ್ತು ಪುನಃ ಪ್ರಯತ್ನಿಸಿ.",
	"Maze.helpRepeat": "ಕೇವಲ ಎರಡು ಬ್ಲಾಕ್ ಗಳನ್ನು ಬಳಸಿ ಈ ದಾರಿಯ ಅಂತ್ಯವನ್ನು ತಲುಪಿ. ಒಂದಕ್ಕಿಂತ ಹೆಚ್ಚು ಬಾರಿ ಬ್ಲಾಕ್ ಅನ್ನು ರನ್ ಮಾಡಲು 'ಪುನರಾವರ್ತಿಸು' ಬಳಸಿ.",
	"Maze.helpCapacity": "ಈ ಹಂತಕ್ಕಾಗಿ ನೀವು ಎಲ್ಲ ಬ್ಲಾಕ್ ಗಳನ್ನು ಬಳಸಿದ್ದೀರಿ. ಒಂದು ಹೊಸ ಬ್ಲಾಕ್ ಅನ್ನು ರಚಿಸಲು ನೀವು ಮೊದಲು ಈಗಾಗಲೇ ಉಪಯೋಗಿಸಲ್ಪಟ್ಟಿರುವ ಯಾವುದಾದರೊಂದು ಬ್ಲಾಕ್ ಅನ್ನು ಅಳಿಸಬೇಕಾಗುತ್ತದೆ.",
	"Maze.helpRepeatMany": "ನೀವು 'ಪುನರಾವರ್ತಿಸು' ಬ್ಲಾಕ್ ನಲ್ಲಿ ಒಂದಕ್ಕಿಂತ ಹೆಚ್ಚು ಬ್ಲಾಕ್ ಗಳನ್ನು ಹೊಂದಿಸಬಹುದು.",
	"Maze.helpSkins": "ಈ ಪಟ್ಟಿಯಿಂದ ನಿಮ್ಮ ನೆಚ್ಚಿನ ಆಟಗಾರನನ್ನು ಆರಿಸಿ.",
	"Maze.helpIf": "ಪರಿಸ್ಥಿತಿ ನಿಜವಾಗಿದ್ದರೆ ಮಾತ್ರ 'ಆಗಿದ್ದರೆ' ಬ್ಲಾಕ್ ಏನಾದರು ಕೆಲಸ ಮಾಡುತ್ತದೆ. ಎಡಕ್ಕೆ ದಾರಿ ಇದ್ದರೆ ಎಡಕ್ಕೆ ತಿರುಗಲು ಪ್ರಯತ್ನಿಸಿ.",
	"Maze.helpMenu": "'ಆಗಿದ್ದರೆ' ಬ್ಲಾಕ್ ನ ನಿಯಮವನ್ನು ಬದಲಾಯಿಸಲು %1 ಮೇಲೆ ಕ್ಲಿಕ್ ಮಾಡಿ.",
	"Maze.helpWallFollow": "ಈ ಕಷ್ಟಕರವಾದ ಮಾರ್ಗ ಜಾಲದ ಸಮಸ್ಯೆಯನ್ನು ನೀವು ಪರಿಹರಿಸಬಹುದೇ? ಎಡಗೈ ಗೋಡೆ ಯನ್ನು ಅನುಸರಿಸಲು ಪ್ರಯತ್ನಿಸಿ. ನುರಿತ ಪ್ರೋಗ್ರಾಮರ್ಸ್ ಗಳಿಗೆ ಮಾತ್ರ!",
	"Bird.noWorm": "ಹುಳುವನ್ನು ಪಡೆದಿಲ್ಲ",
	"Bird.heading": "ಚಲಿಸುವ ಕೋನ",
	"Bird.noWormTooltip": "ಪಕ್ಷಿ ಹುಳುವನ್ನು ಪಡೆದಿರದ ಸ್ಥಿತಿ.",
	"Bird.headingTooltip": "ಕೊಟ್ಟಿರುವ ಕೋನದ ದಿಕ್ಕಿನಲ್ಲಿ ಚಲಿಸು: 0 ಬಲಬಾಗಕ್ಕೆ ಚಲಿಸಲು, 90 ನೆರವಾಗಲಿ ಮೇಲೆ ಚಲಿಸಲು, ಇತ್ಯಾದಿ.",
	"Bird.positionTooltip": "x ಮತ್ತು y ಪಕ್ಷಿಯ ಸ್ತಾನವನ್ನು ಗುರುತಿಸುತ್ತದೆ. ಯಾವಾಗ x=0 ಇರುತ್ತದೋ ಪಕ್ಷಿ ಬಲಬಾಗದ ತುದಿಯಲ್ಲಿ ಇರುತ್ತದೆ,  x=100 ಇದ್ದಾಗ ಪಕ್ಷಿ ಬಲಬಾಗದ ತುದಿಯಲ್ಲಿ ಇರುತ್ತದೆ. y=0 ಇದ್ದಾಗ, ಪಕ್ಷಿ ಸಂಪೂರ್ಣ ಕೆಳಭಾಗದಲ್ಲಿ ಇರುತ್ತದೆ,  y=100 ಇದ್ದಾಗ, ಪಕ್ಷಿ ಸಂಪೂರ್ಣ ಮೇಲ್ಬಾಗದಲ್ಲಿ ಇರುತ್ತದೆ.",
	"Bird.helpHeading": "'ಚಲಿಸುವ ಕೋನ' ವನ್ನು ಬದಲಾಯಿಸುವುದರ ಮೂಲಕ ಪಕ್ಷಿಯು ಹುಳುವನ್ನು ಹಿಡಿದು ತನ್ನ ಗೂಡಿಗೆ ಸೇರುವಂತೆ ಮಾಡಿ.",
	"Bird.helpHasWorm": "ನಿಮ್ಮ ಬಳಿ ಹುಳು ಇದ್ದರೆ ಈ ಬ್ಲಾಕ್ ಅನ್ನು ಉಪಯೋಗಿಸಿಕೊಂಡು ಒಂದು ದಿಕ್ಕಿಗೆ ಚಲಿಸಿ, ಅಥವಾ ನಿಮ್ಮ ಬಳಿ ಹುಳು ಇಲ್ಲದಿದ್ದರೆ ಬೇರೆ ದಿಕ್ಕಿನಲ್ಲಿ ಚಲಿಸಿ.",
	"Bird.helpX": "'x' ನಿಮ್ಮ ಸಮತಲ ಸ್ಥಾನವಾಗಿದೆ. ಈ ಬ್ಲಾಕ್ ಅನ್ನು ಉಪಯೋಗಿಸಿಕೊಂಡು, 'x' ಒಂದು ಸಂಖ್ಯೆಗಿಂತ ಕಡಿಮೆ ಇದ್ದರೆ ಒಂದು ದಿಕ್ಕಿನಲ್ಲಿ ಚಲಿಸಿ, ಅಥವಾ ಬೇರೆ ದಿಕ್ಕಿನಲ್ಲಿ ಚಲಿಸಿ.",
	"Bird.helpElse": "'ಆಗಿದ್ದರೆ' ಬ್ಲಾಕ್ ಅನ್ನು ಬದಲಾಯಿಸಲು ಅದರ ಮೇಲೆ ಇರುವ ಚಿನ್ಹೆ ಯನ್ನು ಕ್ಲಿಕ್ ಮಾಡಿರಿ.",
	"Bird.helpElseIf": "ಈ ಹಂತಕ್ಕೆ 'ಆಗಿರದಿದ್ದರೆ ಆಗಿದ್ದರೆ' ಮತ್ತು 'ಆಗಿರದಿದ್ದರೆ' ಎರಡು ಬ್ಲಾಕ್ ಗಳ ಅವಶ್ಯಕತೆ ಇರುತ್ತದೆ.",
	"Bird.helpAnd": "'ಮತ್ತು' ಬ್ಲಾಕ್ ನಿಜವಾಗಿರಬೇಕಾದರೆ ಅದರ ಎರಡು ಒಳಾಂಶಗಳು ನಿಜವಾಗಿರಬೇಕಾಗುತ್ತದೆ.",
	"Bird.helpMutator": "'ಆಗಿರದಿದ್ದರೆ' ಬ್ಲಾಕ್ ಅನ್ನು 'ಆಗಿದ್ದರೆ' ಬ್ಲಾಕ್ ನ ಒಳಗೆ ಎಳೆಯಿರಿ.",
	"Turtle.moveTooltip": "ಆಮೆ ಯನ್ನು ನಿರ್ಧಿಷ್ಟಪಡಿಸಿದ ಪ್ರಮಾಣದಲ್ಲಿ ಮುಂದಕ್ಕೆ ಅಥವಾ ಹಿಂದಕ್ಕೆ ಚಲಿಸುವಂತೆ ಮಾಡುತ್ತದೆ.",
	"Turtle.moveForward": "ಮುಂದಕೆ ಚಲಿಸು ಈ ಪ್ರಮಾಣದಲ್ಲಿ",
	"Turtle.moveBackward": "ಹಿಂದಕೆ ಚಲಿಸು ಈ ಪ್ರಮಾಣದಲ್ಲಿ",
	"Turtle.turnTooltip": "ಆಮೆ ಯನ್ನು ನಿರ್ಧಿಷ್ಟಪಡಿಸಿದ ಕೋನದಲ್ಲಿ ಎಡಕ್ಕೆ ಅಥವಾ ಬಲಕ್ಕೆ ತಿರುಗುವಂತೆ ಮಾಡುತ್ತದೆ.",
	"Turtle.turnRight": "ಬಲಕ್ಕೆ ತಿರುಗು ಈ ಪ್ರಮಾಣದಲ್ಲಿ",
	"Turtle.turnLeft": "ಎಡಕ್ಕೆ ತಿರುಗು ಈ ಪ್ರಮಾಣದಲ್ಲಿ",
	"Turtle.widthTooltip": "ಪೆನ್ ನ ಅಗಲವನ್ನು ಬದಲಾಯಿಸುವುದು.",
	"Turtle.setWidth": "ಅಗಲವನ್ನು ಹೊಂದಿಸಿ",
	"Turtle.colourTooltip": "ಪೆನ್ ನ ಬಣ್ಣವನ್ನು ಬದಲಾಯಿಸುವುದು.",
	"Turtle.setColour": "ಬಣ್ಣವನ್ನು ಹೊಂದಿಸಿ",
	"Turtle.penTooltip": "ಚಿತ್ರ ಬಿಡಿಸುವದನ್ನು ನಿಲ್ಲಿಸಲು ಅಥವಾ ಪ್ರಾರಂಭಿಸಲು ಪೆನ್ ಅನ್ನು ಎತ್ತುತ್ತದೆ ಅಥವಾ ಇಳಿಸುತ್ತದೆ.",
	"Turtle.penUp": "ಪೆನ್ ಮೇಲೆ",
	"Turtle.penDown": "ಪೆನ್ ಕೆಳಗೆ",
	"Turtle.turtleVisibilityTooltip": "ಆಮೆಯನ್ನು (ವೃತ್ತ ಮತ್ತು ಬಾಣ) ಕಾಣಿಸುವ ಅಥವಾ ಕಾಣಿಸದ ಹಾಗೆ ಮಾಡುತ್ತದೆ.",
	"Turtle.hideTurtle": "ಆಮೆ ಮರೆಯಾಗಿಸಿ",
	"Turtle.showTurtle": "ಆಮೆ ಕಾಣಿಸಿ",
	"Turtle.printHelpUrl": "https://en.wikipedia.org/wiki/Printing",
	"Turtle.printTooltip": "ಆಮೆಯ ದಿಕ್ಕಿನಲ್ಲಿ ಬರಹ ಮೂಡುವಂತೆ ಮಾಡುತ್ತದೆ.",
	"Turtle.print": "ಬರೆ",
	"Turtle.fontHelpUrl": "https://en.wikipedia.org/wiki/Font",
	"Turtle.fontTooltip": "'ಬರೆ' ಬ್ಲಾಕ್ ಗೆ ಅಕ್ಷರ ವಿನ್ಯಾಸವನ್ನು ಕೊಡುತ್ತದೆ.",
	"Turtle.font": "ಅಕ್ಷರ ವಿನ್ಯಾಸ",
	"Turtle.fontSize": "ಅಕ್ಷರ ವಿನ್ಯಾಸ ಗಾತ್ರ",
	"Turtle.fontNormal": "ಸಹಜ",
	"Turtle.fontBold": "ದಪ್ಪ",
	"Turtle.fontItalic": "ಇಟಾಲಿಕ್",
	"Turtle.submitDisabled": "ನಿಮ್ಮ ಪ್ರೋಗ್ರಾಮ್ ನಿಲ್ಲುವವರೆಗೆ ರನ್ ಮಾಡಿ. ನಂತರ ನೀವು ನಿಮ್ಮ ರೇಖಾಚಿತ್ರವನ್ನು ಗ್ಯಾಲರಿಗೆ ಸಲ್ಲಿಸಬಹುದು.",
	"Turtle.galleryTooltip": "ರೇಖಾಚಿತ್ರಗಳ ಗ್ಯಾಲರಿ ತೆರೆಯಿರಿ.",
	"Turtle.galleryMsg": "ಗ್ಯಾಲರಿ ನೋಡು",
	"Turtle.submitTooltip": "ಗ್ಯಾಲರಿಗೆ ನಿಮ್ಮ ರೇಖಾಚಿತ್ರವನ್ನು ಸಲ್ಲಿಸಿ.",
	"Turtle.submitMsg": "ಗ್ಯಾಲರಿಗೆ ಸಲ್ಲಿಸು",
	"Turtle.helpUseLoop": "ನಿಮ್ಮ ಪರಿಹಾರ ಕೆಲಸಮಾಡುತ್ತದೆ, ಆದರೆ ನೀವು ಇನ್ನೂ ಉತ್ತಮವಾಗಿ ಮಾಡಬಹುದು.",
	"Turtle.helpUseLoop3": "ಆಕಾರವನ್ನು ಕೇವಲ ಮೂರು ಬ್ಲಾಕ್ಗಳೊಂದಿಗೆ ಬರೆಯಿರಿ.",
	"Turtle.helpUseLoop4": "ಕೇವಲ ನಾಲ್ಕು ಬ್ಲಾಕ್ಗಳೊಂದಿಗೆ ನಕ್ಷತ್ರವನ್ನು ರಚಿಸಿ.",
	"Turtle.helpText1": "ಒಂದು ಚೌಕವನ್ನು ಬಿಡಿಸುವ ಪ್ರೋಗ್ರಾಂ ಅನ್ನು ರಚಿಸಿ.",
	"Turtle.helpText2": "ಚೌಕದ ಬದಲಾಗಿ ಪಂಚಭುಜಾಕ್ರತಿ ಬಿಡಿಸಲು  ನಿಮ್ಮ ಪ್ರೋಗ್ರಾಂ ಅನ್ನು ಬದಲಾಯಿಸಿ.",
	"Turtle.helpText3a": "ಬಣ್ಣವನ್ನು ಬದಲಾಯಿಸಲು ನಿಮಗೆ ಸಹಾಯಮಾಡುವ  ಹೊಸ ಬ್ಲಾಕ್ ಇದೆ:",
	"Turtle.helpText3b": "ಹಳದಿ ನಕ್ಷತ್ರವನ್ನು ರಚಿಸಿ.",
	"Turtle.helpText4a": "ನೀವು ಚಲಿಸಿದಾಗ ನಿಮ್ಮ ಪೆನ್ ಅನ್ನು ಕಾಗದದಿಂದ ಎತ್ತುವಂತೆ ಸಹಾಯಮಾಡುವ ಹೊಸ ಬ್ಲಾಕ್ ಇದೆ:",
	"Turtle.helpText4b": "ಸಣ್ಣ ಹಳದಿ ನಕ್ಷತ್ರವನ್ನು ಬರೆಯಿರಿ, ನಂತರ ಅದರ ಮೇಲೆ ಒಂದು ರೇಖೆಯನ್ನು ಎಳೆಯಿರಿ.",
	"Turtle.helpText5": "ಒಂದು ನಕ್ಷತ್ರದ ಬದಲಾಗಿ, ಚೌಕದಲ್ಲಿ ನೀವು ನಾಲ್ಕು ನಕ್ಷತ್ರಗಳನ್ನು ಜೋಡಿಸಬಹುದೇ?",
	"Turtle.helpText6": "ಮೂರು ಹಳದಿ ನಕ್ಷತ್ರಗಳು ಮತ್ತು ಒಂದು ಬಿಳಿ ರೇಖೆಯನ್ನು ರಚಿಸಿ.",
	"Turtle.helpText7": "ನಕ್ಷತ್ರಗಳನ್ನು ಬಿಡಿಸಿರಿ, ನಂತರ ನಾಲ್ಕು ಬಿಳಿ ರೇಖೆಗಳನ್ನು ಎಳೆಯಿರಿ.",
	"Turtle.helpText8": "360 ಬಿಳಿ ರೇಖೆಗಳನ್ನುಎಳೆದರೆ ಚಿತ್ರವು ಹುಣ್ಣಿಮೆಯ ಚಂದ್ರನಂತೆ ಕಾಣುತ್ತದೆ.",
	"Turtle.helpText9": "ನೀವು ಕಪ್ಪು ವೃತ್ತವನ್ನು ಸೇರಿಸಬಹುದೇ? ಇದರಿಂದಾಗಿ ಚಂದ್ರನು ಅರ್ಧಚಂದ್ರಾಕಾರವಾಗಿ ಕಾಣುತ್ತದೆ.",
	"Turtle.helpText10": "ನಿಮಗೆ ಬೇಕಾದ್ದನ್ನು ಬಿಡಿಸಿರಿ. ನಿಮಗೆ ಅನ್ವೇಷಿಸಲು ಹೊಸ ಬ್ಲಾಕ್ ಗಳ ದೊಡ್ಡ ಸಂಖ್ಯೆಯೇ ಇದೆ. ಆನಂದಿಸಿ!",
	"Turtle.helpText10Reddit": "ಇತರ ಜನರು ಬಿಡಿಸಿದನ್ನು ನೋಡಲು 'ಗ್ಯಾಲರಿ ನೋಡು' ಬಟನ್ ಅನ್ನು ಉಪಯೋಗಿಸಿ. ನೀವು ಆಸಕ್ತಿದಾಯಕವಾದಂತಹ ಚಿತ್ರವನ್ನು ಬಿಡಿಸಿದ್ದರೆ ಅದನ್ನು ಪ್ರಕಟಿಸಲು 'ಗ್ಯಾಲರಿಗೆ ಸಲ್ಲಿಸು' ಬಟನ್ ಅನ್ನು ಉಪಯೋಗಿಸಿ.",
	"Turtle.helpToolbox": "ಬ್ಲಾಕ್ಗಳನ್ನು ನೋಡಲು ವರ್ಗವನ್ನು ಆರಿಸಿ.",
	"Movie.x": "x",
	"Movie.y": "y",
	"Movie.x1": "ಪ್ರಾರಂಭದ x",
	"Movie.y1": "ಪ್ರಾರಂಭದ y",
	"Movie.x2": "ಕೊನೆಯ x",
	"Movie.y2": "ಕೊನೆಯ y",
	"Movie.radius": "ತ್ರಿಜ್ಯ",
	"Movie.width": "ಅಗಲ",
	"Movie.height": "ಎತ್ತರ",
	"Movie.circleTooltip": "ನಿರ್ದಿಷ್ಟಪಡಿಸಿದ ಸ್ಥಳದಲ್ಲಿ ಮತ್ತು ನಿರ್ದಿಷ್ಟಪಡಿಸಿದ ತ್ರಿಜ್ಯದೊಂದಿಗೆ ವೃತ್ತವನ್ನು ಬಿಡಿಸುತ್ತದೆ.",
	"Movie.circleDraw": "ವೃತ್ತ",
	"Movie.rectTooltip": "ನಿರ್ದಿಷ್ಟಪಡಿಸಿದ ಸ್ಥಳದಲ್ಲಿ ಮತ್ತು ನಿರ್ದಿಷ್ಟಪಡಿಸಿದ ಅಗಲ ಮತ್ತು ಎತ್ತರದೊಂದಿಗೆ ಆಯತವನ್ನು ಬಿಡಿಸುತ್ತದೆ.",
	"Movie.rectDraw": "ಆಯತ",
	"Movie.lineTooltip": "ನಿಗದಿತ ಅಗಲದೊಂದಿಗೆ ಒಂದು ಬಿಂದುವಿನಿಂದ ಇನ್ನೊಂದಕ್ಕೆ ರೇಖೆಯನ್ನು ಎಳೆಯುತ್ತದೆ.",
	"Movie.lineDraw": "ರೇಖೆ",
	"Movie.timeTooltip": "ಅನಿಮೇಷನ್‌ನಲ್ಲಿ ಪ್ರಸ್ತುತ ಸಮಯವನ್ನು ಹಿಂತಿರುಗಿಸುತ್ತದೆ(0-100).",
	"Movie.colourTooltip": "ಪೆನ್ ನ ಬಣ್ಣವನ್ನು ಬದಲಾಯಿಸುತ್ತದೆ.",
	"Movie.setColour": "ಬಣ್ಣ ಹೊಂದಿಸು",
	"Movie.submitDisabled": "ನಿಮ್ಮ ಚಲನಚಿತ್ರವು ಚಲಿಸುವುದಿಲ್ಲ. ಆಸಕ್ತಿದಾಯಕವಾದದ್ದನ್ನು ಮಾಡಲು ಬ್ಲಾಕ್ಗಳನ್ನು ಬಳಸಿ. ನಂತರ ನೀವು ನಿಮ್ಮ ಚಲನಚಿತ್ರವನ್ನು ಗ್ಯಾಲರಿಗೆ ಸಲ್ಲಿಸಬಹುದು.",
	"Movie.galleryTooltip": "ಚಲನಚಿತ್ರಗಳ ಗ್ಯಾಲರಿ ತೆರೆಯಿರಿ.",
	"Movie.galleryMsg": "ಗ್ಯಾಲರಿ ನೋಡು",
	"Movie.submitTooltip": "ನಿಮ್ಮ ಚಲನಚಿತ್ರವನ್ನು ಗ್ಯಾಲರಿಗೆ ಸಲ್ಲಿಸಿ.",
	"Movie.submitMsg": "ಗ್ಯಾಲರಿಗೆ ಸಲ್ಲಿಸು",
	"Movie.helpLayer": "ಹಿನ್ನೆಲೆಯ ವ್ರತ್ತವನ್ನು ನಿಮ್ಮ ಪ್ರೋಗ್ರಾಂನ ಮೇಲ್ಭಾಗಕ್ಕೆ ಸರಿಸಿ. ಆಗ ಅದು ವ್ಯಕ್ತಿಯ ಹಿಂದೆ ಕಾಣಿಸುತ್ತದೆ.",
	"Movie.helpText1": "ಈ ವ್ಯಕ್ತಿಯ ಚಿತ್ರವನ್ನು ಬಿಡಿಸಲು ಸರಳ ಆಕಾರಗಳನ್ನು ಬಳಸಿ.",
	"Movie.helpText2a": "ಈ ಹಂತವು ಒಂದು ಚಲನಚಿತ್ರವಾಗಿದೆ. ವ್ಯಕ್ತಿಯ ತೋಳು ಪರದೆಯಾದ್ಯಂತ ಚಲಿಸಬೇಕೆಂದು ನೀವು ಬಯಸುತ್ತೀರಿ. ಮುನ್ನೋಟವನ್ನು ನೋಡಲು ಪ್ಲೇ ಬಟನ್ ಒತ್ತಿರಿ.",
	"Movie.helpText2b": "ಚಲನಚಿತ್ರವು ಆಡುತ್ತಿದ್ದಂತೆ, 'ಸಮಯ' ಬ್ಲಾಕ್‌ನ ಮೌಲ್ಯವು 0 ರಿಂದ 100 ರವರೆಗೆ ಎಣಿಸುತ್ತದೆ. ತೋಳಿನ 'y' ಸ್ಥಾನವು 0 ರಿಂದ ಪ್ರಾರಂಭವಾಗಬೇಕು ಮತ್ತು 100 ಕ್ಕೆ ಹೋಗಬೇಕು ಎಂದು ನೀವು ಬಯಸಿದ್ದರಿಂದ ಇದು ಸುಲಭವಾಗಬೇಕು.",
	"Movie.helpText3": "'ಸಮಯ' ಬ್ಲಾಕ್ 0 ರಿಂದ 100 ರವರೆಗೆ ಎಣಿಸುತ್ತದೆ. ಆದರೆ ಈಗ ನೀವು ಇನ್ನೊಂದು ತೋಳಿನ 'y' ಸ್ಥಾನವು 100 ರಿಂದ ಪ್ರಾರಂಭವಾಗಿ 0 ಕ್ಕೆ ಹೋಗಬೇಕೆಂದು ಬಯಸುತ್ತೀರಿ. ದಿಕ್ಕನ್ನು ತಿರುಗಿಸುವ ಸರಳ ಗಣಿತದ ಸೂತ್ರವನ್ನು ನೀವು ಕಂಡುಹಿಡಿಯಬಹುದೇ?",
	"Movie.helpText4": "ಕಾಲುಗಳನ್ನು ಅಡ್ಡ ಹಾಯಿಸಲು ಹಿಂದಿನ ಹಂತದಲ್ಲಿ ನೀವು ಕಲಿತದ್ದನ್ನು ಬಳಸಿ.",
	"Movie.helpText5": "ತೋಳಿನ ಗಣಿತದ ಸೂತ್ರವು ಸಂಕೀರ್ಣವಾಗಿದೆ. ಉತ್ತರ ಇಲ್ಲಿದೆ:",
	"Movie.helpText6": "ವ್ಯಕ್ತಿಗೆ ಒಂದೆರಡು ಕೈಗಳನ್ನು ನೀಡಿ.",
	"Movie.helpText7": "ಚಲನಚಿತ್ರದ ಮೊದಲಾರ್ಧದಲ್ಲಿ ಸಣ್ಣ ತಲೆ ಬಿಡಿಸಲು 'ಆಗಿದ್ದರೆ' ಬ್ಲಾಕ್ ಬಳಸಿ. ನಂತರ ಚಲನಚಿತ್ರದ ದ್ವಿತೀಯಾರ್ಧಕ್ಕೆ ದೊಡ್ಡ ತಲೆ ಬಿಡಿಸಿರಿ.",
	"Movie.helpText8": "ಚಲನಚಿತ್ರದ ಮಧ್ಯದಲ್ಲಿ ಕಾಲುಗಳನ್ನು ಹಿಮ್ಮುಖ ದಿಕ್ಕಿನಲ್ಲಿ ಮಾಡಿ.",
	"Movie.helpText9": "ವ್ಯಕ್ತಿಯ ಹಿಂದೆ ವಿಸ್ತರಿಸುವ ವ್ರತ್ತವನ್ನು ಬಿಡಿಸಿರಿ.",
	"Movie.helpText10": "ನಿಮಗೆ ಬೇಕಾದುದನ್ನು ಚಲನಚಿತ್ರ ಮಾಡಿ. ನೀವು ಅನ್ವೇಷಿಸಬಹುದಾದ ಹೊಸ ಸಂಖ್ಯೆಯ ಹೊಸ ಬ್ಲಾಕ್‌ಗಳನ್ನು ನೀವು ಪಡೆದುಕೊಂಡಿದ್ದೀರಿ. ಆನಂದಿಸಿ!",
	"Movie.helpText10Reddit": "ಇತರ ಜನರು ಮಾಡಿದ ಚಲನಚಿತ್ರಗಳನ್ನು ನೋಡಲು 'ಗ್ಯಾಲರಿ ನೋಡು' ಬಟನ್ ಬಳಸಿ. ನೀವು ಆಸಕ್ತಿದಾಯಕ ಚಲನಚಿತ್ರವನ್ನು ಮಾಡಿದರೆ, ಅದನ್ನು ಪ್ರಕಟಿಸಲು 'ಗ್ಯಾಲರಿಗೆ ಸಲ್ಲಿಸು' ಬಟನ್ ಬಳಸಿ.",
	"Music.restTooltip": "ನಿಗದಿತ ಅವಧಿಯವರೆಗೆ ಕಾಯುತ್ತದೆ.",
	"Music.firstPart": "ಮೊದಲ ಭಾಗ",
	"Music.trumpet": "ತುತ್ತೂರಿ",
	"Music.banjo": "ಕೈ ವೀಣೆ",
	"Music.violin": "ಪಿಟೀಲು",
	"Music.guitar": "ಗಿಟಾರ್",
	"Music.flute": "ಕೊಳಲು",
	"Music.drum": "ಡ್ರಮ್",
	"Music.choir": "ಗಾಯಕ",
	"Music.submitDisabled": "ನಿಮ್ಮ ಪ್ರೋಗ್ರಾಂ ನಿಲ್ಲುವವರೆಗೂ ಅದನ್ನು ಚಲಾಯಿಸಿ. ನಂತರ ನೀವು ನಿಮ್ಮ ಸಂಗೀತವನ್ನು ಗ್ಯಾಲರಿಗೆ ಸಲ್ಲಿಸಬಹುದು.",
	"Music.galleryTooltip": "ಸಂಗೀತದ ಗ್ಯಾಲರಿ ತೆರೆಯಿರಿ.",
	"Music.galleryMsg": "ಗ್ಯಾಲರಿ ನೋಡು",
	"Music.submitTooltip": "ನಿಮ್ಮ ಸಂಗೀತವನ್ನು ಗ್ಯಾಲರಿಗೆ ಸಲ್ಲಿಸಿ.",
	"Music.submitMsg": "ಗ್ಯಾಲರಿಗೆ ಸಲ್ಲಿಸು",
	"Music.helpUseFunctions": "ನಿಮ್ಮ ಪರಿಹಾರವು ಕಾರ್ಯನಿರ್ವಹಿಸುತ್ತದೆ, ಆದರೆ ನೀವು ಉತ್ತಮವಾಗಿ ಮಾಡಬಹುದು. ಪುನರಾವರ್ತಿತ ಕೋಡ್ ಪ್ರಮಾಣವನ್ನು ಕಡಿಮೆ ಮಾಡಲು ಕಾರ್ಯಗಳನ್ನು ಬಳಸಿ.",
	"Music.helpUseInstruments": "ಪ್ರತಿ ಸ್ಟಾರ್ಟ್ ಬ್ಲಾಕ್‌ನಲ್ಲಿ ನೀವು ಬೇರೆ ವಾದ್ಯವನ್ನು ಬಳಸಿದರೆ ಸಂಗೀತವು ಉತ್ತಮವಾಗಿ ಧ್ವನಿಸುತ್ತದೆ.",
	"Music.helpText2a": "'ಕಾರ್ಯ' ನಿಮಗೆ ಬ್ಲಾಕ್ಗಳನ್ನು ಒಟ್ಟಿಗೆ ಗುಂಪು ಮಾಡಲು ಅನುಮತಿಸುತ್ತದೆ, ನಂತರ ಅವುಗಳನ್ನು ಒಂದಕ್ಕಿಂತ ಹೆಚ್ಚು ಬಾರಿ ಚಲಾಯಿಸಬಹುದು.",
	"Music.helpText6b": "ಪಿಟೀಲಿನ ಮೂಲಕ ನಿಮ್ಮ ರಾಗವನ್ನು ನುಡಿಸಿ.",
	"Music.helpText7a": "ಈ ಹೊಸ ಬ್ಲಾಕ್ ಮೌನ ವಿಳಂಬವನ್ನು ಸೇರಿಸುತ್ತದೆ.",
	"Pond.rabbitName": "ಮೊಲ"
}
