{
	"@metadata": [],
	"Games.dialogOk": "OK",
	"Games.puzzle": "Баш катырма.",
	"Puzzle.legsChoose": "тандаңыз...",
	"Puzzle.error0": "Мыкты!\nБардык блоктор %1 туура жайгашкан.",
	"Puzzle.error1": "Аз калды!\nБир блок гана туура эмес жайгашкан.",
	"Puzzle.error2": "Бир нече блок (%1) туура эмес жайгашкан.",
	"Puzzle.tryAgain": "Белгиленген блок туура эмес жайгашкан.\nДагы аракет кылыңыз.",
	"Games.help": "Жардам",
	"Puzzle.checkAnswers": "Жоопторду текшерүү"
}