{
	"@metadata": {
		"authors": [
			"Robby",
			"Les Meloures"
		]
	},
	"Games.name": "Blockly-Spiller",
	"Games.puzzle": "Puzzle",
	"Games.maze": "Labyrinth",
	"Games.bird": "Vull",
	"Games.turtle": "Deckelsmouk",
	"Games.movie": "Film",
	"Games.genetics": "Genetik",
	"Games.nextLevel": "Sidd Dir prett fir den Niveau %1?",
	"Games.finalLevel": "Sidd Dir prett fir déi nächst Erausfuerderung?",
	"Games.submitTitle": "Titel:",
	"Games.linkTooltip": "Späicheren a mat de Bléck verlinken",
	"Games.runTooltip": "De Programm starten deen Dir geschriwwen hutt.",
	"Games.runProgram": "Programm ausféieren",
	"Games.resetTooltip": "De Programm stoppen an den Niveau zrécksetzen.",
	"Games.resetProgram": "Zrécksetzen",
	"Games.help": "Hëllef",
	"Games.dialogOk": "OK",
	"Games.dialogCancel": "Ofbriechen",
	"Games.catLogic": "Logik",
	"Games.catLoops": "Schleefen",
	"Games.catMath": "Mathematik",
	"Games.catText": "Text",
	"Games.catLists": "Lëschten",
	"Games.catColour": "Faarf",
	"Games.catVariables": "Variabelen",
	"Games.catProcedures": "Funktiounen",
	"Games.httpRequestError": "Et gouf e Problem mat der Ufro.",
	"Games.hashError": "Leider entsprécht '%1' kengem vun de gespäicherte Programmer.",
	"Games.xmlError": "Äre gespäicherte Fichier konnt net geluede ginn. Vläicht hutt Dir e mat enger anerer Versioun vu Blockly gemaach?",
	"Games.listVariable": "Lëscht",
	"Games.textVariable": "Text",
	"Games.blocks": "Bléck",
	"Games.congratulations": "Gratulatioun!",
	"Index.clear": "All Är Léisunge läschen?",
	"Index.moreInfo": "Méi Informatiounen ...",
	"Index.startOver": "Wëllt Dir vu vir ufänken?",
	"Puzzle.animal1": "Int",
	"Puzzle.animal2": "Kaz",
	"Puzzle.animal2Trait2": "Pelz",
	"Puzzle.animal3": "Bei",
	"Puzzle.animal3Trait1": "Hunneg",
	"Puzzle.animal4": "Schleek",
	"Puzzle.picture": "Bild:",
	"Puzzle.legs": "Been:",
	"Puzzle.legsChoose": "eraussichen...",
	"Puzzle.error0": "Perfekt!\nAll %1 Bléck si korrekt.",
	"Puzzle.error1": "Bal! Just ee Block ass net richteg.",
	"Puzzle.error2": "%1 Bléck si falsch.",
	"Puzzle.tryAgain": "De markéierte Block ass net richteg.\nProbéiert nach eng Kéier.",
	"Puzzle.checkAnswers": "Äntwerten nokucken",
	"Puzzle.helpText": "Fir all Déier (gréng), setzt säi Bild derbäi, sicht seng Zuel vu Been eraus a maacht e Koup mat sengen Eegenschaften.",
	"Maze.moveForward": "virugoen",
	"Maze.turnLeft": "no lénks ofbéien",
	"Maze.turnRight": "no riets ofbéien",
	"Maze.doCode": "maachen",
	"Maze.elseCode": "soss",
	"Maze.repeatUntil": "widderhuele bis",
	"Maze.moveForwardTooltip": "Setzt de Spiller ee Feld no vir.",
	"Maze.capacity0": "Dir hutt nach %0 Bléck.",
	"Maze.capacity1": "Dir hutt nach %1 Block.",
	"Maze.capacity2": "Dir hutt nach %2 Bléck.",
	"Maze.helpRun": "Start Äre Programm fir ze kucke wat geschitt.",
	"Bird.noWorm": "huet kee Wuerm",
	"Bird.heading": "Iwwerschrëft",
	"Turtle.turnLeft": "no lenks dréinen ëm",
	"Turtle.colourTooltip": "Ännert d'Faarf vum Stëft.",
	"Turtle.setColour": "d'Faarf änneren op",
	"Turtle.hideTurtle": "Deckelsmouk verstoppen",
	"Turtle.showTurtle": "Deckelsmouk weisen",
	"Turtle.print": "drécken",
	"Turtle.font": "Schrëftaart",
	"Turtle.fontNormal": "normal",
	"Turtle.fontBold": "fett",
	"Turtle.fontItalic": "Kursiv",
	"Turtle.galleryMsg": "Galerie kucken",
	"Movie.x": "x",
	"Movie.y": "y",
	"Movie.radius": "Radius",
	"Movie.width": "Breet",
	"Movie.height": "Héicht",
	"Movie.circleDraw": "Krees",
	"Movie.rectDraw": "Rechteck",
	"Movie.lineDraw": "Linn",
	"Movie.galleryMsg": "Galerie kucken",
	"Pond.swimTooltip": "No vir schwammen. Gitt eng Richtung un (0-360).",
	"Pond.stopTooltip": "Ophale mat Schwammen. De Spiller gëtt méi lues bis e stoppt.",
	"Pond.documentation": "Dokumentatioun",
	"Pond.playerName": "Spiller",
	"Pond.targetName": "Zil",
	"Pond.rabbitName": "Kanéngchen",
	"Pond.counterName": "Compteur",
	"Gallery": "Galerie"
}
