{
	"@metadata": {
		"authors": [
			"Mogoeilor",
			"Lorestani"
		]
	},
	"Games.puzzle": "چؽنٱ چؽنٱ",
	"Games.maze": "پلاق بیئن",
	"Games.bird": "بالنٱ",
	"Games.turtle": "کۉسٱل",
	"Games.movie": "فیلٛم",
	"Games.linkTooltip": "بٱخشؽانٱ زٱخیرٱ ۉ هوم پاٛڤٱن بٱکؽت",
	"Games.runProgram": "برنامٱ ناْ اْجرا بٱکؽت",
	"Games.resetProgram": "د نۊ شرۊ كردن",
	"Games.help": "رٱ دؽاری",
	"Games.dialogOk": "خۊئٱ",
	"Games.dialogCancel": "رٱد كردن",
	"Games.catLogic": "عٱقلمٱنی",
	"Games.catLoops": "هٱلقٱیا",
	"Games.catMath": "هساو کتاو",
	"Games.catText": "مٱتن",
	"Games.catLists": "نومگٱیا",
	"Games.catColour": "رٱنڳ",
	"Games.catVariables": "آلشتؽا",
	"Games.catProcedures": "رویٱیا",
	"Games.httpRequestError": "یاٛ موشگل ڤا دٱرهاست هؽ",
	"Games.linkAlert": "بٱخشؽاتون ڤا اؽ هوم پاٛڤٱن بٱئر بٱکؽت",
	"Games.listVariable": "نومگٱ",
	"Games.textVariable": "مٱتن",
	"Index.moreInfo": "دونسمنیا بؽشتر...",
	"Index.startOver": "مؽهات د نۊ شرۊ بٱکؽت؟",
	"Index.clearData": "پاکسا کردن دونمسمنیا",
	"Puzzle.animal1": "اۏردٱک",
	"Puzzle.animal1HelpUrl": "https://en.wikipedia.org/wiki/Duck",
	"Puzzle.animal2": "گورڤٱ",
	"Puzzle.animal3": "گونج",
	"Puzzle.animal3Trait1": "عٱسٱل",
	"Puzzle.animal4": "نخو",
	"Puzzle.animal4HelpUrl": "https://en.wikipedia.org/wiki/Snail",
	"Puzzle.picture": "عٱسک:",
	"Puzzle.legs": "پایا:",
	"Puzzle.legsChoose": "اْنتخاو بٱکؽت.......",
	"Puzzle.error0": "عالٛیٱ:\nهٱ بٱخشؽا %1 دۏرسٱن.",
	"Puzzle.checkAnswers": "جوئاویاناْ ڤارسی کو",
	"Maze.moveForward": "رۉ نوئا",
	"Maze.turnLeft": "بٱلٛر ڤ چٱپ",
	"Maze.turnRight": "بٱلٛر ڤ راس",
	"Maze.doCode": "ٱنجوم باٛ",
	"Maze.elseCode": "هنی",
	"Maze.pathAhead": "ٱر تۏر د ڤٱر",
	"Maze.pathLeft": "ٱر تۏر د چٱپ",
	"Maze.pathRight": "ٱر تۏر د راس",
	"Maze.repeatUntil": "تا تکرار کو",
	"Maze.helpRun": "بٱرنامٱ توناْ ڤٱنؽت ڤا کار اۊساْ باٛینؽت چی مۊئٱ",
	"Maze.helpSkins": "دٱنڳ ڤٱن دلخاتوناْ د اؽ نوم ڤٱن اْنتخاو بٱکؽت",
	"Turtle.moveForward": "رۉ نوئا ڤا",
	"Turtle.moveBackward": "رۉ ڤادما ڤا",
	"Turtle.turnRight": "بٱلٛر ڤ راس",
	"Turtle.turnLeft": "بٱلٛر ڤ چٱپ",
	"Turtle.colourTooltip": "رٱنڳ پاٛنیس آلشت بٱکؽت",
	"Turtle.hideTurtle": "قایم کردن کۉسٱل",
	"Turtle.showTurtle": "نشوݩ داٛئن کۉسٱل",
	"Turtle.printHelpUrl": "https://en.wikipedia.org/wiki/Printing",
	"Turtle.print": "چاپ كردن",
	"Turtle.fontHelpUrl": "https://en.wikipedia.org/wiki/Font",
	"Turtle.font": "فونت",
	"Turtle.fontSize": "ٱندازٱ فونت",
	"Turtle.fontNormal": "عادی",
	"Turtle.fontBold": "مؽن پور",
	"Turtle.fontItalic": "هٱلٛ ۉ هار",
	"Turtle.galleryMsg": "عٱسکدونی ناْ ساٛلٛ بٱکؽت",
	"Turtle.submitMsg": "داٛئن ڤ عٱسکدونی",
	"Movie.height": "بلنڳی",
	"Movie.circleDraw": "گردالٛی",
	"Movie.lineDraw": "تۏر",
	"Movie.galleryMsg": "عٱسکدونی ناْ ساٛلٛ بٱکؽت",
	"Pond.sniperName": "تفٱنڳچی"
}
