{
	"@metadata": {
		"authors": [
			"Eitvys200",
			"Vilius2001",
			"Garas",
			"Jurgis",
			"Gediminas",
			"Hugo.arg",
			"Zygimantus",
			"Nuodas",
			"Fitoschido"
		]
	},
	"Games.name": "„Blockly“ žaidimai",
	"Games.puzzle": "Dėlionė",
	"Games.maze": "Labirintas",
	"Games.bird": "Paukštis",
	"Games.turtle": "Vėžlys",
	"Games.movie": "Filmas",
	"Games.music": "Muzika",
	"Games.pond": "Tvenkinys",
	"Games.genetics": "Genetika",
	"Games.linesOfCode1": "Jūs įveikėte šį lygį su 1 JavaScript kodo eilute:",
	"Games.linesOfCode2": "Jūs įveikėte šį lygį su %1 JavaScript kodo eilutėmis:",
	"Games.nextLevel": "Ar jūs pasiruošę lygiui %1?",
	"Games.finalLevel": "Ar esate pasirengęs kitam iššūkiui?",
	"Games.submitTitle": "Pavadinimas:",
	"Games.linkTooltip": "Išsaugoti (sugeneruoti URL nuorodą).",
	"Games.runTooltip": "Paleisti jūsų parašytą programą.",
	"Games.runProgram": "Paleisti programą",
	"Games.resetTooltip": "Paleisti programą ir atkurti lygį.",
	"Games.resetProgram": "Iš naujo",
	"Games.help": "Pagalba",
	"Games.dialogOk": "Gerai",
	"Games.dialogCancel": "Atšaukti",
	"Games.catLogic": "Logika",
	"Games.catLoops": "Kartojimas",
	"Games.catMath": "Matematika",
	"Games.catText": "Tekstas",
	"Games.catLists": "Sąrašai",
	"Games.catColour": "Spalva",
	"Games.catVariables": "Kintamieji",
	"Games.catProcedures": "Funkcijos",
	"Games.httpRequestError": "Iškilo problema su prašymu.",
	"Games.linkAlert": "%1",
	"Games.hashError": "Deja, '%1' neatitinka jokios išsaugotos programos.",
	"Games.xmlError": "Nesuprantu pateikto failo. Gal jis buvo sukurtas su kita Blocky versija?",
	"Games.submitted": "Ačiū už programą! Jei mūsų protingų beždžionių komandai ji patiks, mes ją publikuosime savo galerijoje per artimiausias dienas.",
	"Games.listVariable": "sąrašas",
	"Games.textVariable": "tekstas",
	"Games.breakLink": "Jei pradėsite redaguoti JavaScript nebegalėsite redaguoti blokų, sutinkate?",
	"Games.blocks": "Blokai",
	"Games.congratulations": "Sveikiname!",
	"Games.helpAbort": "Šis lygis yra itin sudėtingas. Ar norėtumėte jį praleisti ir pereiti prie kito žaidimo? Visada galite sugrįžti vėliau.",
	"Index.clear": "Ištrinti visus sprendimus?",
	"Index.subTitle": "Žaidimai rytojaus programuotojams.",
	"Index.moreInfo": "Daugiau informacijos...",
	"Index.startOver": "Norite pradėti iš naujo?",
	"Index.clearData": "Išvalyti duomenis",
	"Puzzle.animal1": "Antis",
	"Puzzle.animal1Trait1": "Plunksnos",
	"Puzzle.animal1Trait2": "Snapas",
	"Puzzle.animal1HelpUrl": "https://lt.wikipedia.org/wiki/Antis",
	"Puzzle.animal2": "Katė",
	"Puzzle.animal2Trait1": "Ūsai",
	"Puzzle.animal2Trait2": "Kailis",
	"Puzzle.animal2HelpUrl": "https://lt.wikipedia.org/wiki/Katė",
	"Puzzle.animal3": "Bitė",
	"Puzzle.animal3Trait1": "Medus",
	"Puzzle.animal3HelpUrl": "https://lt.wikipedia.org/wiki/Bitė",
	"Puzzle.animal4": "Sraigė",
	"Puzzle.animal4Trait1": "Kiautas",
	"Puzzle.animal4Trait2": "Gleivės",
	"Puzzle.animal4HelpUrl": "https://lt.wikipedia.org/wiki/Sraigė",
	"Puzzle.picture": "nuotrauka:",
	"Puzzle.legs": "kojos:",
	"Puzzle.legsChoose": "pasirinkti...",
	"Puzzle.traits": "požymiai:",
	"Puzzle.error0": "Puiku!\nVisi %1 blokai yra teisingi.",
	"Puzzle.error1": "Beveik! Vienas blokas yra neteisingas.",
	"Puzzle.error2": "%1 blokai yra neteisingi.",
	"Puzzle.tryAgain": "Paryškintas blokas yra neteisingas.\nToliau bandykite.",
	"Puzzle.checkAnswers": "Patikrinti atsakymus",
	"Puzzle.helpText": "Kiekvienam gyvūnui (žali) pridėk jo paveikslėlį, parink kojų skaičių ir padaryk jo požymių krūvelę.",
	"Maze.moveForward": "judėti į priekį",
	"Maze.turnLeft": "sukti į kairę",
	"Maze.turnRight": "sukti į dešinę",
	"Maze.doCode": "daryti",
	"Maze.elseCode": "kitas",
	"Maze.helpIfElse": "Leidžia pasirinkti vieną iš dviejų variantų",
	"Maze.pathAhead": "jei galima eiti pirmyn",
	"Maze.pathLeft": "jei yra kelias į kairę",
	"Maze.pathRight": "jei yra kelias į dešinę",
	"Maze.repeatUntil": "kartoti iki",
	"Maze.moveForwardTooltip": "Veikėjas paeis į priekį per vieną langelį",
	"Maze.turnTooltip": "Veikėjas Pasisuks į kairę/dešinę 90 laipsnių",
	"Maze.ifTooltip": "Jei yra kelias nurodytoj krypty, atlikt veiksmus.",
	"Maze.ifelseTooltip": "Jei nurodyta kryptimi yra kelias, atlik pirmosios šakos komandas. O jei ne - antrosios.",
	"Maze.whileTooltip": "Kartoti išvardintus veiksmus pagal sąlygą.",
	"Maze.capacity0": "Jums liko %0 blokų.",
	"Maze.capacity1": "Jums liko %1 blokas.",
	"Maze.capacity2": "Jums liko %2 blokai.",
	"Maze.runTooltip": "Veikėjas darys tai, kas nurodyta blokuose-komandose.",
	"Maze.resetTooltip": "Perkelti veikėją į pradinį tašką.",
	"Maze.helpStack": "Sujunkite kelis 'pirmyn' blokus kartu, kad pasiekčiau tikslą.",
	"Maze.helpOneTopBlock": "Šiame lygyje visi naudojami blokai turi būti sujungti.",
	"Maze.helpRun": "Paspauskite „Vykdyti”, ir pamatysite, ką suprogramavote :)",
	"Maze.helpReset": "Deja, nepavyko :( Patobulinkite programą ir bandykite iš naujo ;)",
	"Maze.helpRepeat": "Įveikite atstumą naudodami tik 2 blokus. Panaudokite 'kartok' bloką ;)",
	"Maze.helpCapacity": "Jūs išnaudojote leidžiamą blokų kiekį. Norėdami panaudoti dar vieną, turite pašalinti kažkurį esantį.",
	"Maze.helpRepeatMany": "'kartok' bloko viduje galima įdėti daugiau negu vieną bloką.",
	"Maze.helpSkins": "Pasirinkite savo mėgstamą žaidėją iš šio meniu.",
	"Maze.helpIf": "'jei' blokas bus vykdomas tik esant nurodytoms aplinkybėms. Pabandyk sukt į kairę, jei ten yra kelias..",
	"Maze.helpMenu": "Norėdami pakeisti \"jei\" bloko sąlygą, spustelėkite %1.",
	"Maze.helpWallFollow": "Ar pavyks įveiki šį sudėtingą labirintą. Pamėgink visada laikytis kairės sienos ;) Skirta pažengusiems programuotojamsǃ",
	"Bird.noWorm": "neturi kirmino",
	"Bird.heading": "antraštė",
	"Bird.noWormTooltip": "Sąlyga, kai paukštis neturi kirmino.",
	"Bird.headingTooltip": "Judėti duotojo kampo kryptimi: 0 į dešinę, 90 tiesiai ir t.t.",
	"Bird.positionTooltip": "x ir y žymi paukščio poziciją. Kai x = 0 paukštis yra netoli kairiojo krašto, kai x = 100 jis yra netoli dešiniojo krašto. Kai y = 0 paukštis yra apačioje, kai y = 100 jis yra viršuje.",
	"Bird.helpElse": "Paspauskite ant ikonos, kad pakeistumėte „arba“ bloką.",
	"Turtle.moveTooltip": "Perkelia vėžliuką pirmyn/atgal nurodytu atstumu (skaičiuojamu ekrano taškais).",
	"Turtle.moveForward": "pirmyn",
	"Turtle.moveBackward": "atgal",
	"Turtle.turnTooltip": "Pasuka vėžliuką kairėn/dešinėn tiek, kiek nurodyta laipsnių.",
	"Turtle.turnRight": "pasisuk dešinėn",
	"Turtle.turnLeft": "kairėn",
	"Turtle.widthTooltip": "Keičia pieštuko storį.",
	"Turtle.setWidth": "nustatyti plotį",
	"Turtle.colourTooltip": "Keičia pieštuko spalvą",
	"Turtle.setColour": "nustatyti spalvą",
	"Turtle.penTooltip": "Įjungia/išjungia piešimą. Tarsi nuleidžia/pakelia pieštuką ant/nuo lapo.",
	"Turtle.penUp": "atitrauk pieštuką nuo lapo",
	"Turtle.penDown": "priliesk pieštuką prie lapo",
	"Turtle.turtleVisibilityTooltip": "Paslėpia/parodo \"vėžliuką\"-pieštuką.",
	"Turtle.hideTurtle": "slėpti vėžlį",
	"Turtle.showTurtle": "rodyti vėžlį",
	"Turtle.printHelpUrl": "https://en.wikipedia.org/wiki/Printing",
	"Turtle.printTooltip": "Vėžliukas parašo (nupiešia) tekstą savo žiūrima kryptimi.",
	"Turtle.print": "spausdinti",
	"Turtle.fontHelpUrl": "https://en.wikipedia.org/wiki/Font",
	"Turtle.fontTooltip": "Nustato spausdinimo komandai šriftą.",
	"Turtle.font": "šriftas",
	"Turtle.fontSize": "šrifto dydis",
	"Turtle.fontNormal": "normalus",
	"Turtle.fontBold": "paryškintas",
	"Turtle.fontItalic": "pasvirasis",
	"Turtle.galleryTooltip": "Atidaryti piešinių galeriją.",
	"Turtle.galleryMsg": "Žiūrėti galeriją",
	"Turtle.submitTooltip": "Pateikti savo piešinį į galeriją.",
	"Turtle.submitMsg": "Įkelti galerijon",
	"Turtle.helpUseLoop": "Tavo sprendinys veikia, tačiau tu gali geriau.",
	"Turtle.helpUseLoop3": "Nupiešk figūrą tik iš trijų blokų.",
	"Turtle.helpUseLoop4": "Nupiešk žvaigždė tik su keturiais blokais.",
	"Turtle.helpText1": "Sukurk programą, kuri piešia kvadratą.",
	"Turtle.helpText2": "Pakeisk savo programą, kad ji piešų penkiakampį vietoje kvadrato.",
	"Turtle.helpText3a": "Yra naujas blokas, kuris leidžia jums keisti spalvą:",
	"Turtle.helpText3b": "Pieškite geltoną žvaigždę.",
	"Turtle.helpText4a": "Yra naujas blokas, kuris leidžia jums pakelti rašiklį nuo popieriaus kai judate:",
	"Turtle.helpText4b": "Nupiešk mažą geltoną žvaigždę, tada nupiešk liniją virš jos.",
	"Turtle.helpText5": "Vietoje vienos žvaigždės ar gali nupiešti keturias, kurios sudarytų kvadratą?",
	"Turtle.helpText6": "Nupiešk tris geltonas žvaigždes ir vieną liniją.",
	"Turtle.helpText7": "Nupiešk žvaigždes, tada nupiešk keturias baltas linijas.",
	"Turtle.helpText8": "Nupiešiant 360 baltų linijų jos atrodys kaip pilnatis.",
	"Turtle.helpText9": "Ar galite pridėti juodą apskritimą, kad mėnulis taptu pusmėnuliu?",
	"Turtle.helpText10": "Pieškite tai, ką norite. Turite daug naujų blokų tyrinėjimui. Pasilinksminkite!",
	"Turtle.helpToolbox": "Pasirinkite kategoriją norėdami pamatyti blokus.",
	"Movie.x": "x",
	"Movie.y": "y",
	"Movie.x1": "pradėti x",
	"Movie.y1": "pradėti y",
	"Movie.x2": "pabaiga x",
	"Movie.y2": "pabaiga y",
	"Movie.radius": "spindulys",
	"Movie.width": "plotis",
	"Movie.height": "aukštis",
	"Movie.circleTooltip": "Nupiešia apskritimą nurodytoje vietoje ir su nurodytu spinduliu.",
	"Movie.circleDraw": "apskritimas",
	"Movie.rectTooltip": "Nupiešia stačiakampį nurodytoje vietoje ir su nurodytu pločiu ir aukščiu.",
	"Movie.rectDraw": "stačiakampis",
	"Movie.lineTooltip": "Nupiešia liniją iš vieno taško į kitą su nurodytu pločiu.",
	"Movie.lineDraw": "linija",
	"Movie.colourTooltip": "Keičia pieštuko spalvą.",
	"Movie.setColour": "nustatyti spalvą į",
	"Movie.submitDisabled": "Jūsų filmas nejuda. Naudokite blokus, kad sukurtumėte kažką įdomaus. Tada galėsite siųsti savo filmą į galeriją.",
	"Movie.galleryTooltip": "Atidaryti filmų galeriją.",
	"Movie.galleryMsg": "Žiūrėti galeriją",
	"Movie.submitTooltip": "Pateikti savo filmą į galeriją.",
	"Movie.submitMsg": "Įkelti galerijon",
	"Movie.helpText1": "Naudokite paprastas formas žmogaus piešimui.",
	"Movie.helpText4": "Panaudokite tai ko išmokote praeitame lygyje, kad žali sukryžiuotumėte kojas.",
	"Movie.helpText5": "Matematinė rankos formulė yra sudėtinga. Štai atsakymas:",
	"Movie.helpText6": "Suteikti žmogui porą rankų.",
	"Movie.helpText7": "Krentančio kamuolio matematinė formulė sudėtinga. Štai atsakymas:",
	"Movie.helpText9": "Ar galite sukurti kamuolį, kuris seks laidą? Laidas jau nupieštas. Kai galėsite padaryti tai, galėsite padaryti bet ką.",
	"Movie.helpText10": "Sukurkite filmą apie bet ką. Turite prieigą prie didelio kiekio naujų blokų tyrinėjimui. Pasilinksminkite!",
	"Music.setInstrument": "Nustatyti instrumentą į %1",
	"Music.start": "kai %1 yra paspaudžiamas",
	"Music.firstPart": "pirmoji dalis",
	"Music.piano": "pianinas",
	"Music.trumpet": "trimitas",
	"Music.banjo": "bandža",
	"Music.violin": "smuikas",
	"Music.guitar": "gitara",
	"Music.flute": "fleita",
	"Music.drum": "bugnas",
	"Music.choir": "choras",
	"Music.galleryTooltip": "Atidaryti muzikos galeriją.",
	"Music.galleryMsg": "Žiūrėti Galeriją",
	"Music.submitTooltip": "Pateikti savo muziką į galeriją.",
	"Music.submitMsg": "Pateikti į Galeriją",
	"Pond.swimTooltip": "Plaukti į priekį. Nurodykite kryptį (0-360).",
	"Pond.stopTooltip": "Sustabdyti plaukimą. Žaidėjas sulėtės ir sustos.",
	"Pond.docsTooltip": "Rodyti kalbos dokumentus.",
	"Pond.documentation": "Dokumentacija",
	"Pond.playerName": "Žaidėjas",
	"Pond.targetName": "Taikinys",
	"Pond.pendulumName": "Švytuoklė",
	"Pond.scaredName": "Bailus",
	"Pond.rabbitName": "Triušis",
	"Pond.counterName": "Skaitiklis",
	"Pond.rookName": "Bokštas",
	"Pond.sniperName": "Snaiperis",
	"Gallery": "Galerija"
}
