{
	"@metadata": {
		"authors": [
			"Jagwar"
		]
	},
	"Games.linkTooltip": "Hitahiry ary hampirohy amin'ny bolongana.",
	"Games.runProgram": "Handefa ny fandaharana",
	"Games.resetProgram": "Averina",
	"Games.dialogOk": "OK",
	"Games.dialogCancel": "Aoka ihany",
	"Games.catLogic": "Lôjika",
	"Games.catLoops": "Tondro mifolaka",
	"Games.catMath": "Matematika",
	"Games.catText": "Soratra",
	"Games.catLists": "Lisitra",
	"Games.catColour": "Loko",
	"Games.catVariables": "Ova",
	"Games.catProcedures": "Paika",
	"Games.httpRequestError": "Nisy olana tamin'ilay hataka.",
	"Games.linkAlert": "Zarao amin'ity rohy ity ny bolonganao: \n\n%1",
	"Games.hashError": "Miala tsiny, tsy miady amin'ny fandaharana notehirizina '%1'.",
	"Games.xmlError": "Tsy nahasokatra ny rakitra voatahirinao. Mety namboarina tamin'ny versionan'i Blockly hafa angamba ilay izy?",
	"Games.listVariable": "lisitra",
	"Games.textVariable": "soratra",
	"Games.puzzle": "Piozila",
	"Games.maze": "Labirainty",
	"Maze.moveForward": "handroso",
	"Maze.turnLeft": "hihodina ankavia",
	"Maze.turnRight": "hihodina ankavanana",
	"Maze.doCode": "atao",
	"Maze.elseCode": "rahatsyizany",
	"Maze.helpIfElse": "Hanaoo zavatra iray na iray hafa ny bolongana Raha-rahatsyizany",
	"Maze.pathAhead": "raha lalana eo aloha",
	"Maze.pathLeft": "raha lalana miankavia",
	"Maze.pathRight": "raha lalana miankavanana",
	"Maze.repeatUntil": "avereno hatramy",
	"Maze.capacity0": "bolongana %0 sisa.",
	"Maze.capacity1": "Bolongana %1 sisa.",
	"Maze.capacity2": "Bolongana %1 sisa.",
	"Puzzle.legsChoose": "fidio...",
	"Puzzle.error0": "Tena tsara! Marina daholo ny bolongana %1.",
	"Puzzle.error1": "Saika! Bolongana iray sisa no diso.",
	"Puzzle.error2": "Bolongana %1 no diso.",
	"Puzzle.tryAgain": "Diso ilay bolongana mangirangirana.\nAndramo fanindroany.",
	"Games.help": "Fanoroana",
	"Puzzle.checkAnswers": "Hanamarina ny valiny",
	"Turtle.fontNormal": "tsotra",
	"Turtle.fontBold": "soramatevina",
	"Turtle.fontItalic": "italika"
}
