{
	"@metadata": {
		"authors": [
			"Bjankuloski06",
			"M4r51n",
			"Vlad5250"
		]
	},
	"Games.puzzle": "Сложувалка",
	"Games.maze": "Лавиринт",
	"Games.turtle": "Желка",
	"Games.music": "Музика",
	"Games.genetics": "Генетика",
	"Games.submitTitle": "Наслов:",
	"Games.linkTooltip": "Зачувај и стави врска до блокчињата.",
	"Games.runProgram": "Пушти го програмот",
	"Games.resetProgram": "Одново",
	"Games.help": "Помош",
	"Games.dialogOk": "ОК",
	"Games.dialogCancel": "Откажи",
	"Games.catLogic": "Логика",
	"Games.catLoops": "Јамки",
	"Games.catMath": "Математика",
	"Games.catText": "Текст",
	"Games.catLists": "Списоци",
	"Games.catColour": "Боја",
	"Games.catVariables": "Променливи",
	"Games.catProcedures": "Функции",
	"Games.httpRequestError": "Се појави проблем во барањето.",
	"Games.linkAlert": "Споделете ги вашите блокчиња со оваа врска:\n\n%1",
	"Games.hashError": "„%1“ не одговара на ниеден зачуван програм.",
	"Games.xmlError": "Не можев да ја вчитам зачуваната податотека. Да не сте ја создале со друга верзија на Blockly?",
	"Games.listVariable": "список",
	"Games.textVariable": "текст",
	"Games.blocks": "Блокчиња",
	"Index.moreInfo": "Повеќе информации...",
	"Index.startOver": "Дали сакате да започнете одново?",
	"Index.clearData": "Исчисти ги податоците",
	"Puzzle.legsChoose": "одберете...",
	"Puzzle.error0": "Совршено!\nСите %1 блокови се точни.",
	"Puzzle.error1": "За малку! Само еден блок е грешен.",
	"Puzzle.error2": "Има %1 грешни блокови.",
	"Puzzle.tryAgain": "Потцртаниот блок не е исправен.\nОбидувајте се и понатаму.",
	"Puzzle.checkAnswers": "Провери одговори",
	"Puzzle.helpText": "За секоја земја (зелено), прикачете го знамето, изберете кој јазик го зборува и наредете ги градовите.",
	"Maze.moveForward": "мрдни напред",
	"Maze.turnLeft": "сврти лево",
	"Maze.turnRight": "сврти десно",
	"Maze.doCode": "изведи",
	"Maze.elseCode": "инаку",
	"Maze.helpIfElse": "Блокчињата „ако-тогаш“ ќе извршат или едно нешто или друго.",
	"Maze.pathAhead": "ако има пат напред",
	"Maze.pathLeft": "ако има пат лево",
	"Maze.pathRight": "ако има пат десно",
	"Maze.repeatUntil": "повторувај сè до",
	"Maze.moveForwardTooltip": "Го мрднува играчот напред за едно место.",
	"Maze.turnTooltip": "Го свртува играчот на лево или на десно за 90 степени.",
	"Maze.ifTooltip": "Ако постои патека во зададената насока, тогаш изврши некои дејства.",
	"Maze.ifelseTooltip": "Ако постои патека во зададената насока, тогаш изврши го првиот блок дејства. Во спротивно, изврши го вториот.",
	"Maze.whileTooltip": "Повторувај ги зададените дејства додека дојдеш до целта (крајот).",
	"Maze.capacity0": "Ви преостануваат уште %0 блокчиња.",
	"Maze.capacity1": "Ви преостанува %1 блокче.",
	"Maze.capacity2": "Имате уште %2 блокчиња.",
	"Maze.runTooltip": "Му кажува на играчот да прави како што велат блокчињата.",
	"Maze.resetTooltip": "Врати го играчот на почетокот од лавиринтот.",
	"Maze.helpStack": "Наредете две блокчиња „оди напред“ за да ми помогнете да дојдам до целта.",
	"Maze.helpOneTopBlock": "На ова ниво ќе треба да ги наредите сите блокчиња во белиот работен простор.",
	"Maze.helpRun": "Пуштете го програмот и бидете што ќе се случи.",
	"Maze.helpReset": "Програмот не го реши лавиринтот. Стиснете „Одново“ за да се обидете повторно.",
	"Maze.helpRepeat": "Сметачите имаат ограничен склад. Дојдете до крајот на со помош на само два блока. Послужете се со „повтори“ за да пуштите едно блокче повеќе пати.",
	"Maze.helpCapacity": "Ги искористивте сите блокчиња за ова ниво. За да направите ново блокче, ќе треба прво да избришете некое постоечко.",
	"Maze.helpRepeatMany": "Можете да ставите повеќе од едно блокче во секое блокче „повтори“",
	"Maze.helpSkins": "Изберете го вашиот омилен играч од менито.",
	"Maze.helpIf": "Блокчето „ако“ ќе изврши нешто само ако условот е точен. На пример, свртете лево ако има патека натаму.",
	"Maze.helpMenu": "Стиснете на %1 во блокот „ако“ за да му го смените условот.",
	"Maze.helpWallFollow": "Дали можете да го решите овој сложен лавиринт? Обидете се со следниов ѕид на лево. Само за напредни програмери!",
	"Bird.heading": "заглавие",
	"Turtle.moveTooltip": "Ја мрднува желката напред или назад за зададениот износ.",
	"Turtle.moveForward": "мрдни напред за",
	"Turtle.moveBackward": "мрдни назад за",
	"Turtle.turnTooltip": "Ја свртува желката на лево или на десно за зададен број степени.",
	"Turtle.turnRight": "сврти десно за",
	"Turtle.turnLeft": "сврти лево за",
	"Turtle.widthTooltip": "Ја менува дебелината на моливот.",
	"Turtle.setWidth": "користи дебелина:",
	"Turtle.colourTooltip": "Ги менува боите на моливот.",
	"Turtle.setColour": "користи боја:",
	"Turtle.penTooltip": "Го подига и спушта моливот за да запре или почне со цртање.",
	"Turtle.penUp": "дигни молив",
	"Turtle.penDown": "спушти молив",
	"Turtle.turtleVisibilityTooltip": "Ја прикажува или скрива желката (крукче и стрелка).",
	"Turtle.hideTurtle": "скриј желка",
	"Turtle.showTurtle": "прикажи желка",
	"Turtle.printHelpUrl": "https://mk.wikipedia.org/wiki/Печатарство",
	"Turtle.printTooltip": "Црта текст во насока и местоположба на желката.",
	"Turtle.print": "испиши",
	"Turtle.fontHelpUrl": "https://mk.wikipedia.org/wiki/Фонт",
	"Turtle.fontTooltip": "Задава фонт за употреба на печатното блокче.",
	"Turtle.font": "фонт",
	"Turtle.fontSize": "Големина на фонтот",
	"Turtle.fontNormal": "нормален",
	"Turtle.fontBold": "задебелен",
	"Turtle.fontItalic": "закосен",
	"Movie.width": "ширина",
	"Movie.height": "висина",
	"Movie.circleDraw": "кружница",
	"Movie.rectDraw": "правоаголник",
	"Movie.lineDraw": "линија",
	"Movie.setColour": "задај боја",
	"Pond.documentation": "Документација",
	"Pond.playerName": "Играч",
	"Pond.targetName": "Цел",
	"Pond.counterName": "Бројач",
	"Gallery": "Галерија"
}
