{
	"@metadata": {
		"authors": [
			"V.narsikar"
		]
	},
	"Games.runProgram": "प्रोग्राम चालवा(दौडवा)",
	"Games.resetProgram": "पुनर्स्थापित करा",
	"Games.catLoops": "वेटोळ्या(लूप्स)",
	"Games.catText": "मजकूर",
	"Games.catColour": "रंग",
	"Games.catVariables": "अस्थिरके",
	"Games.listVariable": "यादी",
	"Games.textVariable": "मजकूर",
	"Games.puzzle": "कोडे",
	"Maze.moveForwardTooltip": "खेळाडूस एक पाउल पुढे करतो",
	"Maze.runTooltip": "ब्लॉक्स काय म्हणतात त्यानुसार पात्रास काम करावयास लावते.",
	"Puzzle.legsChoose": "निवडा...",
	"Puzzle.error0": "सर्व %1 ब्लॉक्स बरोबर आहेत.",
	"Puzzle.error1": "जवळपास! एक ब्लॉक चुकिचा आहे.",
	"Puzzle.error2": "%1 ब्लॉक्स चुकिचे आहेत.",
	"Games.help": "सहाय्य",
	"Puzzle.checkAnswers": "उत्तरे तपासा",
	"Turtle.moveBackward": "नी मागे चला",
	"Turtle.turnTooltip": "नमूद केलेल्या विशिष्ट कोनातून कासवास डावीकडे किंवा उजवीकडे वळविते.",
	"Turtle.turnRight": "ने उजवीकडे वळा",
	"Turtle.turnLeft": "ने डावीकडे वळा",
	"Turtle.widthTooltip": "पेनच्या रेषेची रुंदी बदलवतो.",
	"Turtle.setWidth": "ही रुंदी मांडा",
	"Turtle.setColour": "हा रंग मांडा",
	"Turtle.turtleVisibilityTooltip": "कासवास (हिरवे वर्तुळ व बाण) दृष्य किंवा अदृष्य करतो.",
	"Turtle.hideTurtle": "कासवास लपवा",
	"Turtle.showTurtle": "कासव दाखवा",
	"Turtle.fontSize": "टंकाचा आकार(साईझ)",
	"Turtle.fontNormal": "साधारण",
	"Turtle.fontBold": "ठळक",
	"Turtle.fontItalic": "तिरपी अक्षरे",
	"Games.turtle": "कासव"
}
