{
	"@metadata": {
		"authors": [
			"Moorooboorai",
			"Siebrand",
			"Robin0van0der0vliet",
			"Robin van der Vliet",
			"Lemondoge",
			"Patio",
			"KlaasZ4usV",
			"McDutchie"
		]
	},
	"Games.name": "Blockly Spelletjes",
	"Games.puzzle": "Puzzel",
	"Games.maze": "Doolhof",
	"Games.bird": "Vogel",
	"Games.turtle": "Schildpad",
	"Games.movie": "Film",
	"Games.music": "Muziek",
	"Games.pondTutor": "Leer Vijver",
	"Games.pond": "Vijver",
	"Games.genetics": "Genetica",
	"Games.linesOfCode1": "Je hebt dit niveau opgelost met 1 regel JavaScript:",
	"Games.linesOfCode2": "Je hebt dit niveau opgelost met %1 regels JavaScript:",
	"Games.nextLevel": "Ben je klaar voor niveau %1?",
	"Games.finalLevel": "Ben je klaar voor de volgende uitdaging?",
	"Games.submitTitle": "Titel:",
	"Games.linkTooltip": "Opslaan en koppelen naar blokken.",
	"Games.runTooltip": "Het door u geschreven programma uitvoeren.",
	"Games.runProgram": "Programma uitvoeren",
	"Games.resetTooltip": "Stop het programma en begin het niveau opnieuw.",
	"Games.resetProgram": "Opnieuw instellen",
	"Games.help": "Hulp",
	"Games.dialogOk": "OK",
	"Games.dialogCancel": "Annuleren",
	"Games.catLogic": "Logica",
	"Games.catLoops": "Lussen",
	"Games.catMath": "Formules",
	"Games.catText": "Tekst",
	"Games.catLists": "Lijsten",
	"Games.catColour": "Kleur",
	"Games.catVariables": "Variabelen",
	"Games.catProcedures": "Functies",
	"Games.httpRequestError": "Er is een probleem opgetreden tijdens het verwerken van het verzoek.",
	"Games.linkAlert": "Deel uw blokken via deze koppeling:\n\n%1",
	"Games.hashError": "\"%1\" komt helaas niet overeen met een opgeslagen bestand.",
	"Games.xmlError": "Uw opgeslagen bestand kan niet geladen worden. Is het misschien gemaakt met een andere versie van Blockly?",
	"Games.submitted": "Dank u voor dit programma! Als onze staf van opgeleide apen het leuk vinden, zullen ze het binnen enkele dagen in de galerij opnemen.",
	"Games.listVariable": "lijst",
	"Games.textVariable": "tekst",
	"Games.breakLink": "Zodra u begint met het bewerken van JavaScript, kunt u niet terug gaan naar het bewerken van blokken. Akkoord?",
	"Games.blocks": "Blokken",
	"Games.congratulations": "Van harte gefeliciteerd!",
	"Games.helpAbort": "Dit niveau is erg moeilijk. Wil je het overslaan en naar het volgende spel gaan? Je kunt altijd later terugkomen.",
	"Index.clear": "Al je oplossingen wissen?",
	"Index.subTitle": "Spelletjes voor de programmeurs van morgen.",
	"Index.moreInfo": "Informatie voor docenten...",
	"Index.startOver": "Wil je opnieuw beginnen?",
	"Index.clearData": "Gegevens wissen",
	"Puzzle.animal1": "Eend",
	"Puzzle.animal1Trait1": "Veren",
	"Puzzle.animal1Trait2": "Snavel",
	"Puzzle.animal1HelpUrl": "https://nl.wikipedia.org/wiki/Eenden",
	"Puzzle.animal2": "Kat",
	"Puzzle.animal2Trait1": "Snorharen",
	"Puzzle.animal2Trait2": "Vacht",
	"Puzzle.animal2HelpUrl": "https://nl.wikipedia.org/wiki/Kat_(dier)",
	"Puzzle.animal3": "Bij",
	"Puzzle.animal3Trait1": "Honing",
	"Puzzle.animal3Trait2": "Angel",
	"Puzzle.animal3HelpUrl": "https://nl.wikipedia.org/wiki/Bijen",
	"Puzzle.animal4": "Slak",
	"Puzzle.animal4Trait1": "Huisje",
	"Puzzle.animal4Trait2": "Slijm",
	"Puzzle.animal4HelpUrl": "https://nl.wikipedia.org/wiki/Slakken",
	"Puzzle.picture": "afbeelding:",
	"Puzzle.legs": "benen:",
	"Puzzle.legsChoose": "kiezen...",
	"Puzzle.traits": "eigenschappen:",
	"Puzzle.error0": "Perfect\nAlle %1 blokken zijn correct.",
	"Puzzle.error1": "Bijna! Eén blok is onjuist.",
	"Puzzle.error2": "%1 blokken zijn onjuist.",
	"Puzzle.tryAgain": "Het gemarkeerde blok is niet correct.\nBlijf het proberen.",
	"Puzzle.checkAnswers": "Antwoorden controleren",
	"Puzzle.helpText": "Kies voor ieder dier (groen) een afbeelding, het aantal poten en maak een stapel van de eigenschappen van het dier.",
	"Maze.moveForward": "vooruit",
	"Maze.turnLeft": "linksaf",
	"Maze.turnRight": "rechtsaf",
	"Maze.doCode": "uitvoeren",
	"Maze.elseCode": "anders",
	"Maze.helpIfElse": "\"als-dan\"-blokken doen het ene of het andere.",
	"Maze.pathAhead": "als er een pad rechtdoor is",
	"Maze.pathLeft": "als er een pad naar links is",
	"Maze.pathRight": "als er een pad naar rechts is",
	"Maze.repeatUntil": "herhalen totdat",
	"Maze.moveForwardTooltip": "Hiermee wordt Pegman één vakje vooruit verplaatst.",
	"Maze.turnTooltip": "Hiermee draait Pegman 90 graden naar links of naar rechts.",
	"Maze.ifTooltip": "Als er een pad in de aangegeven richting is, voer dan wat handelingen uit.",
	"Maze.ifelseTooltip": "Als er een pad is in de aangegeven richting, voer dan het eerste blok van handelingen uit, anders het tweede blok.",
	"Maze.whileTooltip": "Herhaal de ingesloten handelingen totdat het eindpunt is bereikt.",
	"Maze.capacity0": "U hebt %0 blokken over.",
	"Maze.capacity1": "U hebt %1 blok over.",
	"Maze.capacity2": "U hebt %2 blokken over.",
	"Maze.runTooltip": "Zorgt ervoor dat de speler doet wat de blokken voorschrijven.",
	"Maze.resetTooltip": "Zet de speler terug naar het begin van het doolhof.",
	"Maze.helpStack": "Stapel een paar instructies van het type \"ga vooruit\" op elkaar en help me mijn doel te bereiken.",
	"Maze.helpOneTopBlock": "Op dit niveau moet u alle blokken uit de witte werkruimte opstapelen.",
	"Maze.helpRun": "Voer uw programma uit en kijk wat er gebeurt.",
	"Maze.helpReset": "Uw programma heeft het doolhof niet opgelost. Klik op \"Opnieuw instellen\" en probeert het opnieuw.",
	"Maze.helpRepeat": "Computers hebben een beperkt geheugen. Ga naar het einde van dit pad door maximaal twee blokken te gebruiken. Gebruik \"herhalen\" om een blok meerdere keren uit te voeren.",
	"Maze.helpCapacity": "U hebt alle blokken voor dit niveau gebruikt. Om een nieuw blok te maken, moet u eerst een bestaand blok.",
	"Maze.helpRepeatMany": "U kunt meer dan één blok toevoegen binnen een \"herhalen\"-blok",
	"Maze.helpSkins": "Kies uw favoriete speler uit dit menu.",
	"Maze.helpIf": "Het blok \"als\" doet alleen iets als de voorwaarde waar is. Probeer naar links te draaien als er een pad naar links is.",
	"Maze.helpMenu": "Klik op %1 in het blok \"als\" om de voorwaarde te wijzigen.",
	"Maze.helpWallFollow": "Kunt u dit ingewikkelde doolhof oplossen? Probeer de linkermuur te volgen. Dit is een opdracht voor gevorderde programmeurs!",
	"Bird.noWorm": "heeft geen worm",
	"Bird.heading": "richting",
	"Bird.noWormTooltip": "De toestand als de vogel de worm niet heeft gekregen.",
	"Bird.headingTooltip": "Beweeg in de richting van de gegeven hoek: 0 is naar rechts, 90 is recht omhoog, enzovoort.",
	"Bird.positionTooltip": "x en y geven de positie van de vogel aan. Als x = 0, dan bevindt de vogel zich aan de linker rand, als x = 100, dan is deze aan de rechter rand. Als y = 0 is de vogel op de bodem, als y = 100 is deze bovenaan.",
	"Bird.helpHeading": "Wijzig de hoek van de richtingaanwijzer zo dat de vogel de worm pakt en in haar nest landt.",
	"Bird.helpHasWorm": "Gebruik dit blok om in één richting te gaan als de worm is gepakt, of een andere richting als de worm nog niet is gepakt.",
	"Bird.helpX": "\"x\" is je huidige horizontale positie. Met dit blok ga je in één richting als \"x\" kleiner is dan een getal, of anders in een andere richting.",
	"Bird.helpElse": "Klik op het pictogram om het \"als\"-blok aan te passen.",
	"Bird.helpElseIf": "Voor dit niveau is een \"anders-als\"-blok en een \"anders\"-blok nodig.",
	"Bird.helpAnd": "Het \"en\"-blok is alleen waar als beide invoeren waar zijn.",
	"Bird.helpMutator": "Sleep een \"anders\"-blok in het \"als\"-blok.",
	"Turtle.moveTooltip": "Verplaatst de schildpad vooruit of achteruit met het ingestelde aantal stappen.",
	"Turtle.moveForward": "aantal vooruit",
	"Turtle.moveBackward": "aantal achteruit",
	"Turtle.turnTooltip": "Draait de schildpad naar links of naar rechts met het opgegeven aantal graden.",
	"Turtle.turnRight": "rechts draaien,",
	"Turtle.turnLeft": "links draaien",
	"Turtle.widthTooltip": "Wijzigt de breedte van de pen.",
	"Turtle.setWidth": "breedte instellen op",
	"Turtle.colourTooltip": "Wijzigt de kleur van de pen.",
	"Turtle.setColour": "kleur instellen op",
	"Turtle.penTooltip": "Tilt de pen op of zet die neer, om te stoppen of te beginnen met tekenen.",
	"Turtle.penUp": "pen omhoog",
	"Turtle.penDown": "pen omlaag",
	"Turtle.turtleVisibilityTooltip": "Maakt de schildpad zichtbaar of onzichtbaar (cirkel en pijl).",
	"Turtle.hideTurtle": "schildpad verbergen",
	"Turtle.showTurtle": "Schildpad weergeven",
	"Turtle.printHelpUrl": "https://nl.wikipedia.org/wiki/Boekdrukkunst",
	"Turtle.printTooltip": "Tekent tekst in de richting van de schildpad vanaf de huidige positie.",
	"Turtle.print": "afdrukken",
	"Turtle.fontHelpUrl": "https://nl.wikipedia.org/wiki/Lettertype",
	"Turtle.fontTooltip": "Stelt het lettertype in voor tekst.",
	"Turtle.font": "lettertype",
	"Turtle.fontSize": "lettergrootte",
	"Turtle.fontNormal": "normaal",
	"Turtle.fontBold": "vet",
	"Turtle.fontItalic": "cursief",
	"Turtle.submitDisabled": "Voor je programma uit tot het stopt. Daarna kan je je tekening opslaan in de galerij.",
	"Turtle.galleryTooltip": "Open de galerij met tekeningen.",
	"Turtle.galleryMsg": "Galerij bekijken",
	"Turtle.submitTooltip": "Sla je tekening op in de galerij.",
	"Turtle.submitMsg": "Opslaan in galerij",
	"Turtle.helpUseLoop": "Je oplossing werkt, maar je kunt nog tot een beter oplossing komen.",
	"Turtle.helpUseLoop3": "Teken de vorm met maximaal drie blokken.",
	"Turtle.helpUseLoop4": "Teken de ster met maximaal vier blokken.",
	"Turtle.helpText1": "Maak een programma dat een vierkant tekent.",
	"Turtle.helpText2": "Wijzig je programma zodat het een vijfhoek tekent in plaats van een vierkant.",
	"Turtle.helpText3a": "Er is een nieuw blok waarmee je de kleur kunt wijzigen:",
	"Turtle.helpText3b": "Teken een gele ster.",
	"Turtle.helpText4a": "Er is een nieuw blok waarmee je de pen van het papier kunt tillen als je beweegt:",
	"Turtle.helpText4b": "Teken een kleine gele ster en teken daar dan een lijn boven.",
	"Turtle.helpText5": "Kan je vier sterren in de vorm van een vierkant tekenen in plaats van één ster?",
	"Turtle.helpText6": "Teken drie gele sterren en één witte lijn.",
	"Turtle.helpText7": "Teken de sterren en teken daarna vier witte lijnen.",
	"Turtle.helpText8": "360 witte lijnen zien eruit als een volle maan.",
	"Turtle.helpText9": "Kan je een zwarte cirkel toevoegen zodat de maan een halve maan wordt?",
	"Turtle.helpText10": "Teken wat je wilt. Je hebt een groot aantal nieuwe blokken die je kunt ontdekken. Veel plezier!",
	"Turtle.helpText10Reddit": "Gebruik de knop \"Galerij bekijken\" om te bekijken wat anderen mensen hebben getekend. Als je iets interessants tekent, gebruik dan de knop \"Opslaan in galerij\" om je tekening te publiceren.",
	"Turtle.helpToolbox": "Kies een categorie om te blokken te bekijken.",
	"Movie.x": "x",
	"Movie.y": "y",
	"Movie.x1": "beginpunt x",
	"Movie.y1": "beginpunt y",
	"Movie.x2": "eindpunt x",
	"Movie.y2": "eindpunt y",
	"Movie.radius": "straal",
	"Movie.width": "breedte",
	"Movie.height": "hoogte",
	"Movie.circleTooltip": "Maakt een cirkel op de opgegeven plaats en met de opgegeven radius.",
	"Movie.circleDraw": "cirkel",
	"Movie.rectTooltip": "Maakt een rechthoek op de opgegeven plaats en met de opgegeven breedte en hoogte.",
	"Movie.rectDraw": "rechthoek",
	"Movie.lineTooltip": "Maakt een lijn van het ene punt naar het andere met de opgegeven breedte.",
	"Movie.lineDraw": "lijn",
	"Movie.timeTooltip": "Geeft de huidige tijd terug in de animatie (0-100).",
	"Movie.colourTooltip": "Wijzigt de kleur van de pen.",
	"Movie.setColour": "stel kleur in op",
	"Movie.submitDisabled": "Je filmpje beweegt niet. Gebruik blokken om iets interessants te maken. Daarna kan je je filmpje opslaan in de galerij.",
	"Movie.galleryTooltip": "Open de filmgalerij.",
	"Movie.galleryMsg": "Galerij bekijken",
	"Movie.submitTooltip": "Sla je film op in de galerij.",
	"Movie.submitMsg": "Opslaan in galerij",
	"Movie.helpLayer": "Verplaats de achtergrondcirkel naar de bovenkant van uw programma. Dan zal het achter de persoon te zien zijn.",
	"Movie.helpText1": "Gebruik eenvoudige vormen om deze persoon te tekenen.",
	"Movie.helpText2a": "Dit niveau is een film. Je wilt de arm van de persoon over het scherm laten bewegen. Klik op de afspeelknop om een voorvertoning te bekijken.",
	"Movie.helpText2b": "Terwijl de film draait, telt de waarde van het \"tijd\"-blok van 0 tot 100. Omdat je wilt dat de y-positie van de arm begint op 0 en eindigt bij 100 zou dit makkelijk moeten zijn.",
	"Movie.helpText3": "Het \"tijd\"-blok telt van 0 tot 100. Maar nu wil je dat de y-positie van de andere arm begint bij 100 en naar 0 gaat. Kan je een eenvoudige wiskundige formule vinden die de richting omkeert?",
	"Movie.helpText4": "Gebruik wat je hebt geleerd in het vorige niveau om kruisende benen te vormen.",
	"Movie.helpText5": "De wiskundige formule voor de arm is complex. Hier het antwoord:",
	"Movie.helpText6": "Geef de persoon een paar handen.",
	"Movie.helpText7": "Gebruik het 'if'-blok om een hoofdje voor de eerste helft van de film te tekenen. Teken daarna een groot hoofd voor de tweede helft.",
	"Movie.helpText8": "Stuur de benen de andere kant op halverwege de film.",
	"Movie.helpText9": "Teken een groter wordende cirkel achter de persoon.",
	"Movie.helpText10": "Maak een filmpje over wat je maar wilt. Je hebt een groot aantal nieuwe blokken tot je beschikking. Veel plezier!",
	"Movie.helpText10Reddit": "Gebruik de knop \"Galerij bekijken\" om de filmpjes te bekijken die andere mensen hebben gemaakt. Als je zelf een interessant filmpje hebt egmaakt, klik dan op de knop \"In galerij opslaan\" om het te delen.",
	"Music.playNoteTooltip": "Speel een muzieknoot af met vastgestelde duur en frequentie.",
	"Music.playNote": "speel %1 toon %2",
	"Music.restTooltip": "Wacht op de vastgestelde duur.",
	"Music.restWholeTooltip": "Wacht op een hele toon.",
	"Music.rest": "rust %1",
	"Music.setInstrumentTooltip": "Schakelt naar het vastgestelde instrument wanneer volgende muzieknoten klinken.",
	"Music.setInstrument": "zet instrument op %1",
	"Music.startTooltip": "Voer de binenblokken uit wanneer de 'Voer programma uit'-knop is ingedrukt.",
	"Music.start": "wanneer %1 is ingedrukt",
	"Music.pitchTooltip": "Een toon (C4 is 7).",
	"Music.firstPart": "eerste deel",
	"Music.piano": "piano",
	"Music.trumpet": "trompet",
	"Music.banjo": "banjo",
	"Music.violin": "viool",
	"Music.guitar": "gitaar",
	"Music.flute": "fluit",
	"Music.drum": "drum",
	"Music.choir": "koor",
	"Music.submitDisabled": "Voer uw programma uit tot het stopt. Dan mag u uw muziek in de galerij zetten.",
	"Music.galleryTooltip": "Open de muziekgalerij.",
	"Music.galleryMsg": "Zie galerij.",
	"Music.submitTooltip": "Zet uw muziek in de galerij.",
	"Music.submitMsg": "Zet in de galerij",
	"Music.helpUseFunctions": "Uw oplossing werkt, maar u kunt beter. Gebruik functies om het aantal herhaalde coderegels te beperken.",
	"Music.helpUseInstruments": "De muziek zal beter klinken als u een ander instrment in elk beginblok gebruikt.",
	"Music.helpText1": "Componeer de eerste vier tonen van 'Vader Jacob'.",
	"Music.helpText2a": "Een 'functie' geeft u kans blokken te groeperen en dan meermaals uit te voeren.",
	"Music.helpText2b": "Creëer een functie om de eerste vier tonen van 'Vader Jacob' te spelen. Voer deze functie twee keer uit. Voeg geen nieuwe toonblokken toe.",
	"Music.helpText3": "Creëer een tweede functie voor het volgende deel van 'Vader Jacob'. De laatste toon duurt langer.",
	"Music.helpText4": "Creëer een derde functie voor het volgende deel van 'Vader Jacob'. De eerste vier tonen duren korter.",
	"Music.helpText5": "Maak het hele liedje 'Vader Jacob' af.",
	"Music.helpText6a": "Dit nieuwe blok laat u een ander instrument kiezen.",
	"Music.helpText6b": "Speel uw liedje met een viool.",
	"Music.helpText7a": "Dit nieuwe blok voegt een stille pauze toe.",
	"Music.helpText7b": "Creëer een tweede beginblok met twee pauzeblokken, speelt daarna ook 'Vader Jacob'.",
	"Music.helpText8": "Elk beginblok moet 'Vader Jacob' tweemaal laten klinken.",
	"Music.helpText9": "Creëer vier beginblokken die elk 'Vader Jacob' tweemaal laten horen. Voeg het juiste aantal pauzeblokken toe.",
	"Music.helpText10": "Componeer wat u wil. U hebt een enorm aantal nieuwe blokken om te onderzoeken. Veel plezier!",
	"Music.helpText10Reddit": "Gebruik de 'Zie galerij'-knop om te zien wat ondere mensen hebben gecomponeerd. Als u iets interessants hebt gecomponeerd, gebruik de 'Zet in galerij'-knop om het te publiceren.",
	"Pond.scanTooltip": "Zoek naar vijanden. Geef een richting op (0-360). Geeft de afstand tot de dichtstbijzijnde vijand in die richting. Geeft oneindig op als er geen vijand te vinden is.",
	"Pond.cannonTooltip": "Vuur het kanon af. Geef een richting (0-360) en een bereik op (0-70).",
	"Pond.swimTooltip": "Zwem vooruit. Geef een richting (0-360) op.",
	"Pond.stopTooltip": "Stop met zwemmen. De speler komt langzaam tot stilstand.",
	"Pond.healthTooltip": "Geeft de huidige levenspunten van de speler terug (0 is dood, 100 is gezond).",
	"Pond.speedTooltip": "Geeft de huidige snelheid van de speler terug (0 is staat stil, 100 is volle snelheid).",
	"Pond.locXTooltip": "Geeft het X-coördinaat van de speler terug (0 is de linkerkant, 100 is de rechterkant).",
	"Pond.locYTooltip": "Geeft het Y-coördinaat van de speler terug (0 is de onderkant, 100 is de bovenkant).",
	"Pond.docsTooltip": "Documentatie van de programmeertaal weergeven.",
	"Pond.documentation": "Documentatie",
	"Pond.playerName": "Speler",
	"Pond.targetName": "Doel",
	"Pond.pendulumName": "Slinger",
	"Pond.scaredName": "Bang",
	"Pond.helpUseScan": "Je oplossing werkt, maar je kunt het beter doen. Gebruik \"scan\" om het kanon te vertellen hoe ver het moet schieten.",
	"Pond.helpText1": "Gebruik het commando \"cannon\" om op het doel te schieten. De eerste parameter is de hoek, de tweede parameter is het bereik. Zoek de juiste combinatie.",
	"Pond.helpText2": "Dit doel moet meerdere keren geraakt worden. Gebruik de lus \"while (true)\" om iets voor onbepaalde tijd uit te voeren.",
	"Pond.helpText3a": "Deze tegenstander beweegt heen en weer, waardoor die moeilijk te raken is. Het commando \"scan\" geeft de exacte afstand en de richting naar de tegenstander aan.",
	"Pond.helpText3b": "Dit bereik is precies wat het commando \"cannon\" nodig heeft om nauwkeurig te vuren.",
	"Pond.helpText4": "Deze tegenstander is te ver weg om het kanon gebruiken (dat heeft een limiet van 70 meter). Gebruik in plaats daarvan het commando \"swim\" opdracht om te beginnen met zwemmen in de richting van de tegenstander en er tegenaan te botsen.",
	"Pond.helpText5": "Deze tegenstander is ook te ver weg om het kanon te gebruiken. Maar je bent te zwak om een botsing te overleven. Zwem in de richting van de tegenstander tot de horizontale afstand kleiner is dan 50. \"stop\" dan en gebruik het kanon.",
	"Pond.helpText6": "Deze tegenstander zwemt weg als die geraakt wordt. Zwemmen in de richting van de tegenstander als deze zich buiten het bereik bevindt (70 meter).",
	"Pond.rabbitName": "Konijn",
	"Pond.counterName": "Teller",
	"Pond.rookName": "Toren",
	"Pond.sniperName": "Sluipschutter",
	"Gallery": "Galerij"
}
