{
	"@metadata": {
		"authors": [
			"Mashoi7"
		]
	},
	"Games.name": "Blocky-kižat",
	"Games.puzzle": "Palakuva",
	"Games.maze": "Labirintu",
	"Games.bird": "Lindu",
	"Games.turtle": "Suojušlöpöi",
	"Games.movie": "Kino",
	"Games.pond": "Lambi",
	"Games.nextLevel": "Oletgo valmis tazole %1?",
	"Games.help": "Abu",
	"Games.dialogOk": "OK",
	"Games.dialogCancel": "Hylgiä",
	"Games.catLogic": "Lougiekku",
	"Games.catLoops": "Čiepit",
	"Games.catMath": "Matemuatiekku",
	"Games.catText": "Tekstu",
	"Games.catLists": "Listat",
	"Games.catColour": "Väri",
	"Games.catVariables": "Variantat",
	"Games.textVariable": "tekstu",
	"Games.congratulations": "Hyvittelyt!",
	"Index.moreInfo": "Ližätieduo...",
	"Puzzle.animal1": "Sorzu",
	"Puzzle.animal1Trait1": "Höyhenet",
	"Puzzle.animal1Trait2": "N'okku",
	"Puzzle.animal2": "Kaži",
	"Puzzle.animal2Trait1": "Usat",
	"Puzzle.animal2Trait2": "Turki",
	"Puzzle.animal3": "Mehiläine",
	"Puzzle.animal3Trait1": "Mezi",
	"Puzzle.animal3Trait2": "Pystin",
	"Puzzle.animal4": "Edenöi",
	"Puzzle.picture": "kuva:",
	"Puzzle.legs": "jalgua:",
	"Puzzle.legsChoose": "valliče...",
	"Maze.moveForward": "mene kohti",
	"Maze.turnLeft": "kiänny huruale",
	"Maze.turnRight": "kiänny oigiele",
	"Maze.doCode": "rua",
	"Maze.elseCode": "muite",
	"Maze.pathAhead": "ollou troppaine ies",
	"Maze.pathLeft": "ollou troppaine huruale",
	"Maze.pathRight": "ollou troppaine oigiele",
	"Maze.turnTooltip": "Kiändäy kižuajua huruale libo oigiele 9å astehtu.",
	"Maze.resetTooltip": "Pane kižuaju järilleh labirintan alguh.",
	"Bird.noWorm": "linnul ei ole čyötöidy",
	"Turtle.widthTooltip": "Vaihtau piirdimen levevyön.",
	"Turtle.setWidth": "azeta levevyökse",
	"Turtle.colourTooltip": "Vaihtau piirdimen värin.",
	"Turtle.setColour": "Azeta värikse",
	"Turtle.penUp": "piirdin yläh",
	"Turtle.penDown": "piirdin alah",
	"Turtle.hideTurtle": "peitä suojušlöpöi",
	"Turtle.showTurtle": "ozuta suojušlöpöi",
	"Turtle.print": "pane bumuagale",
	"Turtle.fontNormal": "tavalline",
	"Turtle.fontBold": "sangei",
	"Turtle.fontItalic": "kursivoitu",
	"Turtle.galleryMsg": "Kačo gallerii",
	"Turtle.submitMsg": "Työnnä gallerieh",
	"Turtle.helpUseLoop": "Sinun reššindy ruadau, no maltat vie parembi.",
	"Turtle.helpText3b": "Piirrä keldaime tiähti.",
	"Movie.x": "x",
	"Movie.y": "y",
	"Movie.x1": "algu-x",
	"Movie.y1": "algu-y",
	"Movie.x2": "loppu-x",
	"Movie.y2": "loppu-y",
	"Movie.width": "levevys",
	"Movie.height": "korgevus",
	"Movie.submitMsg": "Työnnä gallerieh",
	"Pond.playerName": "Kižuaju",
	"Pond.targetName": "Kohteh",
	"Pond.rabbitName": "Jänöi"
}
