{
	"@metadata": {
		"authors": [
			"Chrumps",
			"Faren",
			"Rezonansowy",
			"Ty221",
			"Jchwastowska",
			"Stocki",
			"Pio387",
			"Pbz",
			"Mateon1",
			"Pan Cube",
			"Fringoo",
			"Krottyianock",
			"Woytecr",
			"Wojtas",
			"Anwar2",
			"DeRudySoulStorm",
			"Stojex",
			"CiaPan"
		]
	},
	"Games.name": "Gry Blockly",
	"Games.puzzle": "Puzzle",
	"Games.maze": "Labirynt",
	"Games.bird": "Ptak",
	"Games.turtle": "Żółw",
	"Games.movie": "Animacja",
	"Games.music": "Muzyka",
	"Games.pondTutor": "Staw: Jak grać",
	"Games.pond": "Staw",
	"Games.genetics": "Genetyka",
	"Games.linesOfCode1": "Rozwiązałeś ten poziom za pomocą 1 linii JavaSkryptu:",
	"Games.linesOfCode2": "Rozwiązałeś ten poziom za pomocą %1 linii JavaSkryptu:",
	"Games.nextLevel": "Jesteś gotów na %1 poziom?",
	"Games.finalLevel": "Jesteś gotów na następne wyzwanie?",
	"Games.submitTitle": "Tytuł:",
	"Games.linkTooltip": "Zapisz i podlinkuj do klocków",
	"Games.runTooltip": "Uruchom napisany przez Ciebie program.",
	"Games.runProgram": "Uruchom Program",
	"Games.resetTooltip": "Zatrzymaj program i zresetuj poziom.",
	"Games.resetProgram": "Zresetuj",
	"Games.help": "Pomoc",
	"Games.dialogOk": "OK",
	"Games.dialogCancel": "Anuluj",
	"Games.catLogic": "Logika",
	"Games.catLoops": "Pętle",
	"Games.catMath": "Matematyka",
	"Games.catText": "Tekst",
	"Games.catLists": "Listy",
	"Games.catColour": "Kolor",
	"Games.catVariables": "Zmienne",
	"Games.catProcedures": "Funkcje",
	"Games.httpRequestError": "Wystąpił problem z żądaniem.",
	"Games.linkAlert": "Udostępnij swoje klocki korzystając z poniższego linku: \n\n\n%1",
	"Games.hashError": "Przepraszamy, \"%1\" nie odpowiada żadnemu zapisanemu programowi.",
	"Games.xmlError": "Nie można załadować zapisanego pliku. Być może został utworzony za pomocą innej wersji Blockly?",
	"Games.listVariable": "lista",
	"Games.textVariable": "tekst",
	"Games.breakLink": "Jak zaczniesz edytować JavaScript, nie możesz powrócić do edycji klocków. Kontynuować?",
	"Games.blocks": "Klocki",
	"Games.congratulations": "Gratulacje!",
	"Games.helpAbort": "Ten poziom jest bardzo trudny. Czy chciałbyś/chciałabyś pominąć go i iść do następnej gry? Możesz zawsze powrócić później.",
	"Index.clear": "Usunąć wszystkie rozwiązania?",
	"Index.subTitle": "Gry dla przyszłych programistów.",
	"Index.moreInfo": "Więcej informacji...",
	"Index.startOver": "Chcesz zacząć od nowa?",
	"Index.clearData": "Wyczyść dane",
	"Puzzle.animal1": "Kaczka",
	"Puzzle.animal1Trait1": "Pióra",
	"Puzzle.animal1Trait2": "Dziób",
	"Puzzle.animal1HelpUrl": "https://pl.wikipedia.org/wiki/Kaczka",
	"Puzzle.animal2": "Kot",
	"Puzzle.animal2Trait1": "Wąsy",
	"Puzzle.animal2Trait2": "Futro",
	"Puzzle.animal2HelpUrl": "https://pl.wikipedia.org/wiki/Kot_domowy",
	"Puzzle.animal3": "Pszczoła",
	"Puzzle.animal3Trait1": "Miód",
	"Puzzle.animal3Trait2": "Żądło",
	"Puzzle.animal3HelpUrl": "https://pl.wikipedia.org/wiki/Pszczoła",
	"Puzzle.animal4": "Ślimak",
	"Puzzle.animal4Trait1": "Muszla",
	"Puzzle.animal4Trait2": "Śluz",
	"Puzzle.animal4HelpUrl": "https://pl.wikipedia.org/wiki/%C5%9Alimaki",
	"Puzzle.picture": "zdjęcie:",
	"Puzzle.legs": "nogi:",
	"Puzzle.legsChoose": "wybierz...",
	"Puzzle.traits": "cechy:",
	"Puzzle.error0": "Doskonale!\nWszystkie z %1 kloclów są poprawne.",
	"Puzzle.error1": "Prawie! Jeden klocek jest niepoprawny.",
	"Puzzle.error2": "%1 klocków jest nieprawidłowych.",
	"Puzzle.tryAgain": "Podświetlony klocek nie jest poprawny.\nSpróbuj jeszcze raz.",
	"Puzzle.checkAnswers": "Sprawdź Odpowiedzi",
	"Puzzle.helpText": "Dla każdego zwierzęcia (zielonego), dołącz jego zdjęcie, wybierz liczbę nóg, i określ jego cechy.",
	"Maze.moveForward": "idź naprzód",
	"Maze.turnLeft": "skręć w lewo",
	"Maze.turnRight": "skręć w prawo",
	"Maze.doCode": "wykonaj",
	"Maze.elseCode": "w przeciwnym razie",
	"Maze.helpIfElse": "Klocki \"if-else (jeśli-w przeciwnym razie)\" wykonują jedną czynność, albo drugą.",
	"Maze.pathAhead": "jeśli ścieżka prowadzi prosto",
	"Maze.pathLeft": "jeśli ścieżka prowadzi w lewo",
	"Maze.pathRight": "jeśli ścieżka prowadzi w prawo",
	"Maze.repeatUntil": "powtarzaj aż",
	"Maze.moveForwardTooltip": "Porusza gracza do przodu o jedno pole.",
	"Maze.turnTooltip": "Obraca gracza w lewo lub prawo o 90 stopni.",
	"Maze.ifTooltip": "Jeśli istnieje ścieżka w określonym kierunku, wykonaj jakieś akcje.",
	"Maze.ifelseTooltip": "Jeśli istnieje ścieżka w określonym kierunku, wykonaj pierwszy klocek akcji. W innym przypadku wykonaj drugi klocek akcji",
	"Maze.whileTooltip": "Powtarzaj załączone kroki, dopóki nie osiągniesz punktu końcowego.",
	"Maze.capacity0": "Zostało Ci %0 klocków.",
	"Maze.capacity1": "Został Ci %1 klocek.",
	"Maze.capacity2": "Zostały(o) Ci %2 klocki(ów).",
	"Maze.runTooltip": "Sprawia, że gracz robi to, co mówią klocki.",
	"Maze.resetTooltip": "Umieszcza gracza na początku labiryntu.",
	"Maze.helpStack": "Ustaw kilka poleceń \"idź naprzód\" jedno za drugim, abym doszedł do celu.",
	"Maze.helpOneTopBlock": "Na tym poziomie, musisz ułożyć razem wszystkie klocki w białym obszarze roboczym.",
	"Maze.helpRun": "Uruchom program, aby zobaczyć co się stanie.",
	"Maze.helpReset": "Program nie rozwiązał labiryntu. Naciśnij przycisk \"Reset\" i spróbuj ponownie.",
	"Maze.helpRepeat": "Dotrzyj do końca ścieżki za pomocą tylko dwóch klocków. Użyj \"powtórz\" aby uruchomić klocek więcej niż raz.",
	"Maze.helpCapacity": "Wykorzystałeś już wszystkie klocki dostępne na tym poziomie. Aby utowrzyć nowy klocek musisz najpierw skasować jeden z już istniejących klocków.",
	"Maze.helpRepeatMany": "Możesz zmieścić więcej niż jeden klocek wewnątrz klocka \"Powtórz\".",
	"Maze.helpSkins": "Wybierz swojego ulubionego gracza z tego menu.",
	"Maze.helpIf": "Klocek \"if (jeśli)\" wykona określoną czynność, tylko kiedy warunek jest spełniony. Spróbuj pójść w lewo, jeśli ścieżka prowadzi w lewo.",
	"Maze.helpMenu": "Kliknij %1 w klocku \"if (jeżeli)\", żeby zmienić warunek.",
	"Maze.helpWallFollow": "Czy dasz radę przejść ten trudny labirynt? Wypróbnuj metodę trzymania się lewą ręką ściany. Tylko dla zaawansowanych programistów!",
	"Bird.noWorm": "nie ma robaka",
	"Bird.heading": "kierunek",
	"Bird.noWormTooltip": "Stan, w którym ptak nie złapał robaka.",
	"Bird.headingTooltip": "Poruszaj się w kierunku danego kąta: 0 - w prawo, 90 - do góry, itp.",
	"Bird.positionTooltip": "x i y oznaczają pozycję ptaka. Gdy x = 0, ptak jest przy lewej krawędzi, gdy x = 100, jest przy prawej krawędzi. Gdy y = 0, ptak jest na dole, a gdy y = 100, jest na górze.",
	"Bird.helpHeading": "Zmień kąt kierunku, aby ptak złapał robaka i wylądował w swoim gnieździe.",
	"Bird.helpHasWorm": "Użyj tego klocka, aby iść w jednym kierunku, jeśli masz robaka, albo w innym kierunku jeśli go nie masz.",
	"Bird.helpX": "'x' jest twoją pozycją w poziomie. Użyj tego klocka, aby iść w jednym kierunku, jeśli 'x' jest mniejsze od liczby, bądź w innym kierunku, w przeciwnym przypadku.",
	"Bird.helpElse": "Kliknij ikonę, aby zmodyfikować klocek 'if'.",
	"Bird.helpElseIf": "Na tym poziomie potrzebne są klocki \"else if\" oraz \"else\".",
	"Bird.helpAnd": "Blok 'and' ma wartość prawdy tylko jeśli oba jego parametry są prawdziwe.",
	"Bird.helpMutator": "Przenieś klocek 'else' w klocek 'if'.",
	"Turtle.moveTooltip": "Przesuwa żółwia na określoną odległość do przodu lub do tyłu.",
	"Turtle.moveForward": "idź do przodu o",
	"Turtle.moveBackward": "idź do tyłu o",
	"Turtle.turnTooltip": "Obraca żółwia w lewo lub w prawo o określoną liczbę stopni.",
	"Turtle.turnRight": "skręcić w prawo o",
	"Turtle.turnLeft": "skręcić w lewo o",
	"Turtle.widthTooltip": "Zmienia szerokość pióra.",
	"Turtle.setWidth": "ustaw szerokość na",
	"Turtle.colourTooltip": "Zmienia kolor pióra.",
	"Turtle.setColour": "ustaw kolor na",
	"Turtle.penTooltip": "Opuszcza lub podnosi pióro, aby zacząć albo skończyć rysować.",
	"Turtle.penUp": "podnieś pióro",
	"Turtle.penDown": "opuść pióro",
	"Turtle.turtleVisibilityTooltip": "Sprawia że żółw (kółko i strzałka) staje się widoczny lub niewidoczny.",
	"Turtle.hideTurtle": "ukryj żółwia",
	"Turtle.showTurtle": "pokaż żółwia",
	"Turtle.printHelpUrl": "https://pl.wikipedia.org/wiki/Druk",
	"Turtle.printTooltip": "Rysuje tekst w miejscu położenia żółwia we wskazanym przez niego kierunku.",
	"Turtle.print": "drukuj",
	"Turtle.fontHelpUrl": "https://pl.wikipedia.org/wiki/Font",
	"Turtle.fontTooltip": "Określa czcionkę używaną przez blok drukuj.",
	"Turtle.font": "czcionka",
	"Turtle.fontSize": "rozmiar czcionki",
	"Turtle.fontNormal": "normalny",
	"Turtle.fontBold": "pogrubienie",
	"Turtle.fontItalic": "kursywa",
	"Turtle.submitDisabled": "Uruchom program. Po jego zakończeniu będzie można umieścić rysunek w galerii.",
	"Turtle.galleryTooltip": "Otwórz galerię rysunków.",
	"Turtle.galleryMsg": "Wyświetl galerię",
	"Turtle.submitTooltip": "Udostępnij swój rysunek w galeri.",
	"Turtle.submitMsg": "Udostępnij do galerii",
	"Turtle.helpUseLoop": "Twoje rozwiązanie działa, ale możesz zrobić to lepiej.",
	"Turtle.helpUseLoop3": "Narysuj kształt tylko trzema klockami.",
	"Turtle.helpUseLoop4": "Narysuj gwiazdę tylko czterema klockami.",
	"Turtle.helpText1": "Utwórz program, który rysuje kwadrat.",
	"Turtle.helpText2": "Zmień swój program, aby rysował pięciokąt zamiast kwadratu.",
	"Turtle.helpText3a": "Pojawił się nowy klocek, który pozwala zmienić kolor:",
	"Turtle.helpText3b": "Narysuj żółtą gwiazdę.",
	"Turtle.helpText4a": "Jest nowy blok, który pozwala podnieść pisak z papieru, kiedy się ruszasz:",
	"Turtle.helpText4b": "Narysuj małą żółtą gwiazdę, a potem narysuj linię nad nią.",
	"Turtle.helpText5": "Czy możesz narysować cztery gwiazdy w rogach kwadratu zamiast jednej?",
	"Turtle.helpText6": "Narysuj trzy żółte gwiazdy i jedną białą linię.",
	"Turtle.helpText7": "Narysuj gwiazdy, a potem cztery białe linie.",
	"Turtle.helpText8": "Narysowanie 360-ciu białych linii będzie wyglądać jak księżyc w pełni.",
	"Turtle.helpText9": "Czy możesz dodać czarny krąg, aby księżyc zmienił się w półksiężyc?",
	"Turtle.helpText10": "Narysuj cokolwiek. Masz sporo nowych klocków, które możesz poznać. Baw się dobrze!",
	"Turtle.helpText10Reddit": "Użyj przycisku \"Wyświetl galerię\", aby zobaczyć co inne osoby narysowały. Jeśli narysujesz coś ciekawego, użyj przycisku \"Udostępnij do galerii\", aby to opublikować.",
	"Turtle.helpToolbox": "Wybierz kategorię, aby zobaczyć klocki.",
	"Movie.x": "x",
	"Movie.y": "y",
	"Movie.x1": "początkowe x",
	"Movie.y1": "początkowe y",
	"Movie.x2": "końcowe x",
	"Movie.y2": "końcowe y",
	"Movie.radius": "promień",
	"Movie.width": "szerokość",
	"Movie.height": "wysokość",
	"Movie.circleTooltip": "Rysuje okrąg w określonym miejscu o określonym promieniu.",
	"Movie.circleDraw": "okrąg",
	"Movie.rectTooltip": "Rysuje prostokąt w danym miejscu o danej długości i szerokości.",
	"Movie.rectDraw": "prostokąt",
	"Movie.lineTooltip": "Rysuje odcinek pomiędzy dwoma punktami, z określoną szerokością.",
	"Movie.lineDraw": "linia",
	"Movie.timeTooltip": "Zwraca aktualny czas w filmie (0-100).",
	"Movie.colourTooltip": "Zmienia kolor pióra.",
	"Movie.setColour": "ustaw kolor na",
	"Movie.submitDisabled": "Twoja animacja się nie porusza. Użyj bloków aby zrobić coś interesującego. Potem możesz umieścić swoją animację w galerii.",
	"Movie.galleryTooltip": "Otwórz galerię filmów.",
	"Movie.galleryMsg": "Wyświetl galerię",
	"Movie.submitTooltip": "Udostępnij swój film w galeri.",
	"Movie.submitMsg": "Udostępnij do galerii",
	"Movie.helpText1": "Użyj prostych kształtów, aby narysować tę postać.",
	"Movie.helpText2a": "Ten poziom jest filmem. Chcesz, aby ramię postaci wykonało ruch po ekranie. Kliknij przycisk play, aby zobaczyć zapowiedź.",
	"Movie.helpText2b": "Podczas pokazu filmu wartość klocka 'czas' zwiększa się od 0 do 100. Ponieważ chcesz, aby współrzędna 'y' ramienia zmieniała się od 0 do 100, to powinno być łatwe.",
	"Movie.helpText3": "Klocek 'czas' liczy od 0 do 100. Ale tym razem chcesz, aby pozycja pozioma zaczynała się od 100 i kończyła na 0. Dasz radę wymyślić prostą formułę matematyczną, która odwraca kierunek ruchu?",
	"Movie.helpText4": "Wykorzystaj, czego się nauczyłeś w poprzednim poziomie, aby uzyskać krzyżujące się nogi.",
	"Movie.helpText5": "Matematyczne równanie dla ramienia jest skomplikowane. Oto odpowiedź:",
	"Movie.helpText6": "Dodaj postaci parę rąk.",
	"Movie.helpText7": "Użyj bloku \"jeśli\" aby narysować małą głowę w pierwszej połowie animacji. Następnie narysuj dużą głowę w drugiej połowie.",
	"Movie.helpText8": "Zmień kierunek nóg w drugiej połowie filmu.",
	"Movie.helpText9": "Narysuj rosnące koło w tle, za postacią.",
	"Movie.helpText10": "Utwórz dowolną anikację. Masz dostęp do wielu nowych bloków, którw możesz poznawać. Miłej zabawy!",
	"Movie.helpText10Reddit": "Użyj przycisku \"Wyświetl galerię\"aby oglądnąć animacje utworzone przez innych. Jeśli udało Ci się utworzyć intetesującą animację, użyj przycisku \"Udostępnij do galerii\" aby ją opublikować.",
	"Music.playNoteTooltip": "Odtwórz jeden ton o zadanym czasie trwania i wysokości.",
	"Music.galleryTooltip": "Otwórz galerię muzyki.",
	"Pond.scanTooltip": "Szuka wrogów. Wybierz kierunek (0-360). Zwraca odległość do najbliższego wroga w tym kierunku. Zwraca nieskończoność jeśli nie znajdzie wroga.",
	"Pond.cannonTooltip": "Wystrzel z działa. Wybierz kierunek (0-360) i odległość (0-70).",
	"Pond.swimTooltip": "Płyń do przodu. Wybierz kierunek (0-360).",
	"Pond.stopTooltip": "Przestań płynąć. Gracz zwolni i zatrzyma się.",
	"Pond.healthTooltip": "Zwraca bieżące zdrowie gracza (0 - nie żyje, 100 - zdrowy)",
	"Pond.speedTooltip": "Zwraca bieżącą prędkość gracza (0 - stoi, 100 - pełna prędkość).",
	"Pond.locXTooltip": "Zwraca współrzędną X gracza (0 - lewa krawędź, 100 - prawa krawędź).",
	"Pond.locYTooltip": "Zwraca współrzędną Y gracza (0 - dolna krawędź, 100 - górna krawędź).",
	"Pond.docsTooltip": "Pokaż dokumentację języka.",
	"Pond.documentation": "Dokumentacja",
	"Pond.playerName": "Gracz",
	"Pond.targetName": "Cel",
	"Pond.pendulumName": "Wahadło",
	"Pond.scaredName": "Przestraszony",
	"Pond.helpUseScan": "Twoje rozwiązanie działa, ale można to zrobić lepiej. Użyj 'scan', aby określić odległość strzału z działa.",
	"Pond.helpText1": "Użyj polecenia 'cannon', aby trafić w cel. Pierwszy parametr to kąt, drugi to odległość. Znajdź odpowiednią kombinację.",
	"Pond.helpText2": "Ten cel musi być trafiony wiele razy. Użyj pętli 'while (true)' aby robić coś w nieskończoność.",
	"Pond.helpText3a": "Ten przeciwnik łazi tam i z powrotem, co czyni go trudnym celem. Parametr 'skanuj' dokładnie określa odległość od przeciwnika w określonym kierunku.",
	"Pond.helpText3b": "Ta odległość to dokładnie to co jest potrzebne w poleceniu 'działo' aby oddać trafny strzał.",
	"Pond.helpText4": "Ten przeciwnik jest za daleko, aby użyć działa (które ma limit 70 metrów). Zamiast tego, użyj komendy 'swim', aby podpłynąć do przeciwnika i zderzyć się z nim.",
	"Pond.helpText5": "Ten przeciwnii jest również za daleko by użyć działa. Jesteś jednak za słaby aby przeżyć zderzenie. Płyń w jego stronę dopóki pozycja w poziomie nie osiągnie 50. Następnie 'stop' i użyj działa.",
	"Pond.helpText6": "Ten przeciwnik odpłynie po trafieniu. Płyń za nim jeśli jest poza zasięgiem (70 metrów).",
	"Pond.rabbitName": "Królik",
	"Pond.counterName": "Licznik",
	"Pond.rookName": "Wieża",
	"Pond.sniperName": "Snajper",
	"Gallery": "Galeria"
}
