{
	"@metadata": {
		"authors": [
			"Aursani",
			"Mehtab ahmed",
			"Indus Asia",
			"JogiAsad",
			"Tweety"
		]
	},
	"Games.name": "بلاڪي رانديون",
	"Games.puzzle": "ڳجهارت",
	"Games.maze": "ور وڪڙ",
	"Games.bird": "پکي",
	"Games.turtle": "ڪمي",
	"Games.movie": "فلم",
	"Games.music": "موسيقي",
	"Games.pondTutor": "تلاءُ سير",
	"Games.pond": "تلاءُ",
	"Games.genetics": "علم جينيات",
	"Games.linesOfCode1": "اوھان ھي مرحلو جاوا اسڪرپٽ جي 1 سٽ سان مڪمل ڪئي:",
	"Games.linesOfCode2": "اوھان ھي مرحلو جاوا اسڪرپٽ جي %1 سٽ سان مڪمل ڪئي:",
	"Games.nextLevel": "اوھان %1 مرحلي لاءِ تيار آھيو؟",
	"Games.finalLevel": "اوھان ٻي مقابلي لاءِ تيار آھيو؟",
	"Games.submitTitle": "عنوان:",
	"Games.linkTooltip": "محفوظ ڪيو ۽ بلاڪن سان ڳنڍيو",
	"Games.runTooltip": "پنھنجو لکيل پروگرام ھلايو.",
	"Games.runProgram": "پروگرام هلايو",
	"Games.resetTooltip": "پروگرام کي بيھاري مرحلي کي ٻيهر ترتيب ڏيو.",
	"Games.resetProgram": "ٻيهر ترتيب ڏيو",
	"Games.help": "مدد",
	"Games.dialogOk": "ٺيڪ",
	"Games.dialogCancel": "رد",
	"Games.catLogic": "منطق",
	"Games.catLoops": "چڪر",
	"Games.catMath": "رياضي",
	"Games.catText": "اکر",
	"Games.catLists": "فھرست",
	"Games.catColour": "رنگ",
	"Games.catVariables": "ڦرڻا",
	"Games.catProcedures": "عمل",
	"Games.httpRequestError": "ھن درخواست سان مئسلو درپيش آھي.",
	"Games.linkAlert": "%1",
	"Games.hashError": "معذرت %1 ڪنھن بہ محفوظ ڪيل راند سان لاڳاپو نٿي رکي.",
	"Games.xmlError": "اوھان جو محفوظ ڪيل فائل کُلي نہ پيو، اوھان ھن فائل کي ڪنھن ٻي بلاڪي ورزن ۾ محفوظ ڪيو ھو؟",
	"Games.submitted": "ھن پروگرام لاءِ مھرباني! جيڪڏھن اسان جي ڀولڙيَ نما عملي کي پسند آيو، تہ ھن کي گيلري ۾ ڪجھہ ڏينھن اندر شايع ڪيو ويندو.",
	"Games.listVariable": "فهرست",
	"Games.textVariable": "اکر",
	"Games.breakLink": "جيڪڏھن ھڪ دفعي اوھان جاوا اسڪپرٽ جي سنوار شروع ڪئي، اوھان بلاڪن ڏانھن واپس نہ وڃي سگهندو. اھو ٺيڪ آھي؟",
	"Games.blocks": "بلاڪون",
	"Games.congratulations": "مبارڪون!",
	"Games.helpAbort": "ھي مرحلو انتھائي مشڪل آھي. اوھان ان کي اڳتي ڪرڻ چاھيو ٿا ۽ ٻي مرحلي ۾ داخل ٿيڻ چاھيو ٿا؟ اوھان ھميشہ واپس اچي سگهو ٿا.",
	"Index.clear": "پنهنجا سڀ حل ختم ڪريو؟",
	"Index.subTitle": "سڀاڻي جي پروگرامرز لاءِ رانديون.",
	"Index.moreInfo": "وڌيڪ معلومات...",
	"Index.startOver": "ٻيھر شروع ڪندا؟",
	"Index.clearData": "مواد صاف ڪريو",
	"Puzzle.animal1": "بدڪ",
	"Puzzle.animal1Trait1": "کنڀ",
	"Puzzle.animal1Trait2": "چنهب",
	"Puzzle.animal1HelpUrl": "https://en.wikipedia.org/wiki/بدڪ",
	"Puzzle.animal2": "ٻلي",
	"Puzzle.animal2Trait1": "شھپر",
	"Puzzle.animal2Trait2": "پشم",
	"Puzzle.animal2HelpUrl": "https://en.wikipedia.org/wiki/ٻلي",
	"Puzzle.animal3": "مک",
	"Puzzle.animal3Trait1": "ماکي",
	"Puzzle.animal3Trait2": "ڏنگيندڙ",
	"Puzzle.animal3HelpUrl": "https://en.wikipedia.org/wiki/مک",
	"Puzzle.animal4": "سست",
	"Puzzle.animal4Trait1": "کوپو",
	"Puzzle.animal4Trait2": "گپ",
	"Puzzle.animal4HelpUrl": "https://en.wikipedia.org/wiki/Snail",
	"Puzzle.picture": "تصوير:",
	"Puzzle.legs": "ٽنگون:",
	"Puzzle.legsChoose": "چونڊيو...",
	"Puzzle.traits": "لڪيرون",
	"Puzzle.error0": "زبردست!\nسب %1 بلاڪون درست آھن.",
	"Puzzle.error1": "لڳ ڀڳ! ھڪ بلاڪ درست ناھي.",
	"Puzzle.error2": "%1 بلاڪ درست ناھي.",
	"Puzzle.tryAgain": "نمايان ڪيل بلاڪ درست ناھي.\nڪوشش ڪندا رھو.",
	"Puzzle.checkAnswers": "جواب چڪاسيو",
	"Puzzle.helpText": "ھر ھڪ جانور (سائو)، لاءِ تصوير لڳايو، انھن جي ٽنگن جو تعداد ٻڌايو، ۽ ان جي خصوصيتن جو زخيرو جوڙيو.",
	"Maze.moveForward": "اڳتي هلو",
	"Maze.turnLeft": "کاٻي مُڙو",
	"Maze.turnRight": "ساڄي مُڙو",
	"Maze.doCode": "ڪريو",
	"Maze.elseCode": "نہ تہ",
	"Maze.helpIfElse": "جيڪڏھن-نہ تہ بلاڪون ھڪ ڪم ڪنديون يا وري ٻيو ڪم.",
	"Maze.pathAhead": "جيڪڏھن اڳيان رستو ھجي",
	"Maze.pathLeft": "جيڪڏھن کاٻي پاسي رستو ھجي",
	"Maze.pathRight": "جيڪڏھن ساڄي پاسي رستو ھجي",
	"Maze.repeatUntil": "ورجايو جيستائين",
	"Maze.moveForwardTooltip": "کلاڙي کي ھڪ خانو اڳتي وڌايو",
	"Maze.turnTooltip": "کلاڙي کي 90 ڊگري کاٻي يا ساڄي پاسي موڙيو.",
	"Maze.ifTooltip": "جيڪڏھن اتي ڪنھن مخصوص طرف ڏانھن رستو ھجي، تہ ڪجھ عمل ڪيو.",
	"Maze.ifelseTooltip": "جيڪڏھن اتي ڪنھن مخصوص طرف رستو ھجي، تہ عملن جو پھريون بلاڪ شروع ڪيو، ٻي صورت ۾، عملن جو ٻيو بلاڪ ھلايو.",
	"Maze.whileTooltip": "شامل ڪيل عمل ورجائيندا رھو، جيسيتائين مڪمل نقطي تي پھچي وڃي.",
	"Maze.capacity0": "اوھان وٽ %0 چوڪنڊون بچيون آھن.",
	"Maze.capacity1": "اوھان وٽ %1 چوڪنڊو بچيل آھن.",
	"Maze.capacity2": "اوھان وٽ %2 چوڪنڊون بچيل آھن.",
	"Maze.runTooltip": "کلاڙي اھو ڪري جيڪو بلاڪ چئي رھيا آھن.",
	"Maze.resetTooltip": "کلاڙي کي وڙ وڪڙ جي شروعات ۾ واپس ڪيو.",
	"Maze.helpStack": "'اڳتي ھلو' وارن بلاڪن جو زخيرو ڪيو، جيسيتائين مونکي منزل نٿي ملي وڃي.",
	"Maze.helpOneTopBlock": "ھن مرحلي ۾، اوھان کي اڇي ورڪشاپ وارن بلاڪن جو زخيرو ڪرڻو آھي.",
	"Maze.helpRun": "پروگرام ھلايو ڏسو تہ ڇا پيو ٿي.",
	"Maze.helpReset": "اوھان جي پروگرام وڙ وڪڙ کي حل ناھي ڪيو، 'ٻيھر ترتيب ڏيو' کي دٻايو ۽ ٻيھر ڪوشش ڪيو.",
	"Maze.helpRepeat": "ھن رستي جي آخر تائين صرف ٻن بلاڪن جي مدد سان پھچو. 'ورجايو' جي مدد سان ھڪ بلاڪ کي ھڪ کان وڌيڪ ڀيرا ھلايو.",
	"Maze.helpCapacity": "اوھان ھن مرحلي لاءِ سب بلاڪ استعمال ڪري ڇڏيا آھن. نئين بلاڪ جوڙڻ لاءِ، اوھان کي اڳ کان موجود بلاڪ کي مٽائڻو پوندو.",
	"Maze.helpRepeatMany": "'ورجايو' بلاڪ جي اندر اوھان ھڪ کان وڌيڪ بلاڪ لڳائي سگهو ٿا.",
	"Maze.helpSkins": "پنھنجو پسنديدھہ رانديگر ھن مينيو مان چونڊي سگهو ٿا.",
	"Maze.helpIf": "'جيڪڏھن' وارو بلاڪ صرف ان وقت ڪجھہ ڪندو تڏھن شرط درست ھجي، کاٻي پاسي موڙڻ جي ڪوشش ڪيو جيڪڏھن ان طرف رستو آھي.",
	"Maze.helpMenu": "'جيڪڏھن' جي %1 بلاڪ تي ڪلڪ ڪيو تہ جيئن شرط تبديل ڪري سگهجي.",
	"Maze.helpWallFollow": "اوھان ھن مشڪل ور وڪڙ کي حل ڪري سگهو ٿا؟ کاٻي ديوار تي ڪوشش ڪيو. ھي صرف ماھر پرگرامرس لاءِ آھي.",
	"Bird.noWorm": "ڪو بہ ڪيئون ناھي",
	"Bird.heading": "سرخي",
	"Bird.noWormTooltip": "شرط جڏھن پکي ڪيئني کي نہ پڪڙي.",
	"Bird.headingTooltip": "ڏنل رخ جي طرف ھلو، 0 مطلب ساڄو، 90 مطلب سڌو مٿي، وغيرھہ.",
	"Bird.positionTooltip": "ا ۽ ب جون نشايون پکي جي جاءِ ٻڌائين ٿيون. جڏھن ا  = 0 ھجي تہ پکي کاٻي پاسي ھوندي، جڏھن ا = 100 جي ھجي تہ اھا ساڄي پاسي ھوندي، جيڪڏھن ٻ = 0 ھجي تہ پکي ھيٺين طرف ھوندي ۽ جڏھن ٻ = 100 ھجي تہ پکي مٿين طرف ھوندي.",
	"Turtle.hideTurtle": "ڪمي لڪايو",
	"Turtle.showTurtle": "ڪمي نمايو",
	"Turtle.printHelpUrl": "https://en.wikipedia.org/wiki/ڇپائي",
	"Turtle.print": "ڇاپيو",
	"Turtle.fontHelpUrl": "https://en.wikipedia.org/wiki/انڊو",
	"Turtle.font": "اِنڊو",
	"Turtle.fontSize": "اِنڊي ماپ",
	"Turtle.fontNormal": "نارمل",
	"Turtle.fontBold": "گهرو",
	"Turtle.fontItalic": "ترڇو",
	"Turtle.galleryMsg": "گيلري ڏسو",
	"Turtle.submitMsg": "گيلري ۾ جمع ڪرايو",
	"Turtle.helpText3b": "پيلو تارو چِٽيو",
	"Movie.x": "ا",
	"Movie.y": "ب",
	"Movie.x1": "ا شروع ڪيو",
	"Movie.y1": "ب شروع ڪيو",
	"Movie.x2": "ا ختم ڪيو",
	"Movie.y2": "ب ختم ڪيو",
	"Movie.radius": "نيم قطر",
	"Movie.width": "ويڪر",
	"Movie.height": "اوچائي",
	"Movie.circleTooltip": "ھڪ مخصوص جڳھہ تي دائرو ٺاھيندو مخصوص نيم قطر سان.",
	"Movie.circleDraw": "دائرو",
	"Movie.rectTooltip": "ھڪ مخصوص جڳھہ تي چوڪنڊو ٺاھيندو، مخصوص ويڪر ۽ اوچائي سان.",
	"Movie.rectDraw": "چوڪنڊو",
	"Movie.lineTooltip": "هڪ نقطي کان ٻي نقطي تائين ڄاڻايل ويڪر جي ليڪ چِٽي ٿو.",
	"Movie.lineDraw": "ليڪَ",
	"Movie.colourTooltip": "قلم جو رنگ بدلائي ٿو.",
	"Movie.setColour": "رنگ طَي ڪريو",
	"Movie.galleryMsg": "گيلري ڏسو",
	"Movie.submitMsg": "گيلري ۾ جمع ڪرايو",
	"Movie.helpText1": "هيءُ فرد چِٽڻ لاءِ سادا ڊول استعمال ڪريو.",
	"Pond.documentation": "دستاويزسازي",
	"Pond.playerName": "رانديگر",
	"Pond.targetName": "هدف",
	"Pond.pendulumName": "لڏڪڻو",
	"Pond.scaredName": "ڊنل",
	"Pond.rabbitName": "سهو",
	"Pond.counterName": "ڳڻيدڙ",
	"Gallery": "گيلري"
}
