{
	"@metadata": {
		"authors": [
			"Kusavica",
			"Marian.stano",
			"Rudko",
			"HuntaH",
			"Nykta 1917"
		]
	},
	"Games.name": "Hry Blockly",
	"Games.puzzle": "Skladačka",
	"Games.maze": "Bludisko",
	"Games.bird": "Vták",
	"Games.turtle": "Korytnačka",
	"Games.movie": "Film",
	"Games.music": "Hudba",
	"Games.pondTutor": "Nacvičiť si Rybník",
	"Games.pond": "Rybník",
	"Games.genetics": "Genetika",
	"Games.linesOfCode1": "Vyriešil si úroveň jedným riadkom JavaScriptu:",
	"Games.linesOfCode2": "Vyriešil si túto úroveň s %1 riadkami JavaScriptu:",
	"Games.nextLevel": "Pripravený na úroveň %1?",
	"Games.finalLevel": "Pripravený na ďalšiu výzvu?",
	"Games.submitTitle": "Názov:",
	"Games.linkTooltip": "Uložiť a zdieľať odkaz na tento program.",
	"Games.runTooltip": "Spustiť napísaný program.",
	"Games.runProgram": "Spustiť",
	"Games.resetTooltip": "Zastaviť program a vrátiť úroveň do pôvodného stavu.",
	"Games.resetProgram": "Odznova",
	"Games.help": "Pomoc",
	"Games.dialogOk": "OK",
	"Games.dialogCancel": "Zrušiť",
	"Games.catLogic": "Logické",
	"Games.catLoops": "Slučky",
	"Games.catMath": "Matematika",
	"Games.catText": "Textové",
	"Games.catLists": "Zoznamy",
	"Games.catColour": "Farba",
	"Games.catVariables": "Premenné",
	"Games.catProcedures": "Funkcie",
	"Games.httpRequestError": "Nastal problém pri spracovaní požiadavky.",
	"Games.linkAlert": "Zdieľať odkaz na tento program: %1",
	"Games.hashError": "Prepáč, '%1' nie je meno žiadneho uloženého programu.",
	"Games.xmlError": "Nebolo možné načítať uložený súbor. Možno bol vytvorený v inej verzii Blockly.",
	"Games.submitted": "Ďakujeme Vám za tento program! Ak sa našim cvičeným opičkám (zamestnancom) bude páčiť, uverejnia ho v galérii v priebehu niekoľkých dní.",
	"Games.listVariable": "zoznam",
	"Games.textVariable": "text",
	"Games.breakLink": "Ak už raz začnete písať JavaScript, nemôžete sa vrátiť k úprave blokov. Je to v poriadku?",
	"Games.blocks": "Bloky",
	"Games.congratulations": "Blahoželáme!",
	"Games.helpAbort": "Táto úroveň je veľmi ťažká. Chceš ju preskočiť a pozrieť sa na ďalšiu hru? Neskôr sa sem môžeš vrátiť.",
	"Index.clear": "Zmazať všetky tvoje riešienia?",
	"Index.subTitle": "Hry pre budúcich programátorov.",
	"Index.moreInfo": "Informácie pre vzdeľávateľov...",
	"Index.startOver": "Chceš začať odznova?",
	"Index.clearData": "Zmazať údaje",
	"Puzzle.animal1": "Kačica",
	"Puzzle.animal1Trait1": "Perie",
	"Puzzle.animal1Trait2": "Zobák",
	"Puzzle.animal1HelpUrl": "https://en.wikipedia.org/wiki/Duck",
	"Puzzle.animal2": "Mačka",
	"Puzzle.animal2Trait1": "Fúzy",
	"Puzzle.animal2Trait2": "Kožúšok",
	"Puzzle.animal2HelpUrl": "https://en.wikipedia.org/wiki/Cat",
	"Puzzle.animal3": "Včela",
	"Puzzle.animal3Trait1": "Med",
	"Puzzle.animal3Trait2": "Žihadlo",
	"Puzzle.animal3HelpUrl": "https://en.wikipedia.org/wiki/Bee",
	"Puzzle.animal4": "Slimák",
	"Puzzle.animal4Trait1": "Ulita",
	"Puzzle.animal4Trait2": "Sliz",
	"Puzzle.animal4HelpUrl": "https://en.wikipedia.org/wiki/Snail",
	"Puzzle.picture": "obrázok:",
	"Puzzle.legs": "nohy:",
	"Puzzle.legsChoose": "zvoliť...",
	"Puzzle.traits": "vlastnosti:",
	"Puzzle.error0": "Výborne!\nVšetkých %1 blokov je na správnom mieste.",
	"Puzzle.error1": "Takmer! Jeden blok je nesprávne.",
	"Puzzle.error2": "%1 blokov je nesprávne.",
	"Puzzle.tryAgain": "Zvýraznený blok nie je správne.\nSkúšaj ďalej.",
	"Puzzle.checkAnswers": "Skontrolovať odpovede",
	"Puzzle.helpText": "Ku každému zvieraťu (zelené) priraď počet nôh a usporiadaj vlastnosti.",
	"Maze.moveForward": "choď dopredu",
	"Maze.turnLeft": "otoč sa vľavo",
	"Maze.turnRight": "otoč sa vpravo",
	"Maze.doCode": "urob",
	"Maze.elseCode": "inak",
	"Maze.helpIfElse": "Príkaz ak-inak urobí buď jedno alebo druhé.",
	"Maze.pathAhead": "ak je cesta pred",
	"Maze.pathLeft": "ak je cesta vľavo",
	"Maze.pathRight": "ak je cesta vpravo",
	"Maze.repeatUntil": "opakuj kým nebude",
	"Maze.moveForwardTooltip": "Posun hráča o jednu dĺžku dopredu.",
	"Maze.turnTooltip": "Otočenie hráča o 90° vľavo či vpravo.",
	"Maze.ifTooltip": "Ak je tým smerom cesta, vykonaj príkazy.",
	"Maze.ifelseTooltip": "Ak je tým smerom cesta, vykonaj prvý blok príkazov. Inak vykonaj druhý blok príkazov.",
	"Maze.whileTooltip": "Opakuj príkazy vo vnútri bloku, až kým neprídeš do cieľa.",
	"Maze.capacity0": "Zostalo ti %0 blokov.",
	"Maze.capacity1": "Máš už iba %1 blok.",
	"Maze.capacity2": "Zostalo ti ešte %2 blokov.",
	"Maze.runTooltip": "Postavička vykoná to, čo je napísané na bloku.",
	"Maze.resetTooltip": "Presunúť hráča späť na začiatok bludiska.",
	"Maze.helpStack": "Program je postupnosť blokov. Pospájaj niekoľko blokov 'vpred' a pomôž mi dôjsť do cieľa.",
	"Maze.helpOneTopBlock": "V tejto úrovni máš na bielej ploche poskladať všetky diely skladačky.",
	"Maze.helpRun": "Spusti svoj program a uvidíš, čo sa stane.",
	"Maze.helpReset": "Tvoj program neprešiel cez bludisko. Stlač \"Obnoviť\" a skús to znova.",
	"Maze.helpRepeat": "Dosiahni cieľ použitím len dvoch blokov. Na zopakovanie bloku použi blok 'opakuj'.",
	"Maze.helpCapacity": "Využil si všetky bloky dostupné v tejto úrovni. Ak chceš nový blok, odstráň najprv nejaký existujúci.",
	"Maze.helpRepeatMany": "Do opakovacieho bloku môžeš umiestniť aj viac ako jeden blok.",
	"Maze.helpSkins": "Zvoľ si svojho obľúbeného hráča z ponuky.",
	"Maze.helpIf": "Rozhodovací blok 'ak' urobí niečo len v prípade, že je splnená podmienka. Skús otočenie vľavo, ak je cesta naľavo.",
	"Maze.helpMenu": "Klikni na %1 v rozhodovacom bloku a nastav podmienku.",
	"Maze.helpWallFollow": "Zvládneš aj toto komplikované bludisko?\nSkús ísť popri ľavej stene. Len pre pokročilých programátorov!",
	"Bird.noWorm": "nemá červa",
	"Bird.heading": "smer",
	"Bird.noWormTooltip": "Podmienka ak ešte vták nechytil červa.",
	"Bird.headingTooltip": "Pohybuj sa v smere uhla. 0 je vpravo, 90 je nahor atď.",
	"Bird.positionTooltip": "x a y označujú pozíciu vtáka. Keď x = 0, vták je blízko ľavého okraja, keď x = 100, je blízko pravého okraja. Keď y = 100, je navrchu.",
	"Bird.helpHeading": "Zmeň smer vtáka tak, aby chytil červa a pristál v hniezde.",
	"Bird.helpHasWorm": "Použi tento blok na pohyb jedným smerom, ak máš červa, alebo iným smerom, ak ho nemáš.",
	"Bird.helpX": "'x' je tvoja momentálna vodorovná pozícia. Použi blok na pohyb jedným smerom, ak 'x' je menej ako číslo, alebo iným smerom, ak je to inak.",
	"Bird.helpElse": "Klikni na inkonku a zmeň blok 'ak'.",
	"Bird.helpElseIf": "V tejto úrovni sú potrebné bloky 'inak ak' aj 'inak'.",
	"Bird.helpAnd": "Blok 'a' je pravda len ak oba jeho vstupy sú pravdivé.",
	"Bird.helpMutator": "Potiahni blok 'inak' dovnútra bloku 'ak'.",
	"Turtle.moveTooltip": "Presunie korytnačku dopredu alebo dozadu o určitý počet krokov.",
	"Turtle.moveForward": "posunúť dopredu o",
	"Turtle.moveBackward": "posunúť vzad o",
	"Turtle.turnTooltip": "Korytnačka sa otočí vľavo alebo vpravo o zadaný počet stupňov.",
	"Turtle.turnRight": "otočiť vpravo o",
	"Turtle.turnLeft": "otočiť vľavo o",
	"Turtle.widthTooltip": "Zmeniť hrúbku pera.",
	"Turtle.setWidth": "nastaviť šírku",
	"Turtle.colourTooltip": "Zmeniť farbu pera.",
	"Turtle.setColour": "nastaviť farbu",
	"Turtle.penTooltip": "Pero hore alebo dole, skončí alebo začne kresliť.",
	"Turtle.penUp": "pero hore",
	"Turtle.penDown": "pero dole",
	"Turtle.turtleVisibilityTooltip": "Ukáže alebo skryje korytnačku (krúžok so šípkou).",
	"Turtle.hideTurtle": "skryť korytnačku",
	"Turtle.showTurtle": "ukázať korytnačku",
	"Turtle.printHelpUrl": "https://sk.wikipedia.org/wiki/Kn%C3%ADhtla%C4%8D",
	"Turtle.printTooltip": "Vypíše text na pozícii korytnačky v smere jej natočenia.",
	"Turtle.print": "tlačiť",
	"Turtle.fontHelpUrl": "https://sk.wikipedia.org/wiki/Font_%28po%C4%8D%C3%ADta%C4%8De%29",
	"Turtle.fontTooltip": "Nastaví písmo, ktoré používa tlačový dielec.",
	"Turtle.font": "písmo",
	"Turtle.fontSize": "veľkosť písma",
	"Turtle.fontNormal": "normálne",
	"Turtle.fontBold": "tučné",
	"Turtle.fontItalic": "kurzíva",
	"Turtle.submitDisabled": "Spustiť program, až kým nezastaví. Potom môžeš svoj výtvor poslať do galérie.",
	"Turtle.galleryTooltip": "Otvoriť galériu obrázkov.",
	"Turtle.galleryMsg": "Prezrieť galériu",
	"Turtle.submitTooltip": "Pošlite Váš obrázok do galérie.",
	"Turtle.submitMsg": "Poslať do Galérie",
	"Turtle.helpUseLoop": "Tvoje riešenie pracuje, ale môže byť ešte lepšie.",
	"Turtle.helpUseLoop3": "Nakresli tento útvar iba s tromi blokmi.",
	"Turtle.helpUseLoop4": "Nakresli hviezdičku iba so štyrmi blokmi.",
	"Turtle.helpText1": "Vytvor program, ktorý kreslí štvorec.",
	"Turtle.helpText2": "Zmeň svoj program tak, aby namiesto štvorca nakreslil päťuholník.",
	"Turtle.helpText3a": "Pribudol nový blok, ktorý mení farbu čiary:",
	"Turtle.helpText3b": "Nakresli žltú hviezdičku.",
	"Turtle.helpText4a": "Pribudol nový blok, ktorým sa zdvíha pero z papiera:",
	"Turtle.helpText4b": "Nakresli žltú hviezdičku a potom čiaru nad ňou.",
	"Turtle.helpText5": "Namiesto jednej hviezdičky nakresli štyri, usporiadné do štvorca.",
	"Turtle.helpText6": "Nakresli tri žlté hviezdy a jednu bielu čiaru.",
	"Turtle.helpText7": "Nakresli hviezdy, a potom štyri biele čiary.",
	"Turtle.helpText8": "360 bielych čiar bude pripomínať mesiac v splne.",
	"Turtle.helpText9": "Ak pridáš ešte čierny kruh, z mesiaca sa stane polmesiac.",
	"Turtle.helpText10": "Nakresli si čokoľvek. Pribudlo mnoho nových blokov, ktoré môžeš preskúmať. Bav sa!",
	"Turtle.helpText10Reddit": "Použi tlačidlo \"Prezrieť Galériu\" a prezri si výtvory iných ľudí. Ak nakreslíš niečo zaujímavé, stlač \"Poslať do Galérie\" a zverejni svoj výtvor.",
	"Turtle.helpToolbox": "Zvoľ si kategóriu a prezri si bloky v nej.",
	"Movie.x": "x",
	"Movie.y": "y",
	"Movie.x1": "štart x",
	"Movie.y1": "štart y",
	"Movie.x2": "cieľ x",
	"Movie.y2": "cieľ y",
	"Movie.radius": "polomer",
	"Movie.width": "hrúbka",
	"Movie.height": "výška",
	"Movie.circleTooltip": "Nakreslí kružnicu na zadaných súradniciach s daným polomerom.",
	"Movie.circleDraw": "kružnica",
	"Movie.rectTooltip": "Nakreslí obdĺžnik na zadaných súradniciach s danou výškou a šírkou.",
	"Movie.rectDraw": "obdĺžnik",
	"Movie.lineTooltip": "Nakreslí čiaru danej hrúbky z jedného bodu do druhého.",
	"Movie.lineDraw": "čiara",
	"Movie.timeTooltip": "Vráti aktuálny čas v animácii (0-100)",
	"Movie.colourTooltip": "Zmení farbu pera.",
	"Movie.setColour": "nastav farbu na",
	"Movie.submitDisabled": "Tvoj film sa zatiaľ nehýbe. Urob si z dielikov niečo zaujímavé. Potom nám svoj film môžeš vyzdieľať do galérie.",
	"Movie.galleryTooltip": "Otvoriť galériu filmov.",
	"Movie.galleryMsg": "Zobraziť galériu",
	"Movie.submitTooltip": "Vložte váš film do galérie.",
	"Movie.submitMsg": "Poslať do galérie",
	"Movie.helpLayer": "Premiestnite kruh z pozadia na vrch Vášho programu. Následne sa objaví za osobou.",
	"Movie.helpText1": "Nakresli postavu jenoduchými tvarmi",
	"Movie.helpText2a": "V tejto úrovni tvoríš film. Potrebuješ, aby sa ruka človeka pohybovala po obrazovke. Stlač tlačidlo na prehratie, aby si zhľiadol náhľad.",
	"Movie.helpText2b": "Počas prehrávania filmu sa hodnota bloku 'čas' mení od 0 do 100. Pretože chceš meniť vodorovnú polohu od 0 do 100, malo to by byť jednoduché.",
	"Movie.helpText3": "Blok 'čas' počíta od 0 do 100. Tentoraz chceš, aby vodorovná poloha druhej ruky začala na 100 a znížila sa na 0. Dokážeš prísť na jednoduchý matematický vzorec, ktorý dokáže zmeniť smer?",
	"Movie.helpText4": "Použi vedomosti z predošlej úrovne a vytvor prekrížené nohy.",
	"Movie.helpText5": "Matematický vzorec pre ruku je zložitý. Tu je odpoveď:",
	"Movie.helpText6": "Daj osobe dlane.",
	"Movie.helpText7": "Použi blok Ak na nakreslenie malej hlavy pre prvú polovicu filmu. Potom nakresly veľkú hlavu pre druhú časť filmu.",
	"Movie.helpText8": "Dosiahni toho, aby nohy zmenili svoj smer v polovici filmu.",
	"Movie.helpText9": "Nakresli zvečšujúci sa kruh za osobou.",
	"Movie.helpText10": "Urob si film podľa vlastnej fantázie. Na preskúmanie tu máš veľký počet nových dielikov. Príjemnú zábavu!",
	"Movie.helpText10Reddit": "Tlačidlom \"Galéria\" si prezri filmy iných ľudí. Ak sa ti podarí zaujímavý film, zverejníš ho tlačidlo \"Zdieľať do galérie\".",
	"Music.playNoteTooltip": "Zahrá jednu notu so špecifikovanou dĺžkou a výškou.",
	"Music.playNote": "zahraj %1 notu %2",
	"Music.firstPart": "prvá časť",
	"Music.piano": "piano",
	"Music.violin": "husle",
	"Music.guitar": "gitara",
	"Music.flute": "flauta",
	"Music.drum": "bubny",
	"Music.galleryMsg": "Zobraziť galériu",
	"Music.submitTooltip": "Pošli svoju hudbu na Reddit.",
	"Pond.scanTooltip": "Hľadá nepriateľa. Zadaj smer (0-360). Vráti vzdialenosť od najbližšieho nepriateľa v danom smere. Vráti Nekonečno ak v danom smere nie je žiadny nepriateľ.",
	"Pond.cannonTooltip": "Vypáli z dela. Zadaj smer (0-360) a silu (0-70).",
	"Pond.swimTooltip": "Pláva vpred. Zadaj smer (0-360).",
	"Pond.stopTooltip": "Skončí plávanie. Hráč sa pomaly zastaví.",
	"Pond.healthTooltip": "Vráti momentálne zdravie hráča (0 je mŕtvy, 100 zdravý).",
	"Pond.speedTooltip": "Vráti momentálnu rýchlosť hráča (0 stojaci, 100 plná rýchlosť).",
	"Pond.locXTooltip": "Vráti vodorovnú (x) súradnicu hráča (0 ľavý okraj, 100 pravý okraj).",
	"Pond.locYTooltip": "Vráti zvislú (y) súradnicu hráča (0 dolný okraj, 100 horný okraj).",
	"Pond.docsTooltip": "Zobrazí dokumentáciu programovacieho jazyka.",
	"Pond.documentation": "Dokumentácia",
	"Pond.playerName": "Hráč",
	"Pond.targetName": "Terč",
	"Pond.pendulumName": "Kyvadlo",
	"Pond.scaredName": "Strachopud",
	"Pond.helpUseScan": "Tvoje riešenie pracuje, ale môžeš to urobiť lepšie. Pomocou príkazu \"scan\" povedz kanónu, ako ďaleko má strieľať.",
	"Pond.helpText1": "Na zasiahnutie cieľa použi príkaz \"cannon\". Prvý parameter je uhol, druhý parameter je sila. Nájdi správnu kombináciu oboch čisel.",
	"Pond.helpText2": "Tento cieľ treba zasiahnuť veľakrát. Slučka \"while (true)\" opakuje niečo donekonečna.",
	"Pond.helpText3a": "Tento protivník sa pohybuje tam a späť, takže je ťažké ho zasiahnuť. Výraz \"scan\" vráti presnú silu na zasiahnutie súpera v určenom smere.",
	"Pond.helpText3b": "Presne takúto silu potrebuje príkaz \"cannon\" na presný zásah.",
	"Pond.helpText4": "Tento protivník je mimo dosahu kanóna (ktorý má limit 70 metrov). Namiesto streľby použi príkaz \"swim\", plávaj smerom k protivníkovi a nabúraj doň.",
	"Pond.helpText5": "Tento protivník je tiež mimo dosahu kanóna. Si príliš slabý a náraz neprežiješ. Plávaj teda smerom k súperovi, kým je tvoja vodorovná súradnica menšia ako 50. Potom použi \"stop\" a \"cannon\".",
	"Pond.helpText6": "Tento protivník po zásahu začne utekať. Ak je mimo dosahu, plávaj mu oproti.",
	"Pond.rabbitName": "Králik",
	"Pond.counterName": "Počítadlo",
	"Pond.rookName": "Veža",
	"Pond.sniperName": "Ostreľovač"
}
