{
	"@metadata": {
		"authors": [
			"Anzeljg",
			"Eleassar",
			"Igor.pesek",
			"Dbc334",
			"HairyFotr",
			"Stefanb",
			"MaxiMouse"
		]
	},
	"Games.name": "Blockly igre",
	"Games.puzzle": "Sestavljanka",
	"Games.maze": "Labirint",
	"Games.bird": "Ptič",
	"Games.turtle": "Želva",
	"Games.movie": "Film",
	"Games.music": "Glasba",
	"Games.pondTutor": "Ribnik Mentor",
	"Games.pond": "Ribnik",
	"Games.genetics": "Genetika",
	"Games.linesOfCode1": "Stopnjo si rešil/-a z 1 vrstico JavaScript-a:",
	"Games.linesOfCode2": "To stopnjo si rešil z %1 vrsticami JavaScript-a.",
	"Games.nextLevel": "Si pripravljen(-a) na stopnjo %1?",
	"Games.finalLevel": "Si pripravljen(-a) na naslednji izziv?",
	"Games.submitTitle": "Naslov:",
	"Games.linkTooltip": "Shrani in poveži do delčkov.",
	"Games.runTooltip": "Poženi program, ki si ga napisal/-a.",
	"Games.runProgram": "Poženi program",
	"Games.resetTooltip": "Ustavi program in ponastavi stopnjo.",
	"Games.resetProgram": "Ponastavi",
	"Games.help": "Pomoč",
	"Games.dialogOk": "V redu",
	"Games.dialogCancel": "Prekliči",
	"Games.catLogic": "Logika",
	"Games.catLoops": "Zanke",
	"Games.catMath": "Matematika",
	"Games.catText": "Besedilo",
	"Games.catLists": "Seznami",
	"Games.catColour": "Barva",
	"Games.catVariables": "Spremenljivke",
	"Games.catProcedures": "Funkcije",
	"Games.httpRequestError": "Prišlo je do težave z zahtevo.",
	"Games.linkAlert": "Deli svoje delčke s povezavo: %1",
	"Games.hashError": "Oprosti, '%1' se ne ujema z nobenim shranjenim programom.",
	"Games.xmlError": "Ne morem naložiti shranjene datoteke. Mogoče je bila ustvarjena z drugo različico Blocklyja?",
	"Games.submitted": "Hvala za ta program! Če bo našemu osebju usposobljenih opic všeč, ga bomo v nekaj dneh objavili v galeriji.",
	"Games.listVariable": "seznam",
	"Games.textVariable": "besedilo",
	"Games.breakLink": "Ko začneš urejati JavaScript, se ne moreš vrniti nazaj na urejanje delčkov. Je to v redu?",
	"Games.blocks": "Delčki",
	"Games.congratulations": "Čestitke!",
	"Games.helpAbort": "Ta stopnja je zelo težka. Jo želiš preskočiti in začeti z naslednjo igro? Vedno se lahko kasneje vrneš.",
	"Index.clear": "Izbrišem vse tvoje rešitve?",
	"Index.subTitle": "Igre za jutrišnje programerje.",
	"Index.moreInfo": "Informacije za izobraževalce ...",
	"Index.startOver": "Želiš začeti znova?",
	"Index.clearData": "Izbriši podatke",
	"Puzzle.animal1": "Raca",
	"Puzzle.animal1Trait1": "Perje",
	"Puzzle.animal1Trait2": "Kljun",
	"Puzzle.animal1HelpUrl": "https://en.wikipedia.org/wiki/Duck",
	"Puzzle.animal2": "Mačka",
	"Puzzle.animal2Trait1": "Brki",
	"Puzzle.animal2Trait2": "Dlaka",
	"Puzzle.animal2HelpUrl": "https://en.wikipedia.org/wiki/Cat",
	"Puzzle.animal3": "Čebela",
	"Puzzle.animal3Trait1": "Med",
	"Puzzle.animal3Trait2": "Želo",
	"Puzzle.animal3HelpUrl": "https://en.wikipedia.org/wiki/Bee",
	"Puzzle.animal4": "Polž",
	"Puzzle.animal4Trait1": "Hišica",
	"Puzzle.animal4Trait2": "Sluz",
	"Puzzle.animal4HelpUrl": "https://en.wikipedia.org/wiki/Snail",
	"Puzzle.picture": "slika:",
	"Puzzle.legs": "noge:",
	"Puzzle.legsChoose": "izberi ...",
	"Puzzle.traits": "lastnosti:",
	"Puzzle.error0": "Odlično!\nVsi %1 delčki so pravilni.",
	"Puzzle.error1": "Skoraj! En delček je napačen.",
	"Puzzle.error2": "%1 delčki so nepravilni.",
	"Puzzle.tryAgain": "Označen delček ni pravilen.\nPoskusi še enkrat.",
	"Puzzle.checkAnswers": "Preveri odgovore",
	"Puzzle.helpText": "Za vsako žival (zelena), pripni ustrezno sliko, izberi število nog in izdelaj seznam pripadajočih lastnosti.",
	"Maze.moveForward": "pojdi naprej",
	"Maze.turnLeft": "zavij levo",
	"Maze.turnRight": "zavij desno",
	"Maze.doCode": "naredi",
	"Maze.elseCode": "sicer",
	"Maze.helpIfElse": "Delčki »če-potem« bodo izvedli eno ali drugo stvar.",
	"Maze.pathAhead": "če pot naprej",
	"Maze.pathLeft": "če pot na levo",
	"Maze.pathRight": "če pot na desno",
	"Maze.repeatUntil": "ponavljaj dokler ni",
	"Maze.moveForwardTooltip": "Premakne igralca naprej za en kvadrat.",
	"Maze.turnTooltip": "Obrne igralca levo ali desno za 90 stopinj.",
	"Maze.ifTooltip": "Če je pot v določeno smer, potem izvede nekaj ukazov.",
	"Maze.ifelseTooltip": "Če je pot v določeno smer, potem izvede prvi sklop ukazov. \nDrugače izvede drugi sklop ukazov.",
	"Maze.whileTooltip": "Ponavljaj ograjene delčke dokler ne dosežeš cilja.",
	"Maze.capacity0": "Na voljo imaš še %0 delčkov.",
	"Maze.capacity1": "Na voljo imaš še %1 delček.",
	"Maze.capacity2": "Na voljo imaš še %2 delčkov.",
	"Maze.runTooltip": "Igralec začne izvajati, kar je zapisano na delčkih.",
	"Maze.resetTooltip": "Postavi igralca na začetek labirinta.",
	"Maze.helpStack": "Da mi boš pomagal(-a) doseči cilj, sestavi nekaj delčkov 'premakni naprej'.",
	"Maze.helpOneTopBlock": "Na tej ravni moraš sestaviti vse delčke na delovnem prostoru.",
	"Maze.helpRun": "Zaženi svoj program, da vidiš, kaj se zgodi.",
	"Maze.helpReset": "Tvoj program ni rešil labirinta. Pritisni 'Ponastavi' in poskusi ponovno.",
	"Maze.helpRepeat": "Dosezite konec te poti z uporabo samo dveh blokov. Za večkratni zagon bloka kliknite 'ponovi'.",
	"Maze.helpCapacity": "Porabili ste vse bloke na tej ravni. Za ustvaritev novega bloka morate najprej izbrisati obstoječi blok.",
	"Maze.helpRepeatMany": "V blok 'ponovi' lahko postavite več kot en blok.",
	"Maze.helpSkins": "Izberi svojega najljubšega igralca iz tega seznama.",
	"Maze.helpIf": "Blok 'if' bo nekaj storil samo, če je pogoj resničen. Če je pot na levi, se poskusite obrniti levo.",
	"Maze.helpMenu": "Za spremembo njegovega pogoja kliknite %1 v bloku 'if'.",
	"Maze.helpWallFollow": "Ali lahko rešiš ta zapleteni labirint? Poskusi slediti levi steni. Samo za izkušene programerje!",
	"Bird.noWorm": "nima črva",
	"Bird.heading": "smer",
	"Bird.noWormTooltip": "Pogoj, ko ptica ni dobila črva.",
	"Bird.headingTooltip": "Premik v smeri danega kota: 0 je na desni, 90 naravnost gor, itd.",
	"Bird.positionTooltip": "x in y označujeta položaj ptice. Ko je x = 0, je ptica blizu levega roba. Ko je x = 100, je ptica blizu desnega roba. Ko je y = 0, je ptica na spodnjem robu. Ko je y = 100, je ptica na zgornjem robu.",
	"Bird.helpHeading": "Spremeni smerni kot, da bo ptica ujela črva in nato pristala v gnezdu.",
	"Bird.helpHasWorm": "Uporabi ta delček, da greš v eno smer, če črva imaš in v drugo smer, če črva nimaš.",
	"Bird.helpX": "'x' je tvoj trenutni vodoravni položaj. Uporabi ta delček, da greš v eno smer, če je 'x' manjši od števila, sicer v drugo smer.",
	"Bird.helpElse": "Klikni ikono, da spremeniš delček 'če'.",
	"Bird.helpElseIf": "V tej stopnji moraš uporabiti delčka \"drugače če\" in \"drugače\".",
	"Bird.helpAnd": "Delček \"in\" je resničen natanko tedaj, ko sta oba vhoda (podatka) resnična.",
	"Bird.helpMutator": "Povleci delček \"drugače\" v delček \"če\".",
	"Turtle.moveTooltip": "Premakne želvo naprej ali nazaj za določeno količino.",
	"Turtle.moveForward": "pojdi naprej za",
	"Turtle.moveBackward": "pojdi nazaj za",
	"Turtle.turnTooltip": "Obrne želvo levo ali desno za določeno število stopinj.",
	"Turtle.turnRight": "zavij desno za",
	"Turtle.turnLeft": "zavij levo za",
	"Turtle.widthTooltip": "Spremeni širino svinčnika.",
	"Turtle.setWidth": "nastavi širino na",
	"Turtle.colourTooltip": "Spremeni barvo svinčnika.",
	"Turtle.setColour": "nastavi barvo na",
	"Turtle.penTooltip": "Dvigne ali spusti svinčnik za začetek ali konec risanja.",
	"Turtle.penUp": "svinčnik gor",
	"Turtle.penDown": "svinčnik dol",
	"Turtle.turtleVisibilityTooltip": "Skrije ali prikaže želvo (krožec in puščico).",
	"Turtle.hideTurtle": "skrij želvo",
	"Turtle.showTurtle": "prikaži želvo",
	"Turtle.printHelpUrl": "https://en.wikipedia.org/wiki/Printing",
	"Turtle.printTooltip": "Nariše besedilo v želvini smeri in na njenem položaju.",
	"Turtle.print": "natisni",
	"Turtle.fontHelpUrl": "https://en.wikipedia.org/wiki/Font",
	"Turtle.fontTooltip": "Nastavi pisavo, ki jo bo uporabljal delček 'natisni'.",
	"Turtle.font": "pisava",
	"Turtle.fontSize": "velikost pisave",
	"Turtle.fontNormal": "običajno",
	"Turtle.fontBold": "krepko",
	"Turtle.fontItalic": "ležeče",
	"Turtle.submitDisabled": "Poganjaj program, dokler se ne ustavi. Potem lahko svoj izdelek oddaš v galerijo.",
	"Turtle.galleryTooltip": "Odpri galerijo risb.",
	"Turtle.galleryMsg": "Poglej galerijo.",
	"Turtle.submitTooltip": "Oddaj svojo risbo v galerijo.",
	"Turtle.submitMsg": "Oddaj v galerijo",
	"Turtle.helpUseLoop": "Tvoja rešitev deluje, vendar jo lahko izboljšaš.",
	"Turtle.helpUseLoop3": "Nariši obliko s samo tremi delčki.",
	"Turtle.helpUseLoop4": "Nariši zvezdo s štirimi delčki.",
	"Turtle.helpText1": "Ustvari program, ki nariše kvadrat.",
	"Turtle.helpText2": "Spremeni program tako, da bo narisal petkotnik namesto kvadrata.",
	"Turtle.helpText3a": "To je nov delček, ki ti omogoča spremembo barve:",
	"Turtle.helpText3b": "Nariši rumeno zvezdo.",
	"Turtle.helpText4a": "To je nov delček, ki ti omogoča dvig peresa, ko se premikaš:",
	"Turtle.helpText4b": "Nariši majhno rumeno zvezdo in nato črto nad njo.",
	"Turtle.helpText5": "Znaš namesto ene zvezde narisati štiri zvezde razporejene v kvadrat?",
	"Turtle.helpText6": "Nariši tri rumene zvezde in eno belo črto.",
	"Turtle.helpText7": "Najprej nariši zvezde, nato nariši štiri bele črte.",
	"Turtle.helpText8": "360 narisanih belih črt bo izgledalo kot polna luna.",
	"Turtle.helpText9": "Dodaj črn krog tako, da bo nastal lunin krajec.",
	"Turtle.helpText10": "Nariši karkoli želiš. Na voljo imaš veliko število novih delčkov, ki jih je še potrebno odkriti. Uživaj!",
	"Turtle.helpText10Reddit": "Uporabi gumb 'Poglej galerijo', da vidiš, kaj so drugi narisali. Če narišeš kaj zanimivega, uporabi gumb 'Oddaj v galerijo', da risbo objaviš.",
	"Turtle.helpToolbox": "Izberi kategorijo za prikaz delčkov.",
	"Movie.x": "x",
	"Movie.y": "y",
	"Movie.x1": "začetni x",
	"Movie.y1": "začetni y",
	"Movie.x2": "končni x",
	"Movie.y2": "končni y",
	"Movie.radius": "polmer",
	"Movie.width": "širina",
	"Movie.height": "višina",
	"Movie.circleTooltip": "Nariši krog na določenem položaju in z določenim polmerom.",
	"Movie.circleDraw": "krog",
	"Movie.rectTooltip": "Nariši pravokotnik na določenem položaju ter z določeno dolžino in širino.",
	"Movie.rectDraw": "pravokotnik",
	"Movie.lineTooltip": "Nariše črto določene širine od ene do druge točke.",
	"Movie.lineDraw": "črta",
	"Movie.timeTooltip": "Vrne trenutni čas v animaciji (0-100).",
	"Movie.colourTooltip": "Spremeni barvo svinčnika.",
	"Movie.setColour": "nastavi barvo na",
	"Movie.submitDisabled": "Tvoj film se ne premika. Uporabi delčke, da ustvariš nekaj zanimivega. Potem lahko oddaš tvoj film v galerijo.",
	"Movie.galleryTooltip": "Odpri galerijo filmov.",
	"Movie.galleryMsg": "Poglej galerijo.",
	"Movie.submitTooltip": "Oddaj svoj film v galerijo.",
	"Movie.submitMsg": "Oddaj v galerijo",
	"Movie.helpLayer": "Premakni krog v ozadju na vrh svojega programa. Potem se bo pojavil za osebo.",
	"Movie.helpText1": "Uporabi preproste oblike, da narišeš to osebo.",
	"Movie.helpText2a": "v tej stopnji izdeluješ film, v katerem se mora roka premikati po zaslonu. Pritisni gumb za predvajanje, da vidiš predogled.",
	"Movie.helpText2b": "Ko se film predvaja, se vrednost delčka 'time' (čas) šteje od 0 do 100. Ker želiš, da se vodoravni položaj roke začne na 0 in gre do 100, ne bi smelo biti pretežko.",
	"Movie.helpText3": "Delček 'time' šteje od 0 do 100. Vendar se mora zdaj navpični položaj druge roke spreminjati od 100 proti 0. Lahko ugotoviš enostavno matematično formulo, ki bo obrnila smer?",
	"Movie.helpText4": "Uporabi, vse kar si se naučil v prejšnji stopnji in prekrižaj noge.",
	"Movie.helpText5": "Matematična formula za roko je zapletena. Tukaj je odgovor:",
	"Movie.helpText6": "Osebi dodaj par rok.",
	"Movie.helpText7": "Uporabi delček »če« in za prvo polovico filma nariši majhno glavo. Nato nariši veliko glavo za drugo polovico filma.",
	"Movie.helpText8": "Na polovici filma obrni noge v obratno smer.",
	"Movie.helpText9": "Za osebo nariši krog, ki se širi.",
	"Movie.helpText10": "Izdelaj film po svojih željah. Na voljo imaš veliko število novih delčkov, ki jih je še potrebno odkriti. Uživaj!",
	"Movie.helpText10Reddit": "Uporabi gumb 'Poglej galerijo', da vidiš, kakšne filme so drugi ustvarili. Če si ustvaril(-a) kaj zanimivega, uporabi gumb 'Oddaj v galerijo', da film objaviš.",
	"Music.playNoteTooltip": "Predvaja eno glasbeno noto določenega trajanja in višine.",
	"Music.playNote": "zaigraj noto %1 višine %2",
	"Music.restTooltip": "Počaka določen čas.",
	"Music.restWholeTooltip": "Počaka eno celinko.",
	"Music.rest": "pavza %1",
	"Music.setInstrumentTooltip": "Pri predvajanju naslednjih glasbenih not preklopi na določen instrument.",
	"Music.setInstrument": "nastavi glasbilo na %1",
	"Music.startTooltip": "Izvede delčke v notranjosti, ko klikneš gumb 'Zaženi program'.",
	"Music.start": "ob kliku na %1",
	"Music.pitchTooltip": "Ena nota (C4 je 7).",
	"Music.firstPart": "prvi del",
	"Music.piano": "klavir",
	"Music.trumpet": "trobenta",
	"Music.banjo": "banjo",
	"Music.violin": "violina",
	"Music.guitar": "kitara",
	"Music.flute": "flavta",
	"Music.drum": "boben",
	"Music.choir": "zbor",
	"Music.submitDisabled": "Poganjaj program, dokler se ne ustavi. Potem lahko svojo glasbo oddaš v galerijo.",
	"Music.galleryTooltip": "Odpri galerijo glasbe.",
	"Music.galleryMsg": "Poglej galerijo",
	"Music.submitTooltip": "Oddaj svojo glasbo v galerijo.",
	"Music.submitMsg": "Oddaj v galerijo",
	"Music.helpUseFunctions": "Tvoja rešitev deluje, vendar bi lahko bila boljša. Uporabi funkcije, da se iste stvari ne bodo ponavljale na več mestih.",
	"Music.helpUseInstruments": "Glasba bo zvenela bolje, če pri vsakem začetnem delčku uporabiš drug inštrument.",
	"Music.helpText1": "Sestavite prve štiri note pesmi 'Mojster Jaka'.",
	"Music.helpText2a": "'Funkcija' ti omogoča, da združiš delčke in jih nato večkrat zaženeš.",
	"Music.helpText2b": "Ustvari funkcijo za predvajanje prvih štirih not pesmi 'Mojster Jaka'. Zaženi jo dvakrat. Ne dodaj novih delčkov za note.",
	"Music.helpText3": "Ustvari drugo funkcijo za naslednji del pesmi 'Mojster Jaka'. Zadnja nota je daljša.",
	"Music.helpText4": "Ustvari tretjo funkcijo za naslednji del pesmi 'Mojster Jaka'. Prve štiri note so krajše.",
	"Music.helpText5": "Dokončaj celotno pesem 'Mojster Jaka'.",
	"Music.helpText6a": "Z novim delčkom lahko spremeniš inštrument.",
	"Music.helpText6b": "Zaigraj pesem z violino.",
	"Music.helpText7a": "Novi delček doda glasbeno pavzo (tišino).",
	"Music.helpText7b": "Ustvari drugi začetni delček, ki ima dve pavzi in nato zaigra pesem 'Mojster Jaka'.",
	"Music.helpText8": "Vsak začetni delček naj dvakrat zaigra pesem 'Mojster Jaka'.",
	"Music.helpText9": "Ustvari štiri začetne delčke. Vsak od njih naj dvakrat zaigra pesem 'Mojster Jaka'. Dodaj ustrezno število pavz.",
	"Music.helpText10": "Sestavi karkoli želiš. Na voljo imaš ogromno novih delčkov, ki jih lahko raziščeš. Zabavaj se!",
	"Music.helpText10Reddit": "Uporabi gumb 'Poglej Galerijo', da vidiš, kaj so drugi ustvarili. Če ustvariš kaj zanimivega, uporabi gumb 'Oddaj v Galerijo', da glasbo objaviš.",
	"Pond.scanTooltip": "Išče nasprotnike. Določi smer (0-360). Vrne razdaljo do najbližjega nasprotnika v tej smeri. Vrne Neskončno, če ni nasprotnika.",
	"Pond.cannonTooltip": "Sproži top. Določi smer (0-360) in razdaljo (0-70).",
	"Pond.swimTooltip": "Plavaj naprej. Določi smer (0-360).",
	"Pond.stopTooltip": "Ustavi plavanje. Igralec se bo počasi ustavil.",
	"Pond.healthTooltip": "Vrne trenutno igralčevo zdravje (0 je mrtev, 100 je zdrav).",
	"Pond.speedTooltip": "Vrne trenutno igralčevo hitrost (0 je ustavljen, 100 na polni hitrosti).",
	"Pond.locXTooltip": "Vrne X koordinato igralca (0 je na levem robu, 100 je na desnem robu).",
	"Pond.locYTooltip": "Vrne Y koordinato igralca (0 je na spodnjem robu, 100 je na zgornjem robu).",
	"Pond.docsTooltip": "Prikaži dokumentacijo jezika.",
	"Pond.documentation": "Dokumentacija",
	"Pond.playerName": "Igralec",
	"Pond.targetName": "Tarča",
	"Pond.pendulumName": "Nemirni",
	"Pond.scaredName": "Prestrašeni",
	"Pond.helpUseScan": "Tvoja rešitev deluje, vendar znaš boljše. Uporabi 'iskanje', da poveš topu, kako daleč naj strelja.",
	"Pond.helpText1": "Uporabi blok 'top', da zadaneš tarčo. Prvi parameter je kot, drugi parameter je razdalja. Najdi pravo kombinacijo.",
	"Pond.helpText2": "To tarčo je potrebno zadeti večkrat. Uporabi zanko 'dokler', da izvajaš nekaj v neskončnost.",
	"Pond.helpText3a": "Ta nasprotnik se premika nazaj in naprej, zaradi česar ga je težko zadeti. Delček 'iskanje' v določeni smeri vrne natančno razdaljo do nasprotnika.",
	"Pond.helpText3b": "Ta razdalja je natančna razdalja, ki jo potrebuje 'top', da lahko strelja.",
	"Pond.helpText4": "Ta nasprotnik je predaleč za uporabo topa (ki strelja do 70 metrov). Namesto tega uporabi delček 'plavaj', da boš začel(-a) proti nasprotniku plavati in se zaletel(-a) vanj.",
	"Pond.helpText5": "Ta nasprotnik je tudi predaleč, da bi uporabil top. Vendar si prešibek, da bi preživel trk. Plavaj proti nasprotniku dokler je tvoja vodoravna koordinata manjša od 50. Potem se 'ustavi' in uporabi top.",
	"Pond.helpText6": "Ta nasprotnik se bo umaknil, če bo zadet. Zaplavaj proti njemu, če je izven dometa (70 metrov).",
	"Pond.rabbitName": "Zajec",
	"Pond.counterName": "Števec",
	"Pond.rookName": "Trdnjava",
	"Pond.sniperName": "Ostrostrelec",
	"Gallery": "Galerija"
}
