{
	"@metadata": [],
	"Games.linkTooltip": "Hifadhi na kiungo cha vishiku.",
	"Games.runProgram": "Endesha Programu",
	"Games.resetProgram": "Seti upya",
	"Games.dialogOk": "Sawa",
	"Games.httpRequestError": "Kuna shida na amri.",
	"Games.linkAlert": "Sambaza vishiku vyako na kiungo hiki: \n\n%1",
	"Games.hashError": "Samahani, '%1' haiendani na faili yoyote ya Blockly.",
	"Games.xmlError": "Upakiaji wa faili yako iliyohifadhiwa haiwezekani.  Labda iliundwa na toleo tofauti ya Blockly?",
	"Games.puzzle": "Fumbo",
	"Games.maze": "Mzingile",
	"Maze.moveForward": "songa mbele",
	"Maze.turnLeft": "geuka kushoto",
	"Maze.turnRight": "geuka kulia",
	"Maze.doCode": "fanya",
	"Maze.elseCode": "vingenevyo",
	"Maze.helpIfElse": "Hifadhi na kiungo cha vishiku.",
	"Maze.pathAhead": "kama kuna njia mbele",
	"Maze.pathLeft": "kama kuna njia kusoto",
	"Maze.pathRight": "kama kuna njia kulia",
	"Maze.repeatUntil": "rudia mpaka",
	"Maze.moveForwardTooltip": "Kusogeza Bw. Banzi mbele nafasi moja.",
	"Maze.turnTooltip": "Kugeuza Bw. Banzi kushoto au kulia kwa digrii 90.",
	"Maze.ifTooltip": "Iwapo mwelekeo uliobainishwa una njia, kisha fanya matendo fulani.",
	"Maze.ifelseTooltip": "Iwapo mwelekeo uliobainishwa una njia, kisha fanya seti ya kwanza ya matendo. Vingenevyo, fanya seti ya pili ya matendo.",
	"Maze.whileTooltip": "Rudia matendo yalioambatanishwa mpaka mwisho.",
	"Maze.capacity0": "Unavyo bado vishiku vi%0.",
	"Maze.capacity1": "Unacho bado kishiku kimoja.",
	"Maze.capacity2": "Unavyo bado vishiku vi%1.",
	"Maze.helpStack": "Panganya vishiku vichache vya 'songa mbele' ili kunisaidia kufikia lengo.",
	"Maze.helpOneTopBlock": "Katika sehemu hii, itabidi upanganye vishiku vyote ndani ya eneo ya kazi nyeupe.",
	"Maze.helpRepeat": "Kompyuta ina kumbukumbu ndogo. Fikia mwisho wa njia hii kwa kutumia vishiku viwili tu. Tumia 'rudia' kusudi vishiku viende zaidi ya mara moja.",
	"Maze.helpRepeatMany": "Fikia lengo kwa kutumia vishiku vitano tu.",
	"Maze.helpIf": "Vishiku vya 'iwapo' vitatenda kama masharti yake ni kweli tu. Jaribu kugeuka kushota kama kuna njia kwenda kushoto.",
	"Maze.helpWallFollow": "Je, unaweza kutatua mzingile mgumu huu? Jaribu kufuatia ukuta wa kushoto. Wanaprogramu wa juu tu!",
	"Puzzle.legsChoose": "chagua...",
	"Puzzle.error0": "Hongera!\nVishiku vyote %1 ni sahihi.",
	"Puzzle.error1": "Uko karibu! Kishiku kimoja ni kosefu.",
	"Puzzle.error2": "Vishiku vi%1 ni kosefu.",
	"Puzzle.tryAgain": "Kishiku kinachobainishwa ni kosefu.",
	"Games.help": "Huduma",
	"Puzzle.checkAnswers": "Kuangalia Majibu"
}
