{
	"@metadata": {
		"authors": [
			"ElangoRamanujam",
			"Ezhillang"
		]
	},
	"Games.name": "விளைபாடுகள்",
	"Games.puzzle": "புதிர்",
	"Games.maze": "புதிர்பாதை",
	"Games.bird": "பறவை",
	"Games.turtle": "ஆமை",
	"Games.movie": "திரைப்படம்",
	"Games.music": "இசை",
	"Games.pond": "குளம்",
	"Games.linesOfCode1": "முதல் நிலையை ஒரு வரி ஜாவாஸ்க்ரிப்ட்-இல் முடித்தீர்கள்",
	"Games.linesOfCode2": "இந்த நிலையை %1 வரி ஜாவாஸ்க்ரிப்ட்-இல் முடித்தீர்கள்",
	"Games.nextLevel": "நீங்கள் இந்த %1 நிலைக்கு தயாரா?",
	"Games.finalLevel": "நீங்கள் அடுத்த நிலைக்கு தயாரா?",
	"Games.submitTitle": "தலைப்பு:",
	"Games.linkTooltip": "சேமி. மற்றும் சுட்டி இணைக்க",
	"Games.runTooltip": "நிரலை இயக்கு",
	"Games.runProgram": "நிரல் இயக்கவும்",
	"Games.resetTooltip": "நிரலை நிறுத்து. மீளமை.",
	"Games.resetProgram": "மீட்டமை",
	"Games.help": "உதவி",
	"Games.dialogOk": "சரி",
	"Games.dialogCancel": "இரத்து செய்",
	"Games.catLogic": "தர்க்கம்",
	"Games.catLoops": "மடக்குக்கட்டளை",
	"Games.catMath": "கணிதம்",
	"Games.catText": "உரை",
	"Games.catLists": "பட்டியல்",
	"Games.catColour": "நிறம்",
	"Games.catVariables": "மாறி",
	"Games.catProcedures": "செயலாற்றிகள்",
	"Games.httpRequestError": "கோரிக்கையில் ஏதோ சிக்கல்",
	"Games.linkAlert": "சுட்டி பகிர் : %1",
	"Games.listVariable": "பட்டியல்",
	"Games.textVariable": "உரை",
	"Games.blocks": "நிரல் துண்டு",
	"Games.congratulations": "வாழ்த்துக்கள்!",
	"Index.clear": "விடைகளை அழி",
	"Index.subTitle": "நாளைய நிரலாளரின் விளையாட்டுக்கள்",
	"Index.moreInfo": "மேலதிக தகவல்",
	"Index.startOver": "மீண்டும் தொடங்கவா?",
	"Index.clearData": "மாறிகளை அழி",
	"Puzzle.animal1": "வாத்து",
	"Puzzle.animal1Trait1": "இரக்கை",
	"Puzzle.animal1Trait2": "அலகு",
	"Puzzle.animal1HelpUrl": "https://ta.wikipedia.org/wiki/%E0%AE%B5%E0%AE%BE%E0%AE%A4%E0%AF%8D%E0%AE%A4%E0%AF%81",
	"Puzzle.animal2": "பூனை",
	"Puzzle.animal2Trait1": "மீசை",
	"Puzzle.animal2Trait2": "மென்மயிர்",
	"Puzzle.animal2HelpUrl": "https://ta.wikipedia.org/wiki/%E0%AE%AA%E0%AF%82%E0%AE%A9%E0%AF%88",
	"Puzzle.animal3": "தேனீ",
	"Puzzle.animal3Trait1": "தேன்",
	"Puzzle.animal3Trait2": "கொட்டி",
	"Puzzle.animal3HelpUrl": "https://ta.wikipedia.org/wiki/%E0%AE%A4%E0%AF%87%E0%AE%A9%E0%AF%80",
	"Puzzle.animal4": "நத்தை",
	"Puzzle.animal4Trait1": "நத்தை",
	"Puzzle.animal4Trait2": "கோழை",
	"Puzzle.animal4HelpUrl": "https://ta.wikipedia.org/wiki/நத்தை",
	"Puzzle.picture": "படம்:",
	"Puzzle.legs": "கால்கள்:",
	"Puzzle.legsChoose": "தேர்க...",
	"Puzzle.traits": "பண்புக்கூறுகள்:",
	"Puzzle.error0": "அற்புதம். அனைத்து %1 கட்டங்களும் சரியாக இருக்கு.",
	"Puzzle.error1": "நேருங்கியாச்சு, ஒன்று மட்டும் பிழை!",
	"Puzzle.error2": "%1 உறுப்புக்கள் பிழை",
	"Puzzle.checkAnswers": "விடைகளைச் சோதிக்கவும்",
	"Maze.moveForward": "முன்னால் நகரவும்",
	"Maze.turnLeft": "இடப்பக்கம் திரும்புக",
	"Maze.turnRight": "வலப்பக்கம் திரும்புக",
	"Maze.doCode": "செய்க",
	"Maze.elseCode": "இல்லையெனில்",
	"Maze.pathAhead": "பாதை முனன்னே இருந்தால்",
	"Maze.pathLeft": "பாதை இடது பக்கம் இருந்தால்",
	"Maze.pathRight": "பாதை வலது பக்கம் இருந்தால்",
	"Maze.repeatUntil": "பலமுரை திரும்ப செய் (முடயேனில்)",
	"Bird.heading": "தலைப்பு",
	"Turtle.print": "அச்சிடுக",
	"Turtle.font": "எழுத்துரு",
	"Turtle.fontSize": "எழுத்துரு அளவு",
	"Turtle.fontNormal": "வழக்கமான",
	"Turtle.fontBold": "தடித்த",
	"Turtle.fontItalic": "சாய்ந்த",
	"Movie.x": "x",
	"Movie.y": "y",
	"Movie.x1": "x-இல் தொடங்கு",
	"Movie.y1": "y-இல் தொடங்கு",
	"Movie.x2": "x-இல் முடி",
	"Movie.y2": "y-இல் முடி",
	"Movie.radius": "ஆரம்",
	"Movie.width": "அகலம்",
	"Movie.height": "உயரம்",
	"Movie.circleDraw": "வட்டம்",
	"Movie.rectDraw": "நீள் சதுரம்",
	"Movie.lineDraw": "கோடு",
	"Movie.galleryTooltip": "காட்சியகப் படங்களைக் காண்க.",
	"Movie.galleryMsg": "காட்சியகம் காண்க",
	"Movie.submitTooltip": "காட்சியகத்தில் தங்களின் படத்தைச் சமர்ப்பிக்கவும்.",
	"Movie.submitMsg": "காட்சியகத்தில் சமர்ப்பிக்க",
	"Movie.helpText1": "எளிய வரைபடங்களை வரை",
	"Music.violin": "வயலின்",
	"Music.guitar": "கிட்டார்",
	"Music.flute": "புல்லாங்குழல்",
	"Music.drum": "முரசு",
	"Pond.documentation": "உதவி ஆவணம்",
	"Pond.playerName": "வீரர்",
	"Pond.targetName": "இலக்கு",
	"Pond.pendulumName": "ஊசலி",
	"Pond.scaredName": "பயந்திருத்தல்",
	"Pond.rabbitName": "முயல்",
	"Pond.counterName": "எண்ணி",
	"Pond.rookName": "யானை",
	"Pond.sniperName": "மறை வேடர்"
}
