{
	"@metadata": {
		"authors": [
			"Vishwanatha Badikana"
		]
	},
	"Games.name": "ಬ್ಲಾಕ್ಲಿ ಗೊಬ್ಬುಲು",
	"Games.puzzle": "ಒಗಟ್‍",
	"Games.maze": "ತಬ್ಬಿಬ್ಬು ಮಾಲ್ಪು",
	"Games.bird": "ಪಕ್ಕಿ",
	"Games.turtle": "ಏಮೆ",
	"Games.movie": "ಸಿನೆಮೊ",
	"Games.pondTutor": "ಕೆರೆತ ಮೇಲ್ವಿಚಾರಕೆ",
	"Games.pond": "ಕೆರೆ",
	"Games.linesOfCode1": " 1 ಮಾರ್ಗೊದ ಜಾವಾಸ್ಕ್ರಿಪ್ಟ್‌ಗ್ ಈರೆಡ್ದ್ ಈ ಮಟ್ಟ್‌ದ ಪರಿಹಾರೊ",
	"Games.linesOfCode2": "%1 ಮಾರ್ಗೊದ ಜಾವಾಸ್ಕ್ರಿಪ್ಟ್‌ಗ್ ಈರೆಡ್ದ್ ಈ ಮಟ್ಟ್‌ದ ಪರಿಹಾರೊ",
	"Games.nextLevel": "%1 ಮಟ್ಟೊಗು ಈರ್ ತಾಯಾರ್ ಉಲ್ಲರಾ?",
	"Games.finalLevel": "ನಾನೊತ ಸವಾಲ್‌ಗ್ ಈರ್ ತಯಾರ್ ಉಲ್ಲರಾ?",
	"Games.linkTooltip": "ಕೊಂಡಿ ಬೊಕ್ಕ ಒರಿಪಾವುನೆನ್ ಉಂತಾಲೆ.",
	"Games.runTooltip": "ಈರ್ ಬರೆಯಿನ ಯೋಜನೆನ್ ನಡಪಾಲೆ.",
	"Games.runProgram": "ಯೋಜನೆನ್ ನಡಪಾಲೆ",
	"Games.resetTooltip": "ಯೋಜನೆನ್ ಉಂತಾಲೆ ಬೊಕ್ಕ ಮಟ್ಟೊಗು ಪಿರ ಜೋಡಿಸಲೆ",
	"Games.resetProgram": "ಪಿರ ಜೋಡಿಸಲೆ",
	"Games.help": "ಸಕಾಯೊ",
	"Games.dialogOk": "ಅವು",
	"Games.dialogCancel": "ಉಂತಾಲೆ",
	"Games.catLogic": "ವಾದೊ",
	"Games.catLoops": "ಲೂಪ್‍ಲು",
	"Games.catMath": "ಲೆಕ್ಕೊ",
	"Games.catText": "ಪಟ್ಯೊ",
	"Games.catLists": "ಪಟ್ಟಿಲು",
	"Games.catColour": "ಬನ್ನೊ",
	"Games.catVariables": "ವ್ಯತ್ಯಯೊಲು",
	"Games.catProcedures": "ಲೇಸ್‍ಲು",
	"Games.listVariable": "ಪಟ್ಟಿ",
	"Games.textVariable": "ಪಟ್ಯೊ",
	"Games.blocks": "ನಿರ್ಬಂದೊ",
	"Games.congratulations": "ಅಬಿನಂದನೆಲು!",
	"Index.moreInfo": "ದಿಂಜದ ಮಾಯಿತಿ...",
	"Index.clearData": "ಮಾಯಿತಿನ್ ತೆರವು ಮಲ್ಪುಲೆ",
	"Puzzle.animal1": "ಬಾತ್‍ಕೋರಿ",
	"Puzzle.animal1Trait1": "ಸುಯಿಕುಲು",
	"Puzzle.animal1Trait2": "ಕೊಕ್ಕು",
	"Puzzle.animal1HelpUrl": "https://en.wikipedia.org/wiki/ಬಾತ್‌ಕೋರಿ",
	"Puzzle.animal2": "ಪುಚ್ಚೆ",
	"Puzzle.animal2Trait1": "ಮೀಸೆ",
	"Puzzle.animal2Trait2": "ಅಮೆಸುಯಿ",
	"Puzzle.animal2HelpUrl": "https://en.wikipedia.org/wiki/ಪುಚ್ಚೆ",
	"Puzzle.animal3": "ಚೀಯೊದ ಕೆಲೆಂಜಿ",
	"Puzzle.animal3Trait1": "ಚೀಯೊ",
	"Puzzle.animal3Trait2": "ಕೊಡಪ್ಪು",
	"Puzzle.animal3HelpUrl": "https://en.wikipedia.org/wiki/ಚೀಯೊ",
	"Puzzle.animal4": "ಪುವೊಚ್ಚಿ",
	"Puzzle.animal4Trait1": "ಕೋಲ್‍ಚಿಪ್ಪಿ",
	"Puzzle.animal4Trait2": "ಕೆಸರ್",
	"Puzzle.animal4HelpUrl": "https://en.wikipedia.org/wiki/ಪೂವೊಚ್ಚಿ",
	"Puzzle.picture": "ಚಿತ್ರೊ:",
	"Puzzle.legs": "ಕಾರ್‍ಲು:",
	"Puzzle.legsChoose": "ಪೆಜ್...",
	"Puzzle.traits": "ಲಚ್ಚನೊಲು:",
	"Maze.doCode": "ಮಲ್ಪು / ಅಂಚನೆ",
	"Maze.elseCode": "ಬೇತೆ",
	"Maze.repeatUntil": "ಬುಕ್ಕೊ ಮುಟ್ಟೊ",
	"Turtle.print": "ಅಚ್ಚ್ ಮಲ್ಪುಲೆ",
	"Turtle.fontHelpUrl": "https://en.wikipedia.org/wiki/ಅಕ್ಷರೊ",
	"Turtle.font": "ಅಕ್ಷರೊ",
	"Turtle.fontSize": "ಅಕ್ಷರೊದ ಗಾತ್ರೊ",
	"Turtle.fontNormal": "ಸಾದಾರನೊ",
	"Turtle.fontBold": "ದಪ್ಪೊ",
	"Turtle.fontItalic": "ಇಟಾಲಿಕ್",
	"Movie.x": "ಎಕ್ಸ್",
	"Movie.y": "ವೈ",
	"Movie.x1": "ಎಕ್ಸ್ ಸುರು",
	"Movie.y1": "ವೈ ಸುರು",
	"Movie.x2": "ಎಕ್ಸ್ ಅಕೇರಿ",
	"Movie.y2": "ವೈ ಅಕೇರಿ",
	"Movie.radius": "ಕಮ್ಮಿ ಮಲ್ಪು",
	"Movie.width": "ಅಗೆಲೊ",
	"Movie.height": "ಎತ್ತರೊ",
	"Movie.circleDraw": "ಚಕ್ರೊ",
	"Movie.rectDraw": "ಆಯತೊ",
	"Movie.lineDraw": "ಸಾಲ್",
	"Pond.documentation": "ದಾಕಲೀಕರನೊ",
	"Pond.playerName": "ಗೊಬ್ಬುನಕುಲು",
	"Pond.targetName": "ಗುರಿ",
	"Pond.pendulumName": "ಲೋಲಕ್",
	"Pond.scaredName": "ಪೋಡಿತ್‌ನ",
	"Pond.rabbitName": "ಮೇರ್",
	"Pond.counterName": "ಪ್ರತಿಕೂಲೊ"
}
