{
	"@metadata": {
		"authors": [
			"Taj11"
		]
	},
	"Games.name": "ሳንዱቅ ጨዋታ",
	"Games.puzzle": "ግድል",
	"Games.maze": "ሓፁር",
	"Games.bird": "ዒፍ",
	"Games.turtle": "ኣባጋውየ",
	"Games.movie": "ፊልም",
	"Games.music": "ሙዚቃ",
	"Games.pondTutor": "ቃላይ መምህር",
	"Games.pond": "ቃላይ",
	"Games.genetics": "ጀነቲክስ",
	"Games.linesOfCode1": "ነዚ ደረጃ ብ 1 መስመር ጃቫስክሪፕት ፈቲሕካዮ",
	"Games.linesOfCode2": "ነዚ ደረጃ ብ %1 መስመር ጃቫስክሪፕት ፈቲሕካዮ",
	"Games.nextLevel": "ንደረጃ %1 ድልው?",
	"Games.finalLevel": "ንዝቅፅል ጨዋታ ድልው?",
	"Games.submitTitle": "ርእሲ፡",
	"Games.linkTooltip": "ሴቭ ብምግባር ናብ ሳንዱቃት ሊንክ ግበር",
	"Games.runTooltip": "ዝፀሓፍካዮ ፕሮግራም ኣኺዶ",
	"Games.runProgram": "ፕሮግራም ይኺድ",
	"Games.resetTooltip": "ፕሮግራም ኣምቁራፅ ነዚ ደረጃ ከምብሓዱሽ ጀምር",
	"Games.resetProgram": "ከምብሓዱሽ ጀምር",
	"Games.help": "ሓገዝ",
	"Games.dialogOk": "እሺ",
	"Games.dialogCancel": "ሰርዝ",
	"Games.catLogic": "ሎጂክ",
	"Games.catLoops": "ኣዝዋሪታት",
	"Games.catMath": "ሒሳብ",
	"Games.catText": "ፅሑፍ",
	"Games.catLists": "ዝርዝር",
	"Games.catColour": "ሕብሪ",
	"Games.catVariables": "ተተካእቲ",
	"Games.catProcedures": "ፋንክሽናት",
	"Games.httpRequestError": "ኣብቲ ሕቶ ፀገም ኣጋጢሙ",
	"Games.linkAlert": "ሳናዱቅካ በዚ ሊንክ እዚ ኣካፍል፡ %1",
	"Games.hashError": "ይቅርታ፣ '%1' ምስ ዝኾነ ዝተመጠ ፕሮግራም ኣይመሳሰልን።",
	"Games.xmlError": "ዘቀመጥካዮ ፋይል ክፀዓን ኣይከኣለን። ምናልባት ብካልእ ቅዲ ብሎክልይ ዶ ተሰሪሑ ይኾን?",
	"Games.submitted": "ንፕሮግራምካ የቀንየልና! ዝሰልጠኑ ኣባላትና እንተፈትዮሞ፣ ኣብ ውሽጢ ክልተ መዓልትታት ናብ መቀመጢ ከሐትምዎ እዮም።",
	"Games.listVariable": "ዝርዝር",
	"Games.textVariable": "ፅሑፍ",
	"Games.breakLink": "ጃቫስክሪፕት ምፅሓፍ ምስጀመርካ፣ ሳናዱቅ ክትቀያይር ክትምለስ ኣይትኽእልን። ትስማዕማዕ ዶ?",
	"Games.blocks": "ሳናዱቅ",
	"Games.congratulations": "እንኳዕ ደስ በለካ!",
	"Games.helpAbort": "እዚ ደረጃ ብጣዕሚ ከቢድ እዩ። ናብ ቀፃሊ ደረጃ ዶ ክትዘልል ትደሊ? ድሓር ተመሊስካ ክትመፅእ ትክእል ኢኻ።",
	"Index.clear": "ኩሎም መልስታትካ ክትስርዞም?",
	"Index.subTitle": "ጨዋታ ፕሮግራመራት ፅባሕ።",
	"Index.moreInfo": "ንዝበለፀ ሓበሬታ...",
	"Index.startOver": "ከምብሓድሽ ክትጅምር ትደሊ?",
	"Index.clearData": "ዳታ ደምስስ",
	"Puzzle.animal1": "እርግብ",
	"Puzzle.animal1Trait1": "ክንቲት",
	"Puzzle.animal1Trait2": "ኣፍ ዒፍ",
	"Puzzle.animal1HelpUrl": "https://en.wikipedia.org/wiki/Duck",
	"Puzzle.animal2": "ድሙ",
	"Puzzle.animal2Trait1": "ጭሕሚ ድሙ",
	"Puzzle.animal2Trait2": "ጨጉሪ",
	"Puzzle.animal2HelpUrl": "https://en.wikipedia.org/wiki/Cat",
	"Puzzle.animal3": "ንህቢ",
	"Puzzle.animal3Trait1": "መዓር",
	"Puzzle.animal3Trait2": "መንደፍ",
	"Puzzle.animal3HelpUrl": "https://en.wikipedia.org/wiki/Bee",
	"Puzzle.animal4": "ዓረነ",
	"Puzzle.animal4Trait1": "ክዳን ዓረነ",
	"Puzzle.animal4Trait2": "ሓፊስ ፈሳሲ",
	"Puzzle.animal4HelpUrl": "https://en.wikipedia.org/wiki/Snail",
	"Puzzle.picture": "ስእሊ፡",
	"Puzzle.legs": "ኣእጋር፡",
	"Puzzle.legsChoose": "ምረፅ...",
	"Puzzle.traits": "መግለፅታት፡",
	"Puzzle.error0": "ብትኽክል!\nኩሎም %1 ሳናዱቅ ትኽክል'ዮም።",
	"Puzzle.error1": "ዳርጋ ሙሉእ! ሓደ ሳንዱቅ ኣይትኽክልን።",
	"Puzzle.error2": "%1 ሳናዱቅ ኣይልክዕን።",
	"Puzzle.tryAgain": "እቲ ዝተሰመረሉ ሳንዱቅ ልክዕ ኣይኮነን።",
	"Puzzle.checkAnswers": "መልሲ ርአ",
	"Puzzle.helpText": "ንሕድሕድ እንስሳ (ሓምለዋይ)፣ ስእሎም ኣተሓሕዝ፣ ቁፅሪ ኣእጋሮም ምረፅ ከምኡ 'ውን መግለፅታቶም ደርድር።",
	"Maze.moveForward": "ንቅድሚት ኪድ",
	"Maze.turnLeft": "ንፀጋም ተዓፀፍ",
	"Maze.turnRight": "ንየማን ተዓፀፍ",
	"Maze.doCode": "ግበር",
	"Maze.elseCode": "ተዘይኮይኑ",
	"Maze.helpIfElse": "እንድሕር - ተዘይኮይኑ ሳናዱቅ ሓደ ነገር ወይ ካልእ ይገብሩ።",
	"Maze.pathAhead": "ንቅድሜኻ መገዲ እንተሃልዩ",
	"Maze.pathLeft": "ንፀጋምኻ መገዲ እንተሃልዩ",
	"Maze.pathRight": "ንየማንካ መገዲ እንተሃልዩ",
	"Maze.repeatUntil": "ድገም ክሻዕ",
	"Maze.moveForwardTooltip": "ነቲ ተጫዋታይ ሓደ ደረጃ ንቅድሚት የንቀሳቅስ",
	"Maze.turnTooltip": "ነቲ ተጫዋታይ 90 ዲግሪ ንፀጋም ወይ ንየማን ይዓፅፎ።",
	"Maze.ifTooltip": "በቲ ዝተገለፀ ኣንፈት መገዲ እንተሃልዩ፣ ዝኾነ ነገር ግበር",
	"Maze.ifelseTooltip": "በቲ ዝተገለፀ ኣንፈት መገዲ እንተሃልዩ፣ እቲ ናይ መጀመርታ ናይ ተግባር ሳንዱቅ ስራሕ። እንተዘይኮይኑ፣ እቲ ካልአዋይ ናይ ተግባር ሳንዱቅ ስራሕ።",
	"Maze.whileTooltip": "ክሳብ ናይ መወዳእታ ነጥቢ ትበፅሕ፣ እቶም ዝተሓፀሩ ተግባራት ደጋግም።",
	"Maze.capacity0": "%0 ሳናዱቅ ተሪፎምኻ።",
	"Maze.capacity1": "%1 ሳናዱቅ ተሪፎምኻ።",
	"Maze.capacity2": "%2 ሳናዱቅ ተሪፎምኻ።",
	"Maze.runTooltip": "ተጫዋታይ እቶም ሳናዱቅ ዝብልዎ ንክሰርሕ ይገብር።",
	"Maze.resetTooltip": "ተጫዋታይ ኣብ ናይቲ ሓፁር መጀመሪ ቦታ ኣቀምጥ።",
	"Maze.helpStack": "ኣብ ዕላማይ ንክበፅሕ፤ ፅምዲ 'ንቅድሚት ኪድ' ዝብሉ ሳናዱቅ ኣቀምጥ።",
	"Maze.helpOneTopBlock": "ኣብዚ ደረጃ፣ ኩሎም ሳናዱቅ ኣብቲ ፃዕዳ ቦታ ክትድርድሮም ኣለካ።",
	"Maze.helpRun": "እንታይ ከምዝኾን ንምርኣይ ፕሮግራምካ ኣኺዶ።",
	"Maze.helpReset": "ፕሮግራምካ ነቲ ሓፁር ኣይፈትሖን። እንደገና ንምምኳር 'ከምብሓዱሽ ጀምር' ዝብል ጠውቅ።",
	"Maze.helpRepeat": "ክልተ ሳናዱቅ ጥራሕ ብምጥቃም ነዚ መገዲ እዚ ጨርስ። ሓደ ሳንዱቅ ካብ ሓደ ግዜ ንምክያድ 'ድገም' ዝብል ጠውቅ።",
	"Maze.helpCapacity": "ናይዚ ደረጃ ሳናዱቅ ኩሎም ተጠቂምካሎም። ሓዱሽ ሳንዱቅ ንምፍጣር፣ መጀመርታ ካብ ዘለው ሳናዱቅ ሓደ ደምስስ።",
	"Maze.helpRepeatMany": "'ድገም' ኣብ ዝብል ብሎክ ውሽጢ ካብ ሓደ ንላዕሊ ክተቅምጥ ትኽእል።",
	"Maze.helpSkins": "እትፈትዎ ተጫዋቲ ካብዚ ሜኑ እዚ ምረፅ።",
	"Maze.helpIf": "'እንድሕር' ዝብል ብሎክ ዝሰርሕ እቲ ኩነታት ሓቂ እንተኾይኑ ጥራሕ እዩ። መገዲ እንተሃልዩ ንፀጋም ንምዕፃፍ መኩር።",
	"Maze.helpMenu": "እቲ ኩነታት ንምቅያር ኣብ ውሽጢ 'እንድሕር' ሳንዱቅ ዘሎ %1 ጠውቅ።",
	"Maze.helpWallFollow": "ነዚ ዝተሓላለኸ ሓፁር ክትፈትሖ ትኽእል? ፀጋማይ ኢድ እቲ መንደቅ እናተኸተልካ መኩር። ንሓያላት ፕሮግራመራት ጥራሕ!",
	"Bird.noWorm": "ሓሰኻ የብሉን።",
	"Bird.heading": "ኣንፈት",
	"Bird.noWormTooltip": "እታ ዒፍ ነቲ ሓሰኻ እንተዘይረኺባቶ ዘሎ ኩነታት",
	"Bird.headingTooltip": "በቲ ዝተውሃበ ኩርናዕ ኣንፈት ተንቀሳቀስ። 0 ን የማን እዩ፣ 90 ቀጥ ኢሉ ንዓቀብ፣ ወዘጥ",
	"Bird.positionTooltip": "xን yን ናይታ ዒፍ ቦታ የመላኽቱ። x=0 እንተኾይኑ እታ ዒፍ ኣብ ጥቃ እቲ ፀጋማይ ኩርናዕ እያ፣  x=100 እንተኾይኑ ኣብ ጥቃ እቲ የማናይ ኩርናዕ እያ። y=0 እንተኾይኑ እታ ዒፍ ኣብ ታሕቲ እያ ዘላ፣ y=100 እንተኾይኑ ኣብ ላዕሊ እያ ዘላ፣",
	"Bird.helpHeading": "እታ ዒፍ ነቲ ሓሰኻ ንክትሕዞን ናብ ሰፈራ ንክተዕርፎን፤ ኣንፈት ኩርናዕ ቀይር",
	"Bird.helpHasWorm": "ነዚ ሳንንዱቅ ሓሰኻ እንተሒዝካ ናብ ሓደ ኣንፈት፣ ሓሰኻ እንተዘይሒዝካ ናብ ካልእ ኣንፈት ንምኻድ ተጠቀመሉ።",
	"Bird.helpX": "x ሕዚ ዘለኻሉ ኣግድም ቦታኻ እዩ። ነዚ ሳንዱቅ፣ x ካብ ቁፅሪ ዝንኣሰ እንተኾይኑ ናብ ሓደ ኣንፈት ንምኻድ፣ እንተዘይኮይኑ ናብ ካልእ ኣንፈት ንምኻድ ተጠቀመሉ።",
	"Bird.helpElse": "'እንድሕር' ዝብል ሳንዱቅ ንምምሕያሽ ነቲ ምልክት ጠውቅ።",
	"Bird.helpElseIf": "እዚ ደረጃ እዚ ክልቲኦም 'እንተዘይኮይኑ እንድሕር' ን 'እንተዘይኮይኑ' ን ዝብሉ ሳናዱቅ ይደሊ።",
	"Bird.helpAnd": "'ን' ዝብል ሳንዱቅ ሓቂ ዝኾን ክልቲኦም እታወታት ሓቂ እንተኾይኖም ጥራሕ እዩ።",
	"Bird.helpMutator": "ናብ 'እንድሕር' ሳንዱቅ 'እንተዘይኮይኑ' ዝብል ሳንዱቅ ጉተት።",
	"Turtle.moveTooltip": "ነቲ ኣባጋውየ በቲ ዝተጠቀሰ መጠን ንቅድሚት ወይ ንድሕሪት የንቀሳቅሶ።",
	"Turtle.moveForward": "ንቅድሚት በዚ ኣንቀሳቅስ",
	"Turtle.moveBackward": "ንድሕሪት በዚ ኣንቀሳቅስ",
	"Turtle.turnTooltip": "ነቲ ኣባጋውየ በቲ ዝተጠቀሰ መጠን ዲግሪ ንፀጋም ወይ ንየማን የንቀሳቅሶ።",
	"Turtle.turnRight": "ንየማን በዚ ይዓፅፎ",
	"Turtle.turnLeft": "ንፀጋም በዚ ይዓፅፎ",
	"Turtle.widthTooltip": "ናይ ቢሮ ስፍሓት ይቅይር",
	"Turtle.setWidth": "ወርዲ ክንድዚ ግበር",
	"Turtle.colourTooltip": "ናይ ቢሮ ሕብሪ ይቅይር",
	"Turtle.setColour": "ሕብሪ ናብዚ ግበር",
	"Turtle.penTooltip": "ቢሮ የልዕልን የውርድን፣ ምፅሓፍ ንምቁራፅን ንምጅማርን።",
	"Turtle.penUp": "ቢሮ ኣልዕል",
	"Turtle.penDown": "ቢሮ ኣውርድ",
	"Turtle.turtleVisibilityTooltip": "እቲ ኣባጋውየ (ክብን ፀቢብን) ክረአን ዘይክረአን ይገብር።",
	"Turtle.hideTurtle": "ኣባጋውየ ሕባእ",
	"Turtle.showTurtle": "ኣባጋውየ ኣርኢ",
	"Turtle.printHelpUrl": "https://en.wikipedia.org/wiki/Printing",
	"Turtle.printTooltip": "ብኣንፈት ኣባጋውየ ኣብ ዘለዎ ፅሑፍ የውፅእ",
	"Turtle.print": "ፕሪንት",
	"Turtle.fontHelpUrl": "https://en.wikipedia.org/wiki/Font",
	"Turtle.fontTooltip": "ፕሪንት ሳንዱቅ ዝጥቀመሉ ፎንት ይውስን።",
	"Turtle.font": "ፎንት",
	"Turtle.fontSize": "መጠን ፎንት",
	"Turtle.fontNormal": "ኖርማል",
	"Turtle.fontBold": "ድሙቅ",
	"Turtle.fontItalic": "ኢታሊክ",
	"Turtle.submitDisabled": "ክሳብ ዘቋርፅ ፕሮግራምካ ኣካይድ። ብድሕሪኡ ስእልኻ ናብ መጠራቀሚ ክተረክብ ትኽእል።",
	"Turtle.galleryTooltip": "ናይ ስእልታት መጠራቀሚ ክፈት።",
	"Turtle.galleryMsg": "መጠራቀሚ ረአ",
	"Turtle.submitTooltip": "ስእልኻ ናብ መጠራቀሚ ኣረክብ።",
	"Turtle.submitMsg": "ናብ መጠራወቀሚ ልኣኽ።",
	"Turtle.helpUseLoop": "መልስኻ ይሰርሕ 'ዩ፤ ግን ክተማሓይሽ ትኽእል ኢኻ።",
	"Turtle.helpUseLoop3": "ነቲ ቅርፂ ብ ሰለስተ ሳናዱቅ ጥራሕ ሰኣሎ።",
	"Turtle.helpUseLoop4": "ነቲ ኮኸብ ብ ኣርባዕተ ሳናዱቅ ጥራሕ ሰኣሎ።",
	"Turtle.helpText1": "ትርብዒት እትስእል ፕሮግራም ፍጠር።",
	"Turtle.helpText2": "ፕሮግራምካ ካብ ትርብዒት ናብ ፔንታጎን (በዓል 5 ጠርዚ) ከምዝስእል ጌርካ ቀይሮ",
	"Turtle.helpText3a": "ሕብሪ መቀየሪ ሓዱሽ ሳንዱቅ ኣሎ",
	"Turtle.helpText3b": "ቢጫ ኮኽብ ስኣል።",
	"Turtle.helpText4a": "ክትንቀሳቀስ ከለኻ ቢሮኻ ካብ ወረቀት ንምልዓል ዝጠቅም ሓዱሽ ሳንዱቅ ኣሎ።",
	"Turtle.helpText4b": "ንእሽቶን ቢጫ ኮኸብ ስኣል፣ ብድሕሪኡ ኣብ ልዕሊኣ ሕንፃፅ ስኣል።",
	"Turtle.helpText5": "ከክንዲ ሓንቲ ኮኸብ፣ ኣብ ትርብዒት ዝተሰርዓ ኣርባዕተ ኮዋኽብቲ ክትስእል ትኽእል?",
	"Turtle.helpText6": "ሰለስተ ቢጫ ከዋኽብትን ሓደ ፃዕዳ ሕንፃፅን ስኣል።",
	"Turtle.helpText7": "ነተን ከዋኽብቲ ድሕሪ ምስኣል ኣርባዕተ ፀዓዱ ሕንፃፃት ስኣል።",
	"Turtle.helpText8": "360 ፀዓዱ ሕንፃፃት ምስኣል ምሉእቲ ወርሒ ይመስል።",
	"Turtle.helpText9": "ፀሊም ክቢ ብንውሳኽ ዶ ነታ ወርሒ ክሪሰንት (ፍርቂ ወርሒ) ክትገብራ ትኽእል?",
	"Turtle.helpText10": "ዝደለኻዩ ነገር ስኣል። ክትድህስሶም መዓት ሓደሽቲ ሳናዱቅ ተዋሂቦምካ ኣለው። ተዘናጋዕ!",
	"Turtle.helpText10Reddit": "ካልኦት ሰባት ዝሰኣልዎ ንምርኣይ 'መጠራቀሚ ርአ' ዝብል ተጠቀም። ዝኾነ ደስ በሃሊ ነገር እንተስኢልካ፣ ንምሕታም 'ናም መጠራቀሚ ልኣኽ' ዝብል ጠውቅ።",
	"Turtle.helpToolbox": "ሳናዱቅ ንምርኣይ መደብ ምረፅ።",
	"Movie.x": "x",
	"Movie.y": "y",
	"Movie.x1": "x ጀምር",
	"Movie.y1": "y ጀምር",
	"Movie.x2": "x ጨርስ",
	"Movie.y2": "y ጨርስ",
	"Movie.radius": "ራድየስ",
	"Movie.width": "ወርዲ",
	"Movie.height": "ቁመት",
	"Movie.circleTooltip": "ኣብቲ ዝተገለፀ ቦታ በቲ ዝተገለፀ ራዲየስ ክቢ ይስእል።",
	"Movie.circleDraw": "ክቢ",
	"Movie.rectTooltip": "ኣብቲ ዝተገለፀ ቦታ በቲ ዝተገለፀ ወርድን ቁመትን ርቡዕ ኩርናዕ ይስእል።",
	"Movie.rectDraw": "ርቡዕ ኩርናዕ",
	"Movie.lineTooltip": "ካብ ሓደ ነጥቢ ናብ ካልእ በቲ ዝተገለፀ ወርዲ ሕንፃፅ ይስእል።",
	"Movie.lineDraw": "ሕንፃፅ",
	"Movie.timeTooltip": "ካብቲ ኣኒሜሽን ናይ ሕዚ ሰዓት ይምልስ።",
	"Movie.colourTooltip": "ናይ ቢሮ ሕብሪ ይቅይር",
	"Movie.setColour": "ሕብሪ ናብዚ ቀይር",
	"Movie.submitDisabled": "ፍልምኻ ኣይንቀሳቀስን። ዝኾነ ደስ ብሃሊ ነገር ንምስራሕ ሳናዱቅ ተጠቀም። ብድሕሪኡ ፊልምኻ ናብ መጠራቀሚ ክትልእኽ ትኽእል።",
	"Movie.galleryTooltip": "መጠራቀሚ ፊልምታት ኽፈት",
	"Movie.galleryMsg": "መጠራቀሚ ረአ",
	"Movie.submitTooltip": "ፊልምኻ ናብ መጠራቀሚ ልኣኽ።",
	"Movie.submitMsg": "ናብ መጠራቀሚ ልኣኽ።",
	"Movie.helpLayer": "እቲ ብድሕሪት (ብክግራውንድ) ዘሎ ክቢ ናብ ልዕሊ ፕሮግራምካ ኣንቀሳቅሶ። ብድሕሪኡ ብድሕሪ እቲ ሰብ ክኾን እዩ።",
	"Movie.helpText1": "ቀለልቲ ቅርፅታት ብምጥቃም ነዚ ሰብ ስኣል።",
	"Movie.helpText2a": "እዚ ደረጃ እዚ ፊልም እዩ። ናይቲ ሰብ ኢድ ኣብቲ ስክሪን ክንቀሳቀስ ትደሊ። ቅድመምርኢት ንምርኣይ ተጫወት ዝብል መልጎም ጠውቅ።",
	"Movie.helpText2b": "እቲ ፊልም ክጫወት ተሎ፣ ናይ 'ግዜ' ሳንዱቅ ዋጋ ካብ 0 ክሳብ 100 ይቆፅር። ናይቲ ኢድ ናይ'y' ቦታ ካብ 0 ጀሚሩ ክሳብ 100 ክኸድ ስለትደሊ ቀሊል ክኾን ኣለዎ።",
	"Movie.helpText3": "'ግዜ' ሳንዱቅ ካብ 0 ክሳብ 100 ይቆፅር። ሕዚ ግን ናይቲ ካልእ ኢድ ናይ 'y' ቦታ ካብ 100 ጀሚሩ ናብ 0 ክኸድ ትደሊ። እዚ ኣንፈት እትቅይር ሓንቲ ናይ ሒሳብ ፎርሙላ ድለ።",
	"Movie.helpText4": "ኣብ ዝሓለፈ ደረጃ ዝተምሃርካዮ ብምጥቃም መስቀለኛ ዝሰርሑ ኣእጋር ስራሕ።",
	"Movie.helpText5": "ሒሳባዊ ፎርሙላ ኢድ ዝተሓላለኸ እዩ። መልሱ ኣብዚ ኣሎ።",
	"Movie.helpText6": "ነቲ ሰብ ፅምዲ ኣእዳው ሃቦ።",
	"Movie.helpText7": "'እንድሕር' ሳንዱቅ ብምጥቃም ነቲ ናይ መጀመርታ ፍርቂ ፊልም ንእሽቶን ርእሲ ሰኣል። ብድሕሪኡ፣ ነቲ ካልአዋይ ፍርቂ ፊልም ዓብይ ርእሲ ሰኣል።",
	"Movie.helpText8": "ኣብ መፋርቅ እቲ ፊልም፣ እቶም ኣእጋር ናብ ተፃራሪ ኣንፈት ክልውጡ ግበር።",
	"Movie.helpText9": "ብድሕሪ እቲ ሰብ፣ ዝስፋሕፋሕ ክቢ ሰኣል።",
	"Movie.helpText10": "ዝደለኻዮ ፊልም ስራሕ። ክትድህስሶም እትኽእል ብዙሓት ሓደሽቲ ሳናዱቅ ኣለውኻ።",
	"Movie.helpText10Reddit": "ካልኦት ሰባት ዝስርሕዎም ፊልምታት ንምርኣይ 'መጠራቀሚ ርአ' ዝብል መልጎም ተጠቀም። ደስ በሃሊ ፊልም እንተሃልዩካ፣ 'ናብ መጠራቀሚ ልኣኽ' ዝብል መልጎም ብምጥቃም ኣሐትሞ።",
	"Music.playNoteTooltip": "በቲ ዝተጠቀሰ ግዜን ድምፅን ሓደ ሙዚቃዊ ኖታ ይጫወት።",
	"Music.playNote": "%1 ኖታ %2 ተጫወት",
	"Music.restTooltip": "ነቲ ዝተሓበረ ግዜ ይፅበ።",
	"Music.restWholeTooltip": "ንሓደ ሙሉእ ኖታ ይፅበ",
	"Music.rest": "%1 ኣዕርፍ",
	"Music.setInstrumentTooltip": "ዝስዕቡ ሙዚቃዊ ኖታታት እንትጫወት ናብቲ ዝተሓበረ መሳርሒ ይቅየር።",
	"Music.setInstrument": "መሳርሒ ናብ %1 ግበር",
	"Music.startTooltip": "'ፕሮግራም ኣኺድ' ዝብል መልጎም እንትጥወቅ፣ እቶም ኣብ ውሽጢ ዘለው ሳናዱቅ ይስርሑ።",
	"Music.start": "%1 ክጥወቅ ከሎ",
	"Music.pitchTooltip": "ሓደ ኖታ (C4 7 እዩ)።",
	"Music.firstPart": "ቀዳማይ ክፋል",
	"Music.piano": "ፒያኖ",
	"Music.trumpet": "ጥሩምባ",
	"Music.banjo": "ባንጆ",
	"Music.violin": "ቫዮሊን",
	"Music.guitar": "ጊታር",
	"Music.flute": "ሻምበቆ",
	"Music.drum": "ከበሮ",
	"Music.choir": "ቿር",
	"Music.submitDisabled": "ክሳብ ባዕሉ ዘቋርፅ ፕሮግራምካ ኣኺዶ። ብድህሪኡ ሙዚቃኻ ናብ መጠራቀሚ ክትልእኽ ትኽእል።",
	"Music.galleryTooltip": "መጠራቀሚ ሙዚቃ ክፈት።",
	"Music.galleryMsg": "መጠራቀሚ ርአ",
	"Music.submitTooltip": "ሙዚቃኻ ናብ መጠራቀሚ ልኣኽ።",
	"Music.submitMsg": "ናብ መጠራቀሚ ልኣኽ",
	"Music.helpUseFunctions": "መልስኻ ይሰርሕ 'ዩ፤ ግን ክተመሓይሽ ትኽእል ኢኻ። ዝደጋገሙ ኮዳት ንምቅናስ ፋንክሽናት ተጠቀም።",
	"Music.helpUseInstruments": "ኣብ ሕድሕድ ጀማሪ ሳንዱቅ ካልእ መሳርሒ እንተተጠቂምካ ሙዚቃኻ ዝበለፀ ክኾን እዩ።",
	"Music.helpText1": "ናይ ፍሬር ጃክ ናይ መጀመርታ ኣርባዕተ ኖታታት ድረስ።",
	"Music.helpText2a": "'ፋንክሽን' ሳናዱቅ ብሓደ ክትእክቦምን ካብ ሓደ ግዜ ንላዕሊ ክተኺዶምን የኽእል።",
	"Music.helpText2b": "እቶም ናይ መጀመርታ ኣርባዕተ ኖታታት ፍሬር ጃክ እትጫወት ፋንክሽን ስራሕ። እታ ፋንክሽን ክልተሻዕ ኣኺዳ። ካልኦት ሓደሽቲ ሳናዱቅ ኣይትወስኽ።",
	"Music.helpText3": "ንቀፃላይ ክፋል ፍሬር ጃክ፣ ካልአይቲ ፋንክሽን ስራሕ። እታ ናይ መወዳእታ ኖታ ዝነውሐት እያ።",
	"Music.helpText4": "ንቀፃላይ ክፋል ፍሬር ጃክ ሳልሰይቲ ፋንክሽን ስራሕ። እተን ናይ መጀመርታ ኣርባዕተ ኖታታት ዝሓፀራ እየን።",
	"Music.helpText5": "ናይ ፍሬር ጃክ ሙሉእ እኒት መልኣዮ።",
	"Music.helpText6a": "እዚ ሓዱሽ ሳንዱቅ እዚ ናብ ካልእ መሳርሒ ክትቅይር የኽእለካ።",
	"Music.helpText6b": "ቅኒትካ ብቫዮሊን ተጫወቶ።",
	"Music.helpText7a": "እዚ ሓዱሽ ሳንዱቅ እዚ ድምፂ ዘይብሉ ምድንጓይ ይውስኽ።",
	"Music.helpText7b": "ክልተ መደንጎይ ሳናዱቅ ዘለዎ ካልኣይ ጀማሪ ሳንዱቅ ስራሕ። ካብኡ ብምቅፃል ፍሬር ጃክ ዝጫወት።",
	"Music.helpText8": "ሕድሕድ ጀማሪ ሳንዱቅ ፍሬር ጃክ ክጫወት ኣለዎ።",
	"Music.helpText9": "ሕድሕዶም ፍሬር ጃክ ክልተ ግዜ ዝጫወቱ ኣርባዕተ ጀማሪ ሳናዱቅ ስራሕ። ትኽክለኛ ቁፅሪ መደንጎይ ሳናዱቅ ወስኽ።",
	"Music.helpText10": "ዝደለኻዮ ነገር ስራሕ። ክትድህስሶም ብጣዕሚ ብዙሓት ሓደሽቲ ሳናዱቅ ተዋሂቦምካ ኣለዉ። ተዘናጋዕ!",
	"Music.helpText10Reddit": "ካልኦት ሰባት ዝሰርሕዎ ንምርኣይ 'መጠራቀሚ ርአ' ዝብል መልጎም ተጠቀም። ደስ ዝብል ነገር እንተሰሪሕካ፣ ንምሕታም'ናም መጠራቀሚ ልኣኽ' ዝብል መልጎም ተጠቀም።",
	"Pond.scanTooltip": "ፀላእቲ ርአ። ካብ 0 ክሳብ 360 መጠን ግዜ ወስን። ብተመሳሳሊ ኣንፈት ናብ ዝርከብ ዝቀረበ ፀላኢ ዘሎ ሓፂር ርሕቀት ይምልስ።",
	"Pond.cannonTooltip": "እቲ መድፍዕ ተኩሶ። ኣንፈት (0-360)  ከምኡ 'ውን ርሕቀት (0-70) ወስን።",
	"Pond.swimTooltip": "ንቅድሚት ሓምስ። ኣንፈት ወስን (0-360)።",
	"Pond.stopTooltip": "ምሕማስ ኣቋርፅ። ተጫዋቲ ፍጥነት ብምቅናስ ጠጠው ክብል እዩ።",
	"Pond.healthTooltip": "ናይ ተጫዋቲ ጥዕና ኩነታት ይምልስ (0 ማለት ሞይቱ ማለት 'ዩ፣ 100 ሙሉእ ጥዕና የመልክት)።",
	"Pond.speedTooltip": "ናይ ተጫዋታይ ናይ ሕዚ ፍጠነት ይምልስ። (0 ጠጠው ኣቢሉ ማለት 'ዩ፣ 100 ሙሉእ ፍጠነት የመላኽት)።",
	"Pond.locXTooltip": "ናይ ተጫዋታይ ናይ X ቦታ ይምልስ (0 ማለት ኣብ ፀጋማይ ኩርናዕ፣ 100 ኣብ የማናይ ኩርናዕ ማለት 'ዩ)።",
	"Pond.locYTooltip": "ናይ ተጫዋታይ ናይ Y ቦታ ይምልስ (0 ማለት ኣብ ታሕተዋይ ኩርናዕ፣ 100 ኣብ ላዕለዋይ ኩርናዕ ማለት 'ዩ)።",
	"Pond.docsTooltip": "ናይ ሰነድ (ዶኩመንቴሽን) ቋንቋ ኣርእይ።",
	"Pond.documentation": "ሰነድ (ዶኩመንቴሽን)",
	"Pond.playerName": "ተጫዋቲ",
	"Pond.targetName": "ዕላማ",
	"Pond.pendulumName": "ተወዛዋዚ (ፔንዱለም)",
	"Pond.scaredName": "ዝፈርሐ",
	"Pond.helpUseScan": "መልስኻ ይሰርሕ 'ዩ ግን ክተማሓይሽ ትኽእል ኢኻ። 'ዳህስስ' ዝብል ብምጥቃም እቲ መድፍዕ ክሳብ ክንደይ ርሕቀት ክበፅሕ ከምዝኽእል ምፍላጥ ይከኣል።",
	"Pond.helpText1": "ዕላማኻ ንምውቃዕ 'መድፍዕ' ዝብል ትእዛዝ ተጠቀም። ናይ መጀመርታ መዐቀኒ ኩርናዕ እዩ፤ እቲ ካልኣይ መዐቀኒ ርሕቀት እዩ። ናይ ክልቲኦም ትኽክለኝ ጥምረት ድለ።",
	"Pond.helpText2": "እዚ ዕላማ እዚ ብዙሕ ግዜ ክውቃዕ ኣለዎ። ብዘይምቁራፅ ብተደጋጋሚ ንምስራሕ 'ብእዋን (ሓቂ)' ዝብል ኣዝዋሪት ተጠቀም።",
	"Pond.helpText3a": "እዚ ተቃዋሚ እዚ ንቅድሚትን ንድሕሪትን እናተንቀሳቀሰ ንምውቅዑ ኣፀጋሚ ይገብር። 'ዳህስስ' ዝብል መግለፂ በቲ ዝተገለፀ ኣንፈት ዘሎ ትኽክለኛ ርሕቀት ተቃዋሚ ይምልስ።",
	"Pond.helpText3b": "እዚ ርሕቀት እዚ 'መድፍዕ' ዝብል ትእዛዝ ተኲሱ ብትኽክል ከብፅሖ ዘለዎ እዩ።",
	"Pond.helpText4": "እዚ ፀላኢ መድፍዕ ክበፅሖ ካብ ዝኽእል ርሕቀት (70 ሜትሮ) ንላዕሊ እዩ። ስለዚ 'ሓምስ' ዝብል ትእዛዝ ተጠቂምካ ናብ ኣንፈት ፀላኢ እናሓመስካ ብምኻድ ደምስሶ።",
	"Pond.helpText5": "እዚ ፀላኢ እዚ 'ውን መድፍዕ ክበፅሖ ካብ ዝኽእል ርሕቀት (70 ሜትሮ) ንላዕሊ እዩ። ናይ ኣግድም ቦታኻ ካብ 50 ክሳብ ዘይበለፀ እዋን ናብ ኣንፈት ፀላኢ ሓምስ። ብድሕሪኡ ጠጠው ብምባል መድፍዕ ተጠቀም።",
	"Pond.helpText6": "እዚ ፀላኢ እዚ ክውቃዕ ተሎ ይርሕቅ። ካብ ርሕቀት ወፃኢ እንተኾይኑ (70 ሜትሮ) ናብኡ ኣንፈት ሓምስ",
	"Pond.rabbitName": "ማንትለ",
	"Pond.counterName": "ቆፃሪ",
	"Pond.rookName": "ሩክ",
	"Pond.sniperName": "ስናይፐር",
	"Gallery": "መጠራቀሚ"
}
