{
	"@metadata": {
		"authors": [
			"Bahadir",
			"Espertus",
			"Joseph",
			"Kozlu",
			"Trockya",
			"Ramona.Stewart",
			"Macofe",
			"Sucsuzz",
			"Gurkanht",
			"HakanIST",
			"Kumkumuk",
			"Ece Alpdeniz",
			"Velg",
			"AliceJ",
			"Hedda",
			"BaRaN6161 TURK"
		]
	},
	"Games.name": "Blockly Oyunlar",
	"Games.puzzle": "Bulmaca",
	"Games.maze": "Labirent",
	"Games.bird": "Kuş",
	"Games.turtle": "Kaplumbağa",
	"Games.movie": "Film",
	"Games.music": "Müzik",
	"Games.pondTutor": "Gölet Eğitimi",
	"Games.pond": "Gölet",
	"Games.genetics": "Genetikler",
	"Games.linesOfCode1": "Bu seviyeyi 1 satır JavaScript ile çözdünüz:",
	"Games.linesOfCode2": "Bu düzeyi %1 JavaScript satırı ile çözdünüz:",
	"Games.nextLevel": "%1 seviyesine hazır mısınız?",
	"Games.finalLevel": "Bir sonraki mücadeleye hazır mısın?",
	"Games.submitTitle": "Başlık:",
	"Games.linkTooltip": "Kaydedin ve bloklara bağlayın.",
	"Games.runTooltip": "Yazdığınız programı çalıştırın.",
	"Games.runProgram": "Programı Çalıştır",
	"Games.resetTooltip": "Programı durdurun ve seviyeyi sıfırlayın.",
	"Games.resetProgram": "Sıfırla",
	"Games.help": "Yardım",
	"Games.dialogOk": "Tamam",
	"Games.dialogCancel": "İptal",
	"Games.catLogic": "Mantık",
	"Games.catLoops": "Döngüler",
	"Games.catMath": "Matematik",
	"Games.catText": "Metin",
	"Games.catLists": "Listeler",
	"Games.catColour": "Renk",
	"Games.catVariables": "Değişkenler",
	"Games.catProcedures": "İşlevler",
	"Games.httpRequestError": "İstekle ilgili bir sorun oluştu.",
	"Games.linkAlert": "Bloklarınızı bu bağlantıyla paylaşın:\n\n%1",
	"Games.hashError": "Üzgünüz, '%1' kaydedilmiş bir programla uyuşmuyor.",
	"Games.xmlError": "Kaydedilen dosya yüklenemedi. Belki de Blockly'nin farklı bir versiyonuyla oluşturuldu?",
	"Games.submitted": "Bu program için teşekkürler! Eğer eğitimli maymun personelimiz bunu beğendiyse, birkaç gün içinde galeriye yayınlayacaklar.",
	"Games.listVariable": "liste",
	"Games.textVariable": "metin",
	"Games.breakLink": "JavaScript'i düzenlemeye başladığınızda, düzenleme bloklarına geri dönemezsiniz. Bu tamam mı?",
	"Games.blocks": "Bloklar",
	"Games.congratulations": "Tebrikler!",
	"Games.helpAbort": "Bu seviye son derece zordur. Atlamak ve bir sonraki oyuna geçmek ister misiniz? Daha sonra her zaman geri gelebilirsin.",
	"Index.clear": "Tüm çözümleriniz silinsin mi?",
	"Index.subTitle": "Yarının programcıları için oyunlar.",
	"Index.moreInfo": "Eğitimciler için bilgi...",
	"Index.startOver": "Baştan başlamak ister misiniz?",
	"Index.clearData": "Verileri temizle",
	"Puzzle.animal1": "Ördek",
	"Puzzle.animal1Trait1": "Tüyler",
	"Puzzle.animal1Trait2": "Gaga",
	"Puzzle.animal1HelpUrl": "https://tr.wikipedia.org/wiki/Ördek",
	"Puzzle.animal2": "Kedi",
	"Puzzle.animal2Trait1": "Bıyıklar",
	"Puzzle.animal2Trait2": "Kürk",
	"Puzzle.animal2HelpUrl": "https://tr.wikipedia.org/wiki/Kedi",
	"Puzzle.animal3": "Arı",
	"Puzzle.animal3Trait1": "Bal",
	"Puzzle.animal3Trait2": "İğne",
	"Puzzle.animal3HelpUrl": "https://tr.wikipedia.org/wiki/Arı",
	"Puzzle.animal4": "Salyangoz",
	"Puzzle.animal4Trait1": "Kabuk",
	"Puzzle.animal4Trait2": "Sümüksü madde",
	"Puzzle.animal4HelpUrl": "https://tr.wikipedia.org/wiki/Salyangoz",
	"Puzzle.picture": "resim:",
	"Puzzle.legs": "bacaklar:",
	"Puzzle.legsChoose": "seçim yapın...",
	"Puzzle.traits": "özellikleri:",
	"Puzzle.error0": "Muhteşem!\n%1 bloğun hepsi de doğru.",
	"Puzzle.error1": "Neredeyse oluyordu! Bir blok yanlış.",
	"Puzzle.error2": "%1 blok yanlış.",
	"Puzzle.tryAgain": "Vurgulanan blok doğru değil.\nDenemeye devam et.",
	"Puzzle.checkAnswers": "Yanıtları Kontrol Et",
	"Puzzle.helpText": "Her hayvan için (yeşil) resmini ekleyin, bacak sayısını seçin ve özelliklerinin bir yığınını yapın.",
	"Maze.moveForward": "ilerle",
	"Maze.turnLeft": "sola dön",
	"Maze.turnRight": "sağa dön",
	"Maze.doCode": "yap",
	"Maze.elseCode": "değilse",
	"Maze.helpIfElse": "İf-else blokları bir şeyi yapar.",
	"Maze.pathAhead": "eğer yol ileride ise",
	"Maze.pathLeft": "sola giden yol",
	"Maze.pathRight": "sağa giden yol",
	"Maze.repeatUntil": "kadar tekrar edin",
	"Maze.moveForwardTooltip": "Oynatıcıyı bir boşluk ileri götürür.",
	"Maze.turnTooltip": "Oyuncuya 90 derece sola veya sağa çevirir.",
	"Maze.ifTooltip": "Belirtilen yönde bir yol varsa, bazı eylemler yapın.",
	"Maze.ifelseTooltip": "Belirtilen yönde bir yol varsa, ilk eylem bloğunu yapın. Aksi takdirde, ikinci eylem bloğunu yapın.",
	"Maze.whileTooltip": "Bitiş noktasına ulaşılana kadar ekteki işlemleri tekrarlayın.",
	"Maze.capacity0": "%0 bloğunuz kaldı.",
	"Maze.capacity1": "%1 bloğunuz kaldı.",
	"Maze.capacity2": "%2 bloğunuz kaldı.",
	"Maze.runTooltip": "Oyuncunun blokların söylediklerini yapmasını sağlar.",
	"Maze.resetTooltip": "Oynatıcıyı labirentin başlangıcına geri koyun.",
	"Maze.helpStack": "Hedefe ulaşmama yardımcı olmak için birkaç 'ileri' bloğunu bir araya getir.",
	"Maze.helpOneTopBlock": "Bu seviyede, beyaz çalışma alanındaki tüm blokları bir araya getirmeniz gerekir.",
	"Maze.helpRun": "Ne olduğunu görmek için programınızı çalıştırın.",
	"Maze.helpReset": "Programınız labirenti çözmedi. 'Sıfırla'ya basın ve tekrar deneyin.",
	"Maze.helpRepeat": "Yalnızca iki blok kullanarak bu yolun sonuna ulaşın. Bir bloğu bir kereden fazla çalıştırmak için 'tekrarla'yı kullanın.",
	"Maze.helpCapacity": "Bu seviye için tüm blokları kullandınız. Yeni bir blok oluşturmak için önce mevcut bir bloğu silmeniz gerekir.",
	"Maze.helpRepeatMany": "'tekrar' bloğuna birden fazla blok takabilirsiniz.",
	"Maze.helpSkins": "Bu menüden favori oynatıcınızı seçin.",
	"Maze.helpIf": "'if' bloğu yalnızca koşul doğruysa bir şeyler yapar. Sola giden bir yol varsa sola dönmeyi deneyin.",
	"Maze.helpMenu": "Durumunu değiştirmek için 'if' bloğunda %1 tıklayın.",
	"Maze.helpWallFollow": "Bu karmaşık labirenti çözebilir misin? Sol duvarı takip etmeyi deneyin. Yalnızca gelişmiş programcılar!",
	"Bird.noWorm": "solucanı yok",
	"Bird.heading": "başlığı",
	"Bird.noWormTooltip": "Kuş solucanı almadığı durum.",
	"Bird.headingTooltip": "Verilen açının yönünde hareket edin: 0 sağa, 90 düz yukarı vb.",
	"Bird.positionTooltip": "x ve y, kuşun konumunu işaretler. X = 0 olduğunda kuş sol kenara yakındır, x = 100 olduğunda sağ kenara yakındır. Y = 0 olduğunda kuş en altta, y = 100 olduğunda en üsttedir.",
	"Bird.helpHeading": "Kuşun solucanını ve yuvasına inmesini sağlamak için yön açısını değiştirin.",
	"Bird.helpHasWorm": "Solucanınız varsa bir başlığa veya solucanınız yoksa farklı bir başlığa gitmek için bu bloğu kullanın.",
	"Bird.helpX": "'x' geçerli yatay konumunuzdur. 'x' sayıdan küçükse bir başlıkta, aksi takdirde farklı bir başlıkta gitmek için bu bloğu kullanın.",
	"Bird.helpElse": "'if' bloğunu değiştirmek için simgeyi tıklayın.",
	"Bird.helpElseIf": "Bu seviye hem 'else if' hem de 'else' bloğuna ihtiyaç duyar.",
	"Bird.helpAnd": "'and' bloğu yalnızca her iki girişi de doğruysa doğrudur.",
	"Bird.helpMutator": "'else' bloğunu 'if' bloğuna sürükleyin.",
	"Turtle.moveTooltip": "Kaplumbağayı belirtilen miktarda ileri veya geri hareket ettirir.",
	"Turtle.moveForward": "şu kadar ileri git",
	"Turtle.moveBackward": "şu kadar geri git",
	"Turtle.turnTooltip": "Kaplumbağayı belirtilen derece kadar sola veya sağa çevirir.",
	"Turtle.turnRight": "şu kadar sağa dön",
	"Turtle.turnLeft": "şu kadar sola dön",
	"Turtle.widthTooltip": "Kalemin genişliğini değiştirir.",
	"Turtle.setWidth": "genişliği ayarla",
	"Turtle.colourTooltip": "Kalemin rengini değiştirir.",
	"Turtle.setColour": "rengi ayarla",
	"Turtle.penTooltip": "Çizimi durdurmak veya başlatmak için kalemi kaldırır veya indirir.",
	"Turtle.penUp": "kalemi kaldır",
	"Turtle.penDown": "kalemi indir",
	"Turtle.turtleVisibilityTooltip": "Kaplumbağayı (daire ve ok) görünür veya görünmez yapar.",
	"Turtle.hideTurtle": "kaplumbağayı gizle",
	"Turtle.showTurtle": "kaplumbağayı göster",
	"Turtle.printHelpUrl": "https://tr.wikipedia.org/wiki/Matbaacılık",
	"Turtle.printTooltip": "Metni, kaplumbağa yönünde bulunduğu yere çizer.",
	"Turtle.print": "yazdır",
	"Turtle.fontHelpUrl": "https://tr.wikipedia.org/wiki/Font",
	"Turtle.fontTooltip": "Yazdırma bloğu tarafından kullanılan yazı tipini ayarlar.",
	"Turtle.font": "yazı tipi",
	"Turtle.fontSize": "yazı tipi boyutu",
	"Turtle.fontNormal": "normal",
	"Turtle.fontBold": "kalın",
	"Turtle.fontItalic": "eğik",
	"Turtle.submitDisabled": "Programınızı durana kadar çalıştırın. Ardından çiziminizi galeriye gönderebilirsiniz.",
	"Turtle.galleryTooltip": "Çizimler galerisini açın.",
	"Turtle.galleryMsg": "Galeriye Bakın",
	"Turtle.submitTooltip": "Çiziminizi galeriye gönderin.",
	"Turtle.submitMsg": "Galeriye Gönder",
	"Turtle.helpUseLoop": "Çözümünüz işe yarıyor, ancak daha iyisini yapabilirsiniz.",
	"Turtle.helpUseLoop3": "Şekli sadece üç blokla çizin.",
	"Turtle.helpUseLoop4": "Yıldızı sadece dört blokla çizin.",
	"Turtle.helpText1": "Kare çizen bir program oluşturun.",
	"Turtle.helpText2": "Kare yerine beşgen çizmek için programınızı değiştirin.",
	"Turtle.helpText3a": "Rengi değiştirmenize izin veren yeni bir blok var:",
	"Turtle.helpText3b": "Sarı bir yıldız çizin.",
	"Turtle.helpText4a": "Hareket ettiğinizde kaleminizi kağıttan kaldırmanıza izin veren yeni bir blok var:",
	"Turtle.helpText4b": "Küçük bir sarı yıldız çizin, ardından üzerine bir çizgi çizin.",
	"Turtle.helpText5": "Bir yıldız yerine, bir karede düzenlenmiş dört yıldız çizebilir misiniz?",
	"Turtle.helpText6": "Üç sarı yıldız ve bir beyaz çizgi çizin.",
	"Turtle.helpText7": "Yıldızları çizin, ardından dört beyaz çizgi çizin.",
	"Turtle.helpText8": "360 beyaz çizgi çizmek dolunay gibi görünecektir.",
	"Turtle.helpText9": "Ayın hilal haline gelmesi için siyah bir daire ekleyebilir misiniz?",
	"Turtle.helpText10": "İstediğiniz her şeyi çizin. Keşfedebileceğiniz çok sayıda yeni blok var. İyi eğlenceler!",
	"Turtle.helpText10Reddit": "Başkalarının çizdiklerini görmek için 'Galeriye Bakın' düğmesini kullanın. İlginç bir şey çizerseniz, yayınlamak için 'Galeriye Gönder' düğmesini kullanın.",
	"Turtle.helpToolbox": "Blokları görmek için bir kategori seç.Blokları görmek için bir kategori seçin.",
	"Movie.x": "x",
	"Movie.y": "y",
	"Movie.x1": "başlangıç x",
	"Movie.y1": "başlangıç y",
	"Movie.x2": "bitiş x",
	"Movie.y2": "bitiş y",
	"Movie.radius": "yarıçap",
	"Movie.width": "genişlik",
	"Movie.height": "yükseklik",
	"Movie.circleTooltip": "Belirtilen yere ve belirtilen yarıçapa sahip bir daire çizer.",
	"Movie.circleDraw": "daire",
	"Movie.rectTooltip": "Belirtilen konuma ve belirtilen genişlik ve yüksekliğe sahip bir dikdörtgen çizer.",
	"Movie.rectDraw": "dikdörtgen",
	"Movie.lineTooltip": "Belirtilen genişlikte bir noktadan diğerine bir çizgi çizer.",
	"Movie.lineDraw": "çizgi",
	"Movie.timeTooltip": "Animasyondaki geçerli saati döndürür (0-100).",
	"Movie.colourTooltip": "Kalemin rengini değiştirir.",
	"Movie.setColour": "rengi olarak ayarla",
	"Movie.submitDisabled": "Filminiz hareket etmiyor. İlginç bir şey yapmak için blokları kullanın. Ardından filminizi galeriye gönderebilirsiniz.",
	"Movie.galleryTooltip": "Film galerisini açın.",
	"Movie.galleryMsg": "Galeriye Bakın",
	"Movie.submitTooltip": "Filminizi galeriye gönderin.",
	"Movie.submitMsg": "Galeriye Gönderin",
	"Movie.helpLayer": "Arka plan dairesini programınızın üstüne taşıyın. Sonra kişinin arkasında görünecektir.",
	"Movie.helpText1": "Bu kişiyi çizmek için basit şekiller kullanın.",
	"Movie.helpText2a": "Bu seviye bir film. Kişinin kolunun ekran boyunca hareket etmesini istiyorsunuz. Bir önizleme görmek için oynat düğmesine basın.",
	"Movie.helpText2b": "Film oynatılırken, 'zaman' bloğunun değeri 0'dan 100'e kadar sayar. Kolun 'y' konumunun 0'dan başlamasını ve 100'e gitmesini istediğiniz için bu kolay olmalıdır.",
	"Movie.helpText3": "'Zaman' bloğu 0'dan 100'e kadar sayılır. Ama şimdi diğer kolun 'y' pozisyonunun 100'de başlamasını ve 0'a gitmesini istiyorsunuz. Yönü çeviren basit bir matematiksel formül bulabilir misiniz?",
	"Movie.helpText4": "Bacakları çapraz yapmak için önceki seviyede öğrendiklerini kullanın.",
	"Movie.helpText5": "Kol için matematiksel formül karmaşıktır. İşte cevap:",
	"Movie.helpText6": "Kişiye birkaç el verin.",
	"Movie.helpText7": "Filmin ilk yarısına küçük bir kafa çizmek için 'if' bloğunu kullanın. Ardından filmin ikinci yarısı için büyük bir kafa çizin.",
	"Movie.helpText8": "Bacakları filmin ortasında ters yönde hareket ettirin.",
	"Movie.helpText9": "Kişinin arkasına genişleyen bir daire çizin.",
	"Movie.helpText10": "İstediğiniz her şeyin bir filmini yapın. Keşfedebileceğiniz çok sayıda yeni blok var. İyi eğlenceler!",
	"Movie.helpText10Reddit": "Diğer kişilerin çektiği filmleri görmek için 'Galeriye Bakın' düğmesini kullanın. İlginç bir film yaparsanız, yayınlamak için 'Galeriye Gönder' düğmesini kullanın.",
	"Music.playNoteTooltip": "Belirtilen süre ve adımda bir nota çalar.",
	"Music.playNote": "%1 sürede %2 oynat",
	"Music.restTooltip": "Belirtilen süre kadar bekler.",
	"Music.restWholeTooltip": "Bütün bir notu bekler.",
	"Music.rest": "kalan süre: %1",
	"Music.setInstrumentTooltip": "Sonraki müzik notalarını çalarken belirtilen enstrümana geçer.",
	"Music.setInstrument": "enstrümanı %1 olarak ayarla",
	"Music.startTooltip": "'Programı Çalıştır' düğmesine tıklandığında içerideki blokları yürütür.",
	"Music.start": "%1 simgesine tıkladığınızda",
	"Music.pitchTooltip": "Bir not (C4 7'dir).",
	"Music.firstPart": "ilk kısım",
	"Music.piano": "piyano",
	"Music.trumpet": "trompet",
	"Music.banjo": "banço",
	"Music.violin": "keman",
	"Music.guitar": "gitar",
	"Music.flute": "flüt",
	"Music.drum": "davul",
	"Music.choir": "koro",
	"Music.submitDisabled": "Programınızı durana kadar çalıştırın. Ardından müziğinizi galeriye gönderebilirsiniz.",
	"Music.galleryTooltip": "Müzik galerisini açın.",
	"Music.galleryMsg": "Galeriyi Bakın",
	"Music.submitTooltip": "Müziğinizi galeriye gönderin.",
	"Music.submitMsg": "Galeriye Gönderin",
	"Music.helpUseFunctions": "Çözümünüz işe yarıyor, ancak daha iyisini yapabilirsiniz. Tekrarlanan kod miktarını azaltmak için fonksiyonları kullanın.",
	"Music.helpUseInstruments": "Her başlangıç bloğunda farklı bir enstrüman kullanırsanız müzik daha iyi ses çıkarır.",
	"Music.helpText1": "'Frère Jacques'in ilk dört notunu yazın.",
	"Music.helpText2a": "Bir 'function' blokları bir arada gruplandırmanıza ve sonra birden fazla çalıştırmanıza izin verir.",
	"Music.helpText2b": "'Frère Jacques'in ilk dört notasını çalmak için bir işlev oluşturun. Bu işlevi iki kez çalıştırın. Yeni not blokları eklemeyin.",
	"Music.helpText3": "'Frère Jacques'in sonraki kısmı için ikinci bir fonksiyon oluşturun. Son not daha uzundur.",
	"Music.helpText4": "'Frère Jacques'in sonraki kısmı için üçüncü bir fonksiyon oluşturun. İlk dört not daha kısadır.",
	"Music.helpText5": "'Frère Jacques' şarkısının tamamını tamamlayın.",
	"Music.helpText6a": "Bu yeni blok, başka bir enstrümana geçmenizi sağlar.",
	"Music.helpText6b": "Melodinizi bir keman ile çalın.",
	"Music.helpText7a": "Bu yeni blok sessiz bir gecikme ekler.",
	"Music.helpText7b": "İki gecikme bloğuna sahip ikinci bir başlangıç bloğu oluşturun, ardından 'Frère Jacques' oynayın.",
	"Music.helpText8": "Her başlangıç bloğunda iki kez 'Frère Jacques' oynanmalıdır.",
	"Music.helpText9": "Her biri iki kez 'Frère Jacques' oynayan dört başlangıç bloğu oluşturun. Doğru sayıda gecikme bloğu ekleyin.",
	"Music.helpText10": "İstediğiniz her şeyi oluşturun. Keşfedebileceğiniz çok sayıda yeni blok var. İyi eğlenceler!",
	"Music.helpText10Reddit": "Başkalarının yazdıklarını görmek için 'Galeriye Bakın' düğmesini kullanın. İlginç bir şey oluşturursanız, yayınlamak için 'Galeriye Gönder' düğmesini kullanın.",
	"Pond.scanTooltip": "Düşmanları tarayın. Bir yön belirtin (0-360). Bu yöndeki en yakın düşmana olan mesafeyi verir. Hiç düşman bulunmazsa Sonsuzluğu döndürür.",
	"Pond.cannonTooltip": "Topu ateşle. Bir yön (0-360) ve bir aralık (0-70) belirleyin.",
	"Pond.swimTooltip": "İleriye doğru yüzün. Bir yön belirtin (0-360).",
	"Pond.stopTooltip": "Yüzmeyi bırak. Oyuncu durur.",
	"Pond.healthTooltip": "Oyuncunun mevcut sağlığını döndürür (0 ölü, 100 sağlıklı).",
	"Pond.speedTooltip": "Oynatıcının geçerli hızını döndürür (0 durdurulur, 100 tam hızdır).",
	"Pond.locXTooltip": "Oynatıcının X koordinatını döndürür (0 sol kenar, 100 sağ kenardır).",
	"Pond.locYTooltip": "Oynatıcının Y koordinatını döndürür (0 alt kenar, 100 üst kenardır).",
	"Pond.docsTooltip": "Dil belgelerini görüntüleyin.",
	"Pond.documentation": "Belgeleme",
	"Pond.playerName": "Oyuncu",
	"Pond.targetName": "Hedef",
	"Pond.pendulumName": "PendulumSarkaç",
	"Pond.scaredName": "Korkmuş",
	"Pond.helpUseScan": "Çözümünüz işe yarıyor, ancak daha iyisini yapabilirsiniz. Topa ne kadar uzak ateş edileceğini söylemek için 'scan'ı kullanın.",
	"Pond.helpText1": "Hedefi vurmak için 'cannon' komutunu kullanın. İlk parametre açı, ikinci parametre aralıktır. Doğru kombinasyonu bul.",
	"Pond.helpText2": "Bu hedefe birçok kez vurulması gerekiyor. Süresiz bir şey yapmak için 'while (true)' döngüsünü kullanın.",
	"Pond.helpText3a": "Bu rakip ileri geri hareket ederek vurmayı zorlaştırıyor. 'scan' ifadesi, rakibe tam olarak belirtilen yönde döndürür.",
	"Pond.helpText3b": "Bu menzil 'cannon' komutunun tam olarak ateş etmesi için gereken şeydir.",
	"Pond.helpText4": "Bu rakip topu kullanmak için çok uzak (70 metre sınırı var). Bunun yerine, rakibe doğru yüzmeye başlamak ve ona çarpmak için 'swim' komutunu kullanın.",
	"Pond.helpText5": "Bu rakip de topu kullanmak için çok uzakta. Ama bir çarpışmadan kurtulmak için çok güçsüzsünüz. Yatay konumunuz 50'den azken rakibe doğru yüzün. Sonra 'stop' ve topu kullanın.",
	"Pond.helpText6": "Bu rakip vurulduğunda uzaklaşacak. Menzil dışındaysa (70 metre) yüzün.",
	"Pond.rabbitName": "Tavşan",
	"Pond.counterName": "Sayaç",
	"Pond.rookName": "Kale",
	"Pond.sniperName": "Sniper",
	"Gallery": "Galeri"
}
