{
	"@metadata": {
		"authors": [
			"Baonguyen21022003",
			"Qneutron",
			"Withoutaname",
			"Dstream",
			"Minh Nguyen",
			"Macofe",
			"Leducthn",
			"SierraNguyen"
		]
	},
	"Games.name": "Blockly Trò Chơi",
	"Games.puzzle": "Đố vui",
	"Games.maze": "Ma trận",
	"Games.bird": "Chim",
	"Games.turtle": "Rùa",
	"Games.movie": "Phim",
	"Games.music": "Âm nhạc",
	"Games.pondTutor": "Hướng dẫn chơi Ao hồ",
	"Games.pond": "Ao hồ",
	"Games.genetics": "Di truyền học",
	"Games.linesOfCode1": "Bạn đã xử lý level này với 1 dòng của JavaScript:",
	"Games.linesOfCode2": "Bạn đã xử lý level này với %1 dòng của JavaScript:",
	"Games.nextLevel": "Bạn có sẵn sàng cho level %1 chưa?",
	"Games.finalLevel": "Bạn có sẵn sàng cho level tiếp theo chưa?",
	"Games.submitTitle": "Tên:",
	"Games.linkTooltip": "Lưu và lấy địa chỉ liên kết.",
	"Games.runTooltip": "Chạy chương trình bạn viết.",
	"Games.runProgram": "Chạy chương trình",
	"Games.resetTooltip": "Dừng chương trình và thiết lập lại level.",
	"Games.resetProgram": "Làm lại",
	"Games.help": "Trợ giúp",
	"Games.dialogOk": "OK",
	"Games.dialogCancel": "Hủy",
	"Games.catLogic": "Logic",
	"Games.catLoops": "Vòng lặp",
	"Games.catMath": "Công thức toán",
	"Games.catText": "Văn bản",
	"Games.catLists": "Danh sách",
	"Games.catColour": "Màu",
	"Games.catVariables": "Biến",
	"Games.catProcedures": "Hàm",
	"Games.httpRequestError": "Hoạt động bị trục trặc, không thực hiện được yêu cầu của bạn.",
	"Games.linkAlert": "Chia sẻ chương trình của bạn với liên kết sau:\n\n %1",
	"Games.hashError": "Không tìm thấy chương trình được lưu ở '%1'.",
	"Games.xmlError": "Không mở được chương trình của bạn.  Có thể nó nằm trong một phiên bản khác của Blockly?",
	"Games.submitted": "Cảm ơn phần mềm của bạn! Nếu dàn \"khỉ viên\" đã qua huấn luyện của chúng tôi thích phần mềm này, phần mềm sẽ được xuất bản vào thư viện trong vài ngày thôi.",
	"Games.listVariable": "danh sách",
	"Games.textVariable": "văn bản",
	"Games.breakLink": "Một khi bạn bắt đầu chỉnh sửa JavaScript, bạn không thể quay về chỉnh sửa các mảnh ghép. Bạn có đồng ý không?",
	"Games.blocks": "Các mảnh",
	"Games.congratulations": "Chúc mừng!",
	"Games.helpAbort": "Level này rất khó. Bạn có muốn bỏ qua và chuyển sang trò chơi tiếp theo? Bạn có thể quay lại level này sau.",
	"Index.clear": "Xóa cách giải quyết của bạn?",
	"Index.subTitle": "Trò chơi cho người lập trình của ngày mai.",
	"Index.moreInfo": "Thêm thông tin...",
	"Index.startOver": "Bạn có muốn bắt đầu lại từ đầu?",
	"Index.clearData": "Xóa dữ liệu",
	"Puzzle.animal1": "Con vịt",
	"Puzzle.animal1Trait1": "Lông vịt",
	"Puzzle.animal1Trait2": "Mỏ",
	"Puzzle.animal1HelpUrl": "https://vi.wikipedia.org/wiki/V%E1%BB%8Bt",
	"Puzzle.animal2": "Con mèo",
	"Puzzle.animal2Trait1": "Ria mép",
	"Puzzle.animal2Trait2": "Lông mèo",
	"Puzzle.animal2HelpUrl": "https://vi.wikipedia.org/wiki/M%C3%A8o",
	"Puzzle.animal3": "Con ong",
	"Puzzle.animal3Trait1": "Mật ong",
	"Puzzle.animal3Trait2": "Ong đốt",
	"Puzzle.animal3HelpUrl": "https://vi.wikipedia.org/wiki/Ong",
	"Puzzle.animal4": "Ốc sên",
	"Puzzle.animal4Trait1": "Vỏ ốc",
	"Puzzle.animal4Trait2": "Da nhờn",
	"Puzzle.animal4HelpUrl": "https://vi.wikipedia.org/wiki/%E1%BB%90c",
	"Puzzle.picture": "hình ảnh:",
	"Puzzle.legs": "chân:",
	"Puzzle.legsChoose": "chọn...",
	"Puzzle.traits": "đặc điểm:",
	"Puzzle.error0": "Rất hoàn chỉnh!\nTất cả %1 mảnh đều chính xác.",
	"Puzzle.error1": "Gần đúng rồi! Một mảnh còn chưa chính xác.",
	"Puzzle.error2": "%1 mảnh còn chưa chính xác.",
	"Puzzle.tryAgain": "Các mảnh được đánh dấu là không đúng.\nCố lên!",
	"Puzzle.checkAnswers": "Kiểm tra đáp án",
	"Puzzle.helpText": "Với mỗi con vật (màu xanh lá cây), hãy gắn vào hình ảnh đúng với mỗi con vật đó, chọn số chân của chúng, và gắn đặc điểm thích hợp của chúng.",
	"Maze.moveForward": "đi tới",
	"Maze.turnLeft": "quay qua trái",
	"Maze.turnRight": "quay qua phải",
	"Maze.doCode": "hãy",
	"Maze.elseCode": "nếu không",
	"Maze.helpIfElse": "Mảnh 'nếu-nếu không' sẽ thực hiện một trong hai nhóm lệnh đưa ra.",
	"Maze.pathAhead": "nếu có đường phía trước",
	"Maze.pathLeft": "nếu có đường bên trái",
	"Maze.pathRight": "nếu có đường bên phải",
	"Maze.repeatUntil": "lặp lại cho đến",
	"Maze.moveForwardTooltip": "Di chuyển Pegman tới một bước.",
	"Maze.turnTooltip": "Quay Pegman qua bên trái hoặc bên phải 90 độ.",
	"Maze.ifTooltip": "Nếu có đường ở hướng đấy, hãy thực hiện các lệnh đưa ra.",
	"Maze.ifelseTooltip": "Nếu có đường ở hướng đấy, hãy thực hiện các lệnh thứ nhất. Nếu không, thực hiện các lệnh thứ hai.",
	"Maze.whileTooltip": "Thực hiện các lệnh được bao gồm cho đến khi đến đích",
	"Maze.capacity0": "Bạn còn %0 mảnh.",
	"Maze.capacity1": "Bạn còn %1 mảnh.",
	"Maze.capacity2": "Bạn còn %2 mảnh.",
	"Maze.runTooltip": "Khiến người chơi làm theo lệnh trong các mảnh.",
	"Maze.resetTooltip": "Đưa người chơi trở lại vị trí khởi đầu của mê cung.",
	"Maze.helpStack": "Chồng hai mảnh 'đi tới' lên nhau để giúp tớ đến đích.",
	"Maze.helpOneTopBlock": "Ở vòng này, bạn cần gắn chồng các mảnh lệnh lên nhau trong khoảng trắng (còn được gọi là sân chơi) để tạo chuỗi mệnh lệnh cần thiết.",
	"Maze.helpRun": "Chạy chương trình của bạn để xem điều gì sẽ xảy ra.",
	"Maze.helpReset": "Chương trình của bạn chưa giải mê cung.  Nhấn 'Trở lại' và thử lại.",
	"Maze.helpRepeat": "Đến cuối đường chỉ bằng hai mảnh.  Sử dụng 'lặp lại' để chạy một mảnh hơn một lần.",
	"Maze.helpCapacity": "Bạn đã sử dụng hết tất mảnh trong cấp này.  Để tạo mảnh mới, trước tiên bạn cần xóa một mảnh hiện tại.",
	"Maze.helpRepeatMany": "Bạn có thể đặt nhiều mảnh vào trong một mảnh 'lặp lại'.",
	"Maze.helpSkins": "Lựa chọn nhân vật yêu thích của bạn từ trình đơn này.",
	"Maze.helpIf": "Mảnh 'nếu [điều kiện]' nhìn vào điều kiện rồi chỉ thực hiện lệnh nếu có điều kiện ấy. Hãy thử rẽ trái nếu có đường bên trái.",
	"Maze.helpMenu": "Ấn vào %1 trong mảnh 'nếu' để thay đổi hình thể của nó.",
	"Maze.helpWallFollow": "Bạn có thể giải cái ma trận rắc rối này? Gợi ý: Thử đi sát theo một bức tường, y như bạn đang giữ một tay theo suốt bức tường ấy, dù nó rẻ phải hay trái.",
	"Bird.noWorm": "không có sâu",
	"Bird.heading": "bay đi",
	"Bird.noWormTooltip": "Lúc chim chưa có sâu.",
	"Bird.headingTooltip": "Di chuyển theo hướng của góc được chọn: 0 là sang phải, 90 là đi thẳng đứng lên.",
	"Bird.positionTooltip": "x và y đánh dấu vị trí của chim. Khi x = 0 chim gần với mép trái, khi x = 100 nó gần với mép phải. Khi y = 0 chim ở đáy trang, khi y = 100 nó ở đầu trang.",
	"Bird.helpHeading": "Thay đổi hướng bay để chim lấy được sâu và tha về tổ của nó.",
	"Bird.helpHasWorm": "Sử dụng mảnh này để chim có thể bay theo một hướng nếu đã lấy được sâu, còn nếu không thì bay theo hướng khác.",
	"Bird.helpX": "'x' là vị trí nằm ngang hiện tại của con chim. Sử dụng mảnh này để con chim của bạn bay theo một hướng nếu 'x' nhỏ hơn một số nào đó, hoặc nếu không thì bay theo hướng khác.",
	"Bird.helpElse": "Nhấp vào kí tự này để sửa đổi mảnh 'nếu'.",
	"Bird.helpElseIf": "Cấp độ này cần cả hai mảnh 'nếu không nếu' và 'nếu không'.",
	"Bird.helpAnd": "Mảnh 'và' chỉ đúng nếu cả hai điều kiện nhập vào đều đúng.",
	"Bird.helpMutator": "Kéo mảnh 'nếu không' cho vào mảnh 'nếu'.",
	"Turtle.moveTooltip": "Di chuyển con rùa tới hoặc lui một đoạn tùy ý.",
	"Turtle.moveForward": "đi tới",
	"Turtle.moveBackward": "đi lui",
	"Turtle.turnTooltip": "Quay con rùa qua tay trái hoặc tay phải một số độ tùy ý.",
	"Turtle.turnRight": "quay qua tay phải",
	"Turtle.turnLeft": "quay qua tay trái",
	"Turtle.widthTooltip": "Thay đổi độ rộng của bút vẽ.",
	"Turtle.setWidth": "đặt chiều rộng",
	"Turtle.colourTooltip": "Thay màu của bút vẽ.",
	"Turtle.setColour": "gán màu",
	"Turtle.penTooltip": "Nhất bút vẽ lên hoặc đặt xuống, để bắt đầu hoặc ngưng nét vẽ.",
	"Turtle.penUp": "bút vẽ nhấc lên",
	"Turtle.penDown": "bút vẽ đặt xuống",
	"Turtle.turtleVisibilityTooltip": "Làm cho con rùa (vòng tròn và mũi tên) hiện hình hoặc vô hình.",
	"Turtle.hideTurtle": "hide Rùa",
	"Turtle.showTurtle": "show Rùa",
	"Turtle.printHelpUrl": "https://en.wikipedia.org/wiki/Printing",
	"Turtle.printTooltip": "In văn bản theo hướng và vị trí của con rùa.",
	"Turtle.print": "In",
	"Turtle.fontHelpUrl": "https://en.wikipedia.org/wiki/Font",
	"Turtle.fontTooltip": "Bộ phông chữ được sử dụng bởi mảnh in.",
	"Turtle.font": "phông chữ",
	"Turtle.fontSize": "kích thước chữ",
	"Turtle.fontNormal": "thường",
	"Turtle.fontBold": "đậm",
	"Turtle.fontItalic": "nghiêng",
	"Turtle.submitDisabled": "Chạy chương trình của bạn cho đến khi nó dừng. Sau đó bạn có thể gửi bản vẽ của bạn vào trong phòng trưng bày.",
	"Turtle.galleryTooltip": "Mở phòng trưng bày của các bản vẽ.",
	"Turtle.galleryMsg": "Xem Phòng trưng bày",
	"Turtle.submitTooltip": "Gửi bản vẽ của bạn đến phòng trưng bày.",
	"Turtle.submitMsg": "Gửi đến phòng trưng bày",
	"Turtle.helpUseLoop": "Cách giải quyết của bạn hoạt động, nhưng bạn có thể thử cách khác hiệu quả hơn không?",
	"Turtle.helpUseLoop3": "Hãy vẽ theo hình dạng này chỉ với ba mảnh.",
	"Turtle.helpUseLoop4": "Hãy vẽ ngôi sao chỉ với bốn mảnh.",
	"Turtle.helpText1": "Tạo nên một chương trình có thể vẽ một hình vuông.",
	"Turtle.helpText2": "Thay đổi chương trình của bạn để vẽ một hình ngũ giác thay vì một hình vuông.",
	"Turtle.helpText3a": "Một mảnh mới có thể cho phép bạn thay đổi màu:",
	"Turtle.helpText3b": "Hãy vẽ một ngôi sao vàng.",
	"Turtle.helpText4a": "Một mảnh mới có thể cho phép bạn nhấc bút khỏi trang giấy khi bạn dịch chuyển:",
	"Turtle.helpText4b": "Hãy vẽ một ngôi sao nhỏ màu vàng, sau đó vẽ một đường thẳng ở trên nó.",
	"Turtle.helpText5": "Thay vì một ngôi sao, bạn có thể vẽ bốn ngôi sao được xếp ở bốn góc của một hình vuông không?",
	"Turtle.helpText6": "Hãy vẽ ba ngôi sao màu vàng, và một đường thẳng màu trắng.",
	"Turtle.helpText7": "Hãy vẽ những ngôi sao và vẽ bốn đường thẳng màu trắng.",
	"Turtle.helpText8": "Vẽ 360 đường thẳng màu trắng sẽ trông giống như mặt trăng tròn.",
	"Turtle.helpText9": "Bạn có thể thêm một hình tròn màu đen để cho trăng tròn thành  trăng khuyết không?",
	"Turtle.helpText10": "Hãy vẽ bất cứ thứ gì bạn muốn. Bạn có thể khám phá với một số lượng lớn của những mảnh mới. Chúc bạn vui vẻ!",
	"Turtle.helpText10Reddit": "Sử dụng \"Xem Phòng trưng bày\" nhấn để xem những người khác đã vẽ. Nếu bạn vẽ nên thứ gì đặc sắc, hãy dùng \"Gửi đến Phòng trưng bày\" nhấn để trưng bày nó.",
	"Turtle.helpToolbox": "Hãy chọn một chuyên mục để xem những mảnh.",
	"Movie.x": "x",
	"Movie.y": "y",
	"Movie.x1": "bắt đầu x",
	"Movie.y1": "bắt đầu y",
	"Movie.x2": "kết thúc x",
	"Movie.y2": "kết thúc y",
	"Movie.radius": "bán kính",
	"Movie.width": "chiều ngang",
	"Movie.height": "chiều cao",
	"Movie.circleTooltip": "Hãy vẽ một hình tròn tại một vị trí cụ thể và với một bán kính cụ thể.",
	"Movie.circleDraw": "hình tròn",
	"Movie.rectTooltip": "Hãy vẽ một hình chữ nhật tại một vị trí cụ thể với chiều ngang và chiều cao cụ thể.",
	"Movie.rectDraw": "hình chữ nhật",
	"Movie.lineTooltip": "Hãy vẽ một đường thẳng từ một điểm đến điểm còn lại với một chiều ngang cụ thể.",
	"Movie.lineDraw": "đường thẳng",
	"Movie.timeTooltip": "Hoàn trả thời điểm hiện tại ở phim (0-100).",
	"Movie.colourTooltip": "Thay màu của bút vẽ.",
	"Movie.setColour": "gán màu",
	"Movie.submitDisabled": "Phim của bạn không dịch chuyển. Sử dụng các mảnh để tạo vật đặc sắc. Sau đó bạn có thể gửi phim của bạn đến phòng trưng bày.",
	"Movie.galleryTooltip": "Mở phòng trưng bày của các phim.",
	"Movie.galleryMsg": "Xem Phòng trưng bày",
	"Movie.submitTooltip": "Gửi phim của bạn đến phòng trưng bày.",
	"Movie.submitMsg": "Gửi đến phòng trưng bày",
	"Movie.helpLayer": "Di chuyển nền hình tròn lên phần đầu của chương trình. Sau đó nó sẽ xuất hiện phía sau nhân vật.",
	"Movie.helpText1": "Sử dụng các khối hình đơn giản để vẽ người này.",
	"Movie.helpText2a": "Cấp độ này là một đoạn phim. Bạn muốn cánh tay của nhân vật di chuyển qua màn hình. Nhấn nút chơi để xem chương trình chạy.",
	"Movie.helpText2b": "Khi đoạn phim được chiếu, giá trị của mảnh 'thời gian' đếm từ 0 đến 100.\nBạn muốn cho vị trí nằm ngang của cánh tay bắt đầu tại 0 và đi đến 100.",
	"Movie.helpText3": "Mảnh 'thời gian' đếm từ 0 đến 100. Nhưng bây giờ bạn muốn vị trí nằm ngang của cánh tay bắt đầu tại 100 và đi đến 0. Bạn hãy tìm ra công thức toán đơn giản để đổi hướng đếm.",
	"Movie.helpText4": "Sử dụng những gì bạn đã học trong những cấp độ trước để làm sao cho những cái chân bắt chéo nhau.",
	"Movie.helpText5": "Phép toán cho cánh tay khá phức tạp. Đây là câu trả lời:",
	"Movie.helpText6": "Đưa cho nhân vật hai bàn tay.",
	"Movie.helpText7": "Sử dụng mảnh 'if' để vẽ một cái đầu nhỏ cho nửa đoạn đầu trình chiếu của phim. Sau đó vẽ một cái đầu lớn cho nửa đoạn sau của phim.",
	"Movie.helpText8": "Làm cho những cái chân thay đổi hướng ở giữa chặng của đoạn phim.",
	"Movie.helpText9": "Vẽ một vòng tròn mở rộng đằng sau nhân vật.",
	"Movie.helpText10": "Tạo ra phim về mọi thứ bạn muốn. Bạn có thể khám phá cùng với một số lượng lớn mảnh mới. Chúc bạn vui vẻ.",
	"Movie.helpText10Reddit": "Sử dụng \"Xem Phòng trưng bày\" nhấn để xem những người khác đã thiết kế. Nếu bạn vẽ nên đoạn phim đặc sắc, hãy dùng \"Gửi đến Phòng trưng bày\" nhấn để trưng bày nó.",
	"Music.playNoteTooltip": "Chơi một nốt nhạc trong một khoảng thời gian và cao độ nhất định.",
	"Music.playNote": "Chơi %1 nốt %2",
	"Music.restTooltip": "Chờ trong một khoảng thời gian cụ thể.",
	"Music.restWholeTooltip": "Chờ cho một nốt tròn.",
	"Music.rest": "Nghỉ %1",
	"Music.setInstrumentTooltip": "Thay đổi sang một nhạc cụ cụ thể khi chơi những nốt tiếp theo.",
	"Music.setInstrument": "Chọn nhạc cụ %1",
	"Music.startTooltip": "Chạy những mảnh ghép khi 'Run Program' được kích hoạt.",
	"Music.start": "khi %1 được chọn",
	"Music.pitchTooltip": "Một nốt (C4 là 7).",
	"Music.firstPart": "phần đầu tiên",
	"Music.piano": "piano",
	"Music.trumpet": "kèn",
	"Music.banjo": "băng cầm",
	"Music.violin": "vĩ cầm",
	"Music.guitar": "ghi-ta",
	"Music.flute": "sáo",
	"Music.drum": "trống",
	"Music.choir": "hợp xướng",
	"Music.submitDisabled": "Chạy chương trình của bạn cho đến khi nó dừng. Sau đó bạn có thể gửi bản nhạc của bạn vào phòng trưng bày.",
	"Music.galleryTooltip": "Mở phòng trưng bày của các bản nhạc.",
	"Music.galleryMsg": "Xem Phòng trưng bày",
	"Music.submitTooltip": "Gửi bản nhạc của bạn đến phòng trưng bày.",
	"Music.submitMsg": "Gửi vào Thư viện",
	"Music.helpUseFunctions": "Giải pháp tốt, nhưng vẫn có thể được cải thiện. Sử dụng các hàm để giảm số lượng các phần lặp lại.",
	"Music.helpUseInstruments": "Bản nhạc sẽ trở nên tốt hơn nếu bạn sử dụng một nhạc cụ khác cho phần khởi đầu của mỗi khối ghép.",
	"Music.helpText1": "Biên soạn bốn nốt đầu tiên của \"Kìa con bướm vàng\".",
	"Music.helpText2a": "Một 'function' cho phép bạn nhóm các mảnh ghép lại với nhau, sau đó chạy các mảnh đó nhiều lần.",
	"Music.helpText2b": "Tạo một hàm để chơi bốn nốt đầu của \"Kìa con bướm vàng\". Chạy hàm vừa tạo hai lần. Đừng thêm bất cứ khối nốt nào.",
	"Music.helpText3": "Tạo hàm thứ hai cho phần tiếp theo của \"Kìa con bướm vàng\". Nốt cuối cùng dài hơn.",
	"Music.helpText4": "Tạo một hàm thứ ba cho phần tiếp theo của \"Kìa con bướm vàng\". Bốn nốt đầu tiên ngắn hơn.",
	"Music.helpText5": "Hoàn chỉnh toàn bộ âm điệu của \"Kìa con bướm vàng\".",
	"Music.helpText6a": "Khối ghép này cho phép bạn thay đổi sang một nhạc cụ khác.",
	"Music.helpText6b": "Chạy bản nhạc của bạn với một cây vi-ô-lông.",
	"Music.helpText7a": "Khối ghép này tạo ra một đoạn im lặng.",
	"Music.helpText7b": "Tạo khối bắt đầu thứ hai bao gồm hai mảnh tạm dừng, sau đó chơi \"Kìa con bướm vàng\".",
	"Music.helpText8": "Mỗi mảnh ghép khởi đầu nên chơi \"Kìa con bướm vàng\" hai lần.",
	"Music.helpText9": "Tạo bốn mảnh khởi đầu, mỗi mảnh chơi \"Kìa con bướm vàng\" hai lần. Thêm chính xác số mảnh tạm dừng.",
	"Music.helpText10": "Sáng tác bất cứ thứ gì bạn muốn. Bạn có thể khám phá với một số lượng lớn của những mảnh ghép mới. Chúc bạn vui vẻ!",
	"Music.helpText10Reddit": "Sử dụng nút \"Xem Bộ sưu tập\" để xem tác phẩm của những người đã sáng tác. Nếu bạn đã sáng tác nên một thứ thú vị, hãy nhấn \"Gửi đến Bộ sưu tập\" để công bố nó.",
	"Pond.scanTooltip": "Thăm dò địch thủ. Xác định hướng (0-360). Hoàn lại khoảng cách đến địch thủ gần nhất theo hướng đó. Hoàn lại vô tận nếu không có địch thủ nào bị ngắm.",
	"Pond.cannonTooltip": "Bắn súng. Xác định hướng (0-360) và phạm vi (0-70).",
	"Pond.swimTooltip": "Bơi về phía trước. Xác định hướng (0-360).",
	"Pond.stopTooltip": "Ngưng bơi. Người chơi sẽ chậm dần đến khi dừng hẳn.",
	"Pond.healthTooltip": "Hoản trả năng lượng hiện tại của người chơi ( 0 là chết, 100 là khỏe mạnh).",
	"Pond.speedTooltip": "Trả về tốc độ hiện tại của trình phát (0 là dừng lại, 100 là tốc độ cao nhất).",
	"Pond.locXTooltip": "Trả về tọa độ X của trình phát (0 là cạnh bên trái, 100 là cạnh bên phải).",
	"Pond.locYTooltip": "Trả về tọa độ Y của trình phát (0 là cạnh dưới cùng, 100 là cạnh trên cùng).",
	"Pond.docsTooltip": "Hiển thị tài liệu ngôn ngữ.",
	"Pond.documentation": "Tài liệu",
	"Pond.playerName": "Người chơi",
	"Pond.targetName": "Mục tiêu",
	"Pond.pendulumName": "Quả lắc đồng hồ",
	"Pond.scaredName": "Kinh hãi",
	"Pond.helpUseScan": "Giải pháp của bạn hoạt động, nhưng bạn có thể làm tốt hơn. Sử dụng 'scan' để khẩu pháo biết được khoảng cách để bắn.",
	"Pond.helpText1": "Sử dụng lệnh 'cannon' để đánh trúng mục tiêu. Tham số đầu tiên là góc, tham số thứ hai là phạm vi. Tìm sự kết hợp phù hợp.",
	"Pond.helpText2": "Mục tiêu này cần bị đánh trúng nhiều lần. Sử dụng vòng lặp 'while (true)' để thực hiện điều gì đó vô thời hạn.",
	"Pond.helpText3a": "Đối thủ này di chuyển qua lại, khiến việc đánh trúng trở nên khó khăn hơn. 'Scan' trả về phạm vi chính xác của đối thủ trong một hướng nhất định.",
	"Pond.helpText3b": "Đây chính là phạm vi lệnh 'cannon' cần để bắn một cách chính xác.",
	"Pond.helpText4": "Đối thủ này quá xa để sử dụng khẩu pháo (có giới hạn 70 mét). Thay vào đó, sử dụng lệnh 'swim' để bắt đầu bơi về phía đối thủ và đâm vào nó.",
	"Pond.helpText5": "Đối thủ này cũng quá xa để sử dụng khẩu pháo. Nhưng bạn quá yếu để tồn tại một vụ va chạm. Bơi về phía đối thủ trong khi vị trí nằm ngang của bạn nhỏ hơn 50. Sau đó 'stop' và sử dụng khẩu pháo.",
	"Pond.helpText6": "Đối thủ này sẽ di chuyển đi khi nó bị bắn trúng. Bơi về phía nó nếu nó nằm ngoài phạm vi (70 mét).",
	"Pond.rabbitName": "Thỏ",
	"Pond.counterName": "Người tính đếm",
	"Pond.rookName": "Con xe",
	"Pond.sniperName": "Người núp bắn",
	"Gallery": "Phòng trưng bày"
}
