{
	"@metadata": {
		"authors": [
			"Mapmeld"
		]
	},
	"Games.name": "Ere Blocky",
	"Games.puzzle": "Adojuru",
	"Games.maze": "Iruju",
	"Games.bird": "Ẹyẹ",
	"Games.turtle": "Adaba",
	"Games.movie": "Fiimu",
	"Games.music": "Orin",
	"Games.pondTutor": "Omi ikudu",
	"Games.pond": "Olukọ",
	"Games.genetics": "Awon Jiini",
	"Games.linesOfCode1": "O ti yanju ipele yii pẹlu 1 ila JavaScript:",
	"Games.linesOfCode2": "O ti yanju ipele yii pẹlu %1 awon ila JavaScript:",
	"Games.nextLevel": "Ṣe o ṣetan fun ipele %1?",
	"Games.finalLevel": "Ṣe o ṣetan fun ipenija ti o kan?",
	"Games.submitTitle": "Akọle:",
	"Games.linkTooltip": "Fipamọ ki o si sopọ mọ awọn bulọọki.",
	"Games.runTooltip": "Ṣiṣe lori eto naa ti o kọ",
	"Games.runProgram": "Ṣe Eto",
	"Games.resetTooltip": "Da eto naa duro ki o si tun ipele naa to pada.",
	"Games.resetProgram": "Atunto",
	"Games.help": "Ìrànwọ́",
	"Games.dialogOk": "O DARA",
	"Games.dialogCancel": "Fagilé",
	"Games.catLogic": "Irogun",
	"Games.catLoops": "Ilosiwaju losehin",
	"Games.catMath": "Isiro",
	"Games.catText": "Ọrọ",
	"Games.catLists": "Akojọ",
	"Games.catColour": "Awọ",
	"Games.catVariables": "Oniruru",
	"Games.catProcedures": "Iṣe",
	"Games.httpRequestError": "Iiṣoro wa pẹlu ìbeere naa.",
	"Games.linkAlert": "Ṣe alabapin awọn bulooku rẹ pẹlu asopọ yii:\n\n%1",
	"Games.hashError": "Ma binu, '%1' ko ṣe ibamu pẹlu eyikeyi eto ti a fipamọ.",
	"Games.xmlError": "Ko le gbe faili ti o fipamọ jade. Boya o ti ṣẹda re pẹlu irufe oriṣiriṣi Blockly?",
	"Games.submitted": "O ṣeun fun eto yii! Ti awọn oṣiṣe wa ba fẹran rẹ, wọn yoo gbejade si ibi iṣafiha fọto ni arin ọjọ diẹ.",
	"Games.listVariable": "akojọ",
	"Games.textVariable": "ọrọ",
	"Games.breakLink": "Lọgan ti o bẹrẹ ṣi ṣatunkọ JavaScript, o ko le pada si  idatunkọ bulọọku mo. Ṣe eyi dara?",
	"Games.blocks": "Bulọọku",
	"Games.congratulations": "Ku oriire!",
	"Games.helpAbort": "Ipele yii niraa gidigidi. Ṣe o fẹ foda ki o lọ si ere idaraya ti o tẹle? O le pada wa nigbamii.",
	"Index.clear": "Pa gbogbo awọn ojutu rẹ rẹẹ?",
	"Index.subTitle": "Ere fun awọn pirogirama ọla.",
	"Index.moreInfo": "Fun alaye diẹ sii...",
	"Index.startOver": "O fẹ lati tun bẹrẹ?",
	"Index.clearData": "Pa data rẹ",
	"Puzzle.animal1": "Pẹpẹyẹ",
	"Puzzle.animal1Trait1": "Iyẹ",
	"Puzzle.animal1Trait2": "Ẹnu ẹyẹ",
	"Puzzle.animal1HelpUrl": "https://en.wikipedia.org/wiki/Duck",
	"Puzzle.animal2": "Ológbò",
	"Puzzle.animal2Trait1": "Igbekuro",
	"Puzzle.animal2Trait2": "Irun",
	"Puzzle.animal2HelpUrl": "https://yo.wikipedia.org/wiki/Ol%C3%B3gb%C3%B2",
	"Puzzle.animal3": "Oyin",
	"Puzzle.animal3Trait1": "Oyin",
	"Puzzle.animal3Trait2": "Agbọn",
	"Puzzle.animal3HelpUrl": "https://en.wikipedia.org/wiki/Bee",
	"Puzzle.animal4": "Igbin",
	"Puzzle.animal4Trait1": "Ikarahun",
	"Puzzle.animal4Trait2": "Iwọn didun",
	"Puzzle.animal4HelpUrl": "https://en.wikipedia.org/wiki/Snail",
	"Puzzle.picture": "aworan:",
	"Puzzle.legs": "ese:",
	"Puzzle.legsChoose": "yan...",
	"Puzzle.traits": "awọn iwa:",
	"Puzzle.error0": "Ope! Gbogbo ẹ %1 awọn bulọọki jẹ pipeye.",
	"Puzzle.error1": "O ku diẹ! Bulọọki kan jẹ aipeye.",
	"Puzzle.error2": "%1 awọn bulọọki jẹ aipeye.",
	"Puzzle.tryAgain": "Bulọọki ti fihan ko peye. Gbiyanju siwaju si.",
	"Puzzle.checkAnswers": "Ṣayẹwo Awọn Idahun",
	"Puzzle.helpText": "Fun ẹranko kọọkan (alawọ ewe),  aworan rẹ wa nibẹ, yan iye ẹsẹ ti o ni, ki o si ṣe akopọ awọn iwarẹ",
	"Maze.moveForward": "tẹsiwaju",
	"Maze.turnLeft": "ya si apa osi",
	"Maze.turnRight": "ya si apa ọtun",
	"Maze.doCode": "ṣe",
	"Maze.elseCode": "bibẹẹkọ",
	"Maze.helpIfElse": "Bi-bibẹẹkọ bulooki yoo ṣe iṣiṣe kan tabi omiran.",
	"Maze.pathAhead": "bi ọna ba wa niwaju",
	"Maze.pathLeft": "ti ọna ba wa si osi",
	"Maze.pathRight": "ti ọna ba wa si otun",
	"Maze.repeatUntil": "tun ṣe titi ti",
	"Maze.moveForwardTooltip": "Mu olutayo naa lọ siwaju alafo kan.",
	"Maze.turnTooltip": "Yi olutayo naa si osi tabi si otun ni 90 digiri.",
	"Maze.ifTooltip": "Bi ona ba wa ni itọsọna pato, lẹhinna gbe awọn igbese kan.",
	"Maze.ifelseTooltip": "Bi ona ba wa ni itọsọna pato, lẹhinna gbe igbese bulọọki akọkọ. Bibẹẹkọ, gbe igbese bulọọki keji.",
	"Maze.whileTooltip": "Tun ṣẹ iṣeduro lẹẹkansi titi ti ipari yoo fi de ojuami.",
	"Maze.capacity0": "O ni awọn bulọọki %0 ti o kù.",
	"Maze.capacity1": "O ni awọn bulọọki %1 ti o kù.",
	"Maze.capacity2": "O ni %2 bulọọki ti o kù.",
	"Maze.runTooltip": "Mu ki oludije ṣe ohun ti awọn bulọọki sọ.",
	"Maze.resetTooltip": "Fi oludije naa pada si ibẹrẹ ti iruniloju.",
	"Maze.helpStack": "Ṣeto opolopo ti 'te siwaju' bulọọki papọ lati ṣe iranlọwọ fun mi lati de ibi ìlepa.",
	"Maze.helpOneTopBlock": "Ni ipele yii, o nilo lati ṣe asopọ gbogbo awọn bilooki ni aaye iṣẹ funfun.",
	"Maze.helpRun": "Ṣe eto rẹ lati wo ohun ti yoo ṣẹlẹ.",
	"Maze.helpReset": "Eto rẹ ko yanju iruniloju naa. Tẹ 'Atunto' ki o tun gbiyanju lẹẹkansi.",
	"Maze.helpRepeat": "De opin si ọna yi pẹlu lilo awọn bulọọki meji. Lo 'tunse' lati ṣe bulọọki ju ẹẹkan lọ",
	"Maze.helpCapacity": "O ti lo gbogbo awọn bulọọki fun ipele yii tan. Lati ṣẹda bulọọki tuntun, o nilo lati kọkọ pa bulọọki to wa nilẹ tẹlẹ rẹ.",
	"Maze.helpRepeatMany": "O le fi bulọọki ti o ju eyọkan lọ si inu 'itunse' bulọọki",
	"Maze.helpSkins": "Yan aayo oludije rẹ lati inu akojọ aṣayan yii.",
	"Maze.helpIf": "Bulọọki 'bi' kan yoo ṣe nkan kan nikan ti ipo ba jẹ otitọ. Gbiyanju apa osi bi ipa ba wa ni apa osi.",
	"Maze.helpMenu": "Tẹ i %1 ni \"bi\" lati yi ipo rẹ pada.",
	"Maze.helpWallFollow": "Ṣe o le yanju iṣaju idiju yii? Gbiyanju lati tẹle odi ọwọ osi. Awọn olutọpa ti won pegede nikan!",
	"Bird.noWorm": "ko ni aran",
	"Bird.heading": "akọle",
	"Bird.noWormTooltip": "Ipo naa nigbati eye ko ba ri aran gba.",
	"Bird.headingTooltip": "Lo si ipa ọna ti igun ti a fifun: 0 si apa otun, 90 je ona oke tara, ati bẹbẹ lọ.",
	"Bird.positionTooltip": "x ati y samisi ipo eye. Nigbati x = 0 eye naa sunmọ igun apa osi, nigbati x = 100 o sunmọ igun apa otun. Nigbati y = 0 eye naa wa ni isale, nigbati y = 100 o wa ni oke.",
	"Bird.helpHeading": "Yi igun akọle pada lati jẹ ki eye gba aran ati lati ba sinu itẹ rẹ",
	"Bird.helpHasWorm": "Lo bulọọki yii lati lọ si akori kan ti o ba ni aran, tabi akori miran ti o ko ba ni aran.",
	"Bird.helpX": "'x' jẹ ipo petele ti o wa bayi. Lo bulooki yii lati lọ si akori kan ti o ba jẹ pe 'x' kere ju nọmba kan lọ, tabi akori miiran bibẹkọ.",
	"Bird.helpElse": "Tẹ aami lati se ayipada 'bi' naa pada.",
	"Bird.helpElseIf": "Ipele yii nilo awon mejeji 'omiiran bi' ati  'bibẹẹkọ' bulooki",
	"Bird.helpAnd": "Bulooki 'ati' naa jẹ otitọ nikan ti awọn mejeji igbewọle ba jẹ otitọ.",
	"Bird.helpMutator": "Fa 'bibẹẹkọ' bulooki sinu 'bi'.",
	"Turtle.moveTooltip": "Sun adaba lọ siwaju tabi sẹhin nipasẹ iye kan pato.",
	"Turtle.moveForward": "sun siwaju nipasẹ",
	"Turtle.moveBackward": "sun seyin nipasẹ",
	"Turtle.turnTooltip": "Yi adaba si osi tabi ọtun nipasẹ awon iye nọmba diigiri kan.",
	"Turtle.turnRight": "yi si ọtun nipasẹ",
	"Turtle.turnLeft": "yi si osi nipasẹ",
	"Turtle.widthTooltip": "Paarọ fiife ohun ikọwe.",
	"Turtle.setWidth": "ṣeto fiifẹ si",
	"Turtle.colourTooltip": "Ṣe ayipada si awọ ohun ikọwe",
	"Turtle.setColour": "ṣeto awọ si",
	"Turtle.penTooltip": "Gbe ohun ikoew tabi gbe sile, lati daa duro tabi bẹrẹ iyaworan.",
	"Turtle.penUp": "Ohun ikowe oke",
	"Turtle.penDown": "Ohun ikowe isalẹ",
	"Turtle.turtleVisibilityTooltip": "Je ki adaba (iyika ati itọka) to han tabi alaihan.",
	"Turtle.hideTurtle": "fi adaba pamo",
	"Turtle.showTurtle": "fi adaba han",
	"Turtle.printHelpUrl": "https://en.wikipedia.org/wiki/Printing",
	"Turtle.printTooltip": "Fa ọrọ si ona itọna adabai ni ibudo rẹ",
	"Turtle.print": "titẹ",
	"Turtle.fontHelpUrl": "https://en.wikipedia.org/wiki/Font",
	"Turtle.fontTooltip": "Ṣeto awo omi ti a lo nipasẹ titẹ bulooku.",
	"Turtle.font": "awon leta",
	"Turtle.fontSize": "iwon awon leta",
	"Turtle.fontNormal": "deede",
	"Turtle.fontBold": "leta titobi",
	"Turtle.fontItalic": "leta wiwo",
	"Turtle.submitDisabled": "Ṣe eto rẹ titi ti yoo fi duro. Lẹhinna o le fi aworan rẹ owo si  ibi iṣafiha fọto.",
	"Turtle.galleryTooltip": "Ṣii awọn aworan ti o wa ni ibi iṣafiha fọto",
	"Turtle.galleryMsg": "Wo ibi iṣafiha fọto",
	"Turtle.submitTooltip": "Fi aworan rẹ sowo si ibi iṣafiha fọto.",
	"Turtle.submitMsg": "Firanṣẹ si ibi iṣafiha fọto",
	"Turtle.helpUseLoop": "Ojutu rẹ ṣiṣẹ, ṣugbọn o le ṣe dada si.",
	"Turtle.helpUseLoop3": "Ya irisi naa pẹlu awọn bulọọki mẹta peere.",
	"Turtle.helpUseLoop4": "Ya irawo pẹlu awọn bulọọki mẹẹrin peere.",
	"Turtle.helpText1": "Ṣẹda eto ti o ya onigun mẹẹrin kan",
	"Turtle.helpText2": "Yi eto rẹ pada lati ya onigun marun dipo ti onigun mẹẹrin.",
	"Turtle.helpText3a": "Bulooki tuntun kan wa ti yoo fun laaye lati yi awọ pada:",
	"Turtle.helpText3b": "Ya irawo alawo ofeefee.",
	"Turtle.helpText4a": "Bulooki tuntun niyi ti yoo fun laaye lati gbe peni rẹ kuro lori iwe nigbati o ba sun:",
	"Turtle.helpText4b": "Ya irawo alawo ofeefee kekere kan, ki o si fa ila kan soke rẹ.",
	"Turtle.helpText5": "Dipo irawọ kan, o le ya irawọ mẹẹrin sinu onigun mẹẹrin?",
	"Turtle.helpText6": "Ya irawo alawo ofeefee meta, ki o si fa ila kan soke rẹ.",
	"Turtle.helpText7": "Ya irawo naa, ki o si fa ila funfun mẹẹrin.",
	"Turtle.helpText8": "Fai la funfun 360 ti yoo dabi oṣupa kikun.",
	"Turtle.helpText9": "Njẹ o le ṣafikun iyika dudu kan ki oṣupa naa di oṣupa ti ko i ti yọ tan?",
	"Turtle.helpText10": "Ya ohunkohun ti o fẹ. O ni opolopo bulọọki ti o le ṣe awari. Gba dun ara ẹ!",
	"Turtle.helpText10Reddit": "Lo bọtini \"Wo ibi iṣafiha fọto \" lati ri ohun ti awọn eniyan miiran ti ko. Ti o ba kọ nkan ti o dara, lo bọtini \"Firanṣẹ si ibi iṣafiha fọto \" lati gbejade.",
	"Turtle.helpToolbox": "Yan ẹka kan lati wo awọn bulọọki",
	"Movie.x": "x",
	"Movie.y": "y",
	"Movie.x1": "beere x",
	"Movie.y1": "beere y",
	"Movie.x2": "pari x",
	"Movie.y2": "pari y",
	"Movie.radius": "Ila arin",
	"Movie.width": "fífẹ̀sí",
	"Movie.height": "gígasí",
	"Movie.circleTooltip": "Ya iyika kan ni ipo ti a ti yan ati pẹlu iwọn ila arin ti o wa.",
	"Movie.circleDraw": "ayika",
	"Movie.rectTooltip": "Ya onigun mẹẹrin kan ni ipo ti a ti yan ati pẹlu iwọn fiife ati giga.",
	"Movie.rectDraw": "onigun mẹrin",
	"Movie.lineTooltip": "Fa ila kan lati ojuami kan si omiran pẹlu iwọn fiife kan.",
	"Movie.lineDraw": "ila",
	"Movie.timeTooltip": "Da akoko tio wa yii pada ninu aworan (0-100).",
	"Movie.colourTooltip": "Ṣe ayipada si awọ ohun ikọwe",
	"Movie.setColour": "ṣeto awọ si",
	"Movie.submitDisabled": "Fiimu rẹ ko lo siwaju. Lo awọn bulọọki lati ṣe nkan ti o joju. Lẹhinna o le fi fiimu rẹ sowo si ibi iṣafiha fọto.",
	"Movie.galleryTooltip": "Ṣii ibi aworan ti awọn sinima.",
	"Movie.galleryMsg": "Wo ibi iṣafiha fọto",
	"Movie.submitTooltip": "Fi fiimu rẹ sowo si ibi iṣafiha.",
	"Movie.submitMsg": "Firanṣẹ si ibi iṣafiha fọto",
	"Movie.helpLayer": "Sun agbetẹlẹ iyika si oke ti eto rẹ. Lẹhinna yoo farahan lẹhin eniyan naa.",
	"Movie.helpText1": "Lo awọn ọna ti o rọrun lati ya eniyan yii.",
	"Movie.helpText2a": "Ipele yii jẹ fiimu. O fẹ ki apa ẹni naa gba oju iworan koja. Tẹ bọtini ere lati wo awotẹlẹ",
	"Movie.helpText2b": "Bi fiimu naa ṣe n ṣiṣẹ, iye 'akoko' bulooki yoo ka lati ori 0 si 100. Niwon igbati ti o fẹ ipo 'y' ti apa lati bẹrẹ ni 0 ati lọ si 100 o yẹ ki o rọrun.",
	"Movie.helpText3": "Aago 'akoko' naa nkaa lati 0 si 100. Ṣugbọn nisisiyi o fẹ ipo 'y' ti apa miiran bẹrẹ ni 100 ati lọ si 0. Njẹ o le ṣafọri agbekalẹ isiro kan ti o si si itọnisọna naa?",
	"Movie.helpText4": "Lo ohun ti o kọọ ni ipele ti o koja lati ṣe awọn ẹsẹ ti se agbelebu.",
	"Movie.helpText5": "Ilana isiro fun apa jẹ ohun idiju. Eyi ni idahun naa:",
	"Movie.helpText6": "Fun eniyan ni ọwọ melo kan.",
	"Movie.helpText7": "Lo bọtini 'bi' lati ya ori kekere kan fun idaji akọkọ ti fiimu naa. Lẹhinna ya ori nla kan fun idaji keji ti fiimu naa.",
	"Movie.helpText8": "Ṣe awọn ese naa yi ọna won pada ni agbede meji nipasẹ fiimu naa.",
	"Movie.helpText9": "Fa ila ti o tobi sii lẹhin ẹniyan naa.",
	"Movie.helpText10": "Ṣe fiimu lori ti ohunkohun ti o fẹ. O ni opolopo bulọọki tuntun ti o le ṣe awari Gba dun ara ẹ!",
	"Movie.helpText10Reddit": "Lo bọtini \"Wo ibi iṣafiha fọto \" lati ri ohun ti awọn eniyan miiran ti ko. Ti o ba kọ nkan ti o dara, lo bọtini \"Firanṣẹ si ibi iṣafiha fọto \" lati gbejade.",
	"Music.playNoteTooltip": "Tẹ orin akọsilẹ kan ni iye akoko ati iru ohun.",
	"Music.playNote": "tẹ %1 akosile %2",
	"Music.restTooltip": "Duro fun akoko kan pato.",
	"Music.restWholeTooltip": "Duro fun akọsilẹ ọkan kan.",
	"Music.rest": "sinmi %1",
	"Music.setInstrumentTooltip": "Yipada si ohun elo orin kan pato nigbati o ba n ṣilẹkọ awọn akọsilẹ orin.",
	"Music.setInstrument": "ṣeto ohun elo orin si %1",
	"Music.startTooltip": "Ṣẹ awọn bulọọki ninu nigba ti o ba tẹ bọtini 'Ṣe Eto'.",
	"Music.start": "nigbati %1 tẹ",
	"Music.pitchTooltip": "Akosile kan (C4 jẹ 7).",
	"Music.firstPart": "abala akọkọ",
	"Music.piano": "duuru",
	"Music.trumpet": "ipè",
	"Music.banjo": "banjo",
	"Music.violin": "violini",
	"Music.guitar": "gita",
	"Music.flute": "feere",
	"Music.drum": "ilu",
	"Music.choir": "akorin",
	"Music.submitDisabled": "Ṣe eto titi ti yoo fi duro. Lẹhinna o le fi orin rẹ silẹ si ibi iṣafiha.",
	"Music.galleryTooltip": "Ṣii awọn ibi iṣafiha orin.",
	"Music.galleryMsg": "Wo ibi iṣafiha fọto",
	"Music.submitTooltip": "Fi orin rẹ sowo si ibi iṣafiha orin.",
	"Music.submitMsg": "Firanṣẹ si ibi iṣafiha fọto",
	"Music.helpUseFunctions": "Iṣẹ ojutu rẹ ṣiṣẹ, ṣugbọn o le ṣe dara jubẹ lọ. Lo awọn iṣe lati ṣẹ dinku iye koodu ti o tun tẹ.",
	"Music.helpUseInstruments": "Orin yoo dun dada si ti o ba lo ohun elo orin miiran ni ibere eyikeyi bulooki.",
	"Music.helpText1": "Ṣe asajọ awọn akọsilẹ mẹrin ti 'Frère Jacques'.",
	"Music.helpText2a": "'Iṣẹ' kan faye gba ọ lati ṣe akojọpọ awọn bulooki ohun pọ, lẹhinna ṣe wọn siwaju ju ẹẹkan lọ.",
	"Music.helpText2b": "Ṣẹda iṣẹ lati tẹ awọn akọsilẹ mẹrin akọkọ ti 'Frère Jacques'. Ṣe iṣẹ naa lẹmeji. Mase fi awọn bulọọki tuntun eyikeyi kun.",
	"Music.helpText3": "Ṣẹda iṣẹ keji fun aaye ti o tẹle ti 'Frère Jacques'. Akọsilẹ ti o kẹhin jẹ gun.",
	"Music.helpText4": "Ṣẹda iṣẹ kẹta kan fun abala tio kan  ti 'Frère Jacques'. Awọn akọsilẹ mẹrin akọkọ jẹ kukuru.",
	"Music.helpText5": "Pari ohun orin ni kikun ti 'Frère Jacques'.",
	"Music.helpText6a": "Bulọọki tuntun yii jẹ ki o se ayipada si ohun elo miiran.",
	"Music.helpText6b": "Tẹ ohun orin rẹ pẹlu violini",
	"Music.helpText7a": "Bulọọki tuntun yii ṣe afikun idaduro",
	"Music.helpText7b": "Ṣẹda keji bulọọki ti o beere ti o ni bulọọki idaduro meji, lẹhinna tun tẹ 'Frère Jacques'.",
	"Music.helpText8": "Ibẹrẹ kọọkan gbọdọ tẹ 'Frère Jacques' lẹẹmeji",
	"Music.helpText9": "Ṣẹda awọn bulọọki ibere mẹẹrin ti ọkọọkan yoo tẹ lẹẹmeji. Ṣe afikun  awọn ojulowo nọmba ti bulọọki idaduro.",
	"Music.helpText10": "Ṣe asajọ ohunkohun ti o fẹ. O  ni nọmba ti opọ fun awọn bulọọki tuntun ti o le ṣe awari. Gbadun ara ẹ!",
	"Music.helpText10Reddit": "Lo bọtini \"Wo ibi iṣafiha fọto \" lati ri ohun ti awọn eniyan miiran ti ko. Ti o ba kọ nkan ti o dara, lo bọtini \"Firanṣẹ si ibi iṣafiha fọto \" lati gbejade.",
	"Pond.scanTooltip": "Ṣayẹwo fun awọn ọta. Wa itọsọna kan pato (0-360). Da ijinna pada si ọta ti o sunmọ julọ ni ọna yii. Da Infiniti ti ko ba si ọta kankan.",
	"Pond.cannonTooltip": "Yin ibon naa. Wa itona kan pato (0-360) ati sakani (0-70).",
	"Pond.swimTooltip": "Wẹ siwaju. Wa itona kan pato (0-360).",
	"Pond.stopTooltip": "Da iwẹ duro. Oludije yoo daa duro diẹ diẹ.",
	"Pond.healthTooltip": "Da ilera oludije naa lọwọlọwọ pada (0 ti ku, 100 ni ilera).",
	"Pond.speedTooltip": "Da iyara oludije naa lọwọlọwọ pada (0 o ti duro, 100 o wa iyara kikun).",
	"Pond.locXTooltip": "Da X naa pada se akoso oludije naa (0 je igun apa osi, 100 je igun apa osi).",
	"Pond.locYTooltip": "Da Y naa pada se akoso oludije naa (0 je igun isale, 100 je igun oke).",
	"Pond.docsTooltip": "Ṣe afihan awọn Iwe akosilẹ ede.",
	"Pond.documentation": "Iwe akosilẹ",
	"Pond.playerName": "Oludije",
	"Pond.targetName": "Afojusun",
	"Pond.pendulumName": "Iwọn",
	"Pond.scaredName": "Olusare",
	"Pond.helpUseScan": "Iṣẹ ojutu rẹ ṣiṣẹ, ṣugbọn o le ṣe dada sii. Lo 'ayẹwo' lati sọ bi ibon naa se rin jina to.",
	"Pond.helpText1": "Lo aṣẹ 'ibon' lati ba awọn afojusun naa. Ipele akọkọ jẹ igun naa, ipele keji ni sakani. Wa ajosepo to gun rege.",
	"Pond.helpText2": "Afojusun yii nilo lati lu ni ọpọlọpọ igba. Lo 'nigbati (otitọ) 'lupu lati ṣe nkan ni kiakia.",
	"Pond.helpText3a": "Alatako yii n lọ sẹyin ati siwaju, jẹ o ko ṣòro lati lu. Ọrọ 'ayẹwo' naa tun da ibi gangan pada si ibi ti ialatako ni ọna kan pàtó.",
	"Pond.helpText3b": "Ibi afojusun yi jẹ ohun gangan ti aṣẹ 'ibọn' nilo lati tan ni deede.",
	"Pond.helpText4": "Alatako yi jina ju lati lo ibọn (ti o ni odiwọn of 70 mitta). Dipo, lo asẹ 'iwe' lati beere iwe wiwe si odo alatako ki o wọ inu rẹ lọ.",
	"Pond.helpText5": "Alatako yi jina ju lati lo ibọn. Sugbọn o ko ni okun lati yẹẹ ti o ba forigbari. Wẹ lo sọdọ alatako nigbati ibi ti o wa ko to 50. Leyinna da 'duro' ki o si lo ibọn.",
	"Pond.helpText6": "Alatako yi yoo lọ kuro nigbati o ba lu. Wẹ lọ si ọna ti o ba wa ni ibiti a ti le ri (70 mitta).",
	"Pond.rabbitName": "Ehoro",
	"Pond.counterName": "Ṣe lodi",
	"Pond.rookName": "Ruku",
	"Pond.sniperName": "Ayanbon",
	"Gallery": "Iṣafiha"
}
